# Blender 4.3.2
# www.blender.org
mtllib map.mtl
o Plane
v -5.000000 5.000000 0.000000
v -5.000000 -5.000000 0.000000
v 5.000000 5.000000 0.000000
v 5.000000 -5.000000 0.000000
v 4.900000 4.900000 0.000000
v -4.900000 4.900000 0.000000
v -4.900000 -4.900000 0.000000
v 4.900000 -4.900000 0.000000
v 5.000000 5.000000 0.000000
v -5.000000 5.000000 0.000000
v -5.000000 -5.000000 0.000000
v 5.000000 -5.000000 0.000000
v 5.000000 5.000000 1.500000
v -5.000000 5.000000 1.500000
v -5.000000 -5.000000 1.500000
v 5.000000 -5.000000 1.500000
v 4.900000 4.900000 1.500000
v -4.900000 4.900000 1.500000
v -4.900000 -4.900000 1.500000
v 4.900000 -4.900000 1.500000
v -5.000000 4.803922 0.000000
v -5.000000 4.607843 0.000000
v -5.000000 4.411765 0.000000
v -5.000000 4.215687 0.000000
v -5.000000 4.019608 0.000000
v -5.000000 3.823529 0.000000
v -5.000000 3.627451 0.000000
v -5.000000 3.431373 0.000000
v -5.000000 3.235295 0.000000
v -5.000000 3.039216 0.000000
v -5.000000 2.843138 0.000000
v -5.000000 2.647059 0.000000
v -5.000000 2.450981 0.000000
v -5.000000 2.254902 0.000000
v -5.000000 2.058824 0.000000
v -5.000000 1.862746 0.000000
v -5.000000 1.666667 0.000000
v -5.000000 1.470588 0.000000
v -5.000000 1.274510 0.000000
v -5.000000 1.078431 0.000000
v -5.000000 0.882353 0.000000
v -5.000000 0.686275 0.000000
v -5.000000 0.490196 0.000000
v -5.000000 0.294118 0.000000
v -5.000000 0.098039 0.000000
v -5.000000 -0.098039 0.000000
v -5.000000 -0.294117 0.000000
v -5.000000 -0.490196 0.000000
v -5.000000 -0.686274 0.000000
v -5.000000 -0.882353 0.000000
v -5.000000 -1.078431 0.000000
v -5.000000 -1.274510 0.000000
v -5.000000 -1.470588 0.000000
v -5.000000 -1.666667 0.000000
v -5.000000 -1.862745 0.000000
v -5.000000 -2.058823 0.000000
v -5.000000 -2.254901 0.000000
v -5.000000 -2.450980 0.000000
v -5.000000 -2.647059 0.000000
v -5.000000 -2.843137 0.000000
v -5.000000 -3.039216 0.000000
v -5.000000 -3.235294 0.000000
v -5.000000 -3.431373 0.000000
v -5.000000 -3.627451 0.000000
v -5.000000 -3.823529 0.000000
v -5.000000 -4.019608 0.000000
v -5.000000 -4.215686 0.000000
v -5.000000 -4.411765 0.000000
v -5.000000 -4.607843 0.000000
v -5.000000 -4.803922 0.000000
v 5.000000 -4.803922 0.000000
v 5.000000 -4.607843 0.000000
v 5.000000 -4.411765 0.000000
v 5.000000 -4.215687 0.000000
v 5.000000 -4.019608 0.000000
v 5.000000 -3.823529 0.000000
v 5.000000 -3.627451 0.000000
v 5.000000 -3.431373 0.000000
v 5.000000 -3.235295 0.000000
v 5.000000 -3.039216 0.000000
v 5.000000 -2.843138 0.000000
v 5.000000 -2.647059 0.000000
v 5.000000 -2.450981 0.000000
v 5.000000 -2.254902 0.000000
v 5.000000 -2.058824 0.000000
v 5.000000 -1.862746 0.000000
v 5.000000 -1.666667 0.000000
v 5.000000 -1.470588 0.000000
v 5.000000 -1.274510 0.000000
v 5.000000 -1.078431 0.000000
v 5.000000 -0.882353 0.000000
v 5.000000 -0.686275 0.000000
v 5.000000 -0.490196 0.000000
v 5.000000 -0.294118 0.000000
v 5.000000 -0.098039 0.000000
v 5.000000 0.098039 0.000000
v 5.000000 0.294117 0.000000
v 5.000000 0.490196 0.000000
v 5.000000 0.686274 0.000000
v 5.000000 0.882353 0.000000
v 5.000000 1.078431 0.000000
v 5.000000 1.274510 0.000000
v 5.000000 1.470588 0.000000
v 5.000000 1.666667 0.000000
v 5.000000 1.862745 0.000000
v 5.000000 2.058823 0.000000
v 5.000000 2.254901 0.000000
v 5.000000 2.450980 0.000000
v 5.000000 2.647059 0.000000
v 5.000000 2.843137 0.000000
v 5.000000 3.039216 0.000000
v 5.000000 3.235294 0.000000
v 5.000000 3.431373 0.000000
v 5.000000 3.627451 0.000000
v 5.000000 3.823529 0.000000
v 5.000000 4.019608 0.000000
v 5.000000 4.215686 0.000000
v 5.000000 4.411765 0.000000
v 5.000000 4.607843 0.000000
v 5.000000 4.803922 0.000000
v -5.000000 4.803922 0.000000
v -5.000000 4.607843 0.000000
v -5.000000 4.411765 0.000000
v -5.000000 4.215687 0.000000
v -5.000000 4.019608 0.000000
v -5.000000 3.823529 0.000000
v -5.000000 3.627451 0.000000
v -5.000000 3.431373 0.000000
v -5.000000 3.235295 0.000000
v -5.000000 3.039216 0.000000
v -5.000000 2.843138 0.000000
v -5.000000 2.647059 0.000000
v -5.000000 2.450981 0.000000
v -5.000000 2.254902 0.000000
v -5.000000 2.058824 0.000000
v -5.000000 1.862746 0.000000
v -5.000000 1.666667 0.000000
v -5.000000 1.470588 0.000000
v -5.000000 1.274510 0.000000
v -5.000000 1.078431 0.000000
v -5.000000 0.882353 0.000000
v -5.000000 0.686275 0.000000
v -5.000000 0.490196 0.000000
v -5.000000 0.294118 0.000000
v -5.000000 0.098039 0.000000
v -5.000000 -0.098039 0.000000
v -5.000000 -0.294117 0.000000
v -5.000000 -0.490196 0.000000
v -5.000000 -0.686274 0.000000
v -5.000000 -0.882353 0.000000
v -5.000000 -1.078431 0.000000
v -5.000000 -1.274510 0.000000
v -5.000000 -1.470588 0.000000
v -5.000000 -1.666667 0.000000
v -5.000000 -1.862745 0.000000
v -5.000000 -2.058823 0.000000
v -5.000000 -2.254901 0.000000
v -5.000000 -2.450980 0.000000
v -5.000000 -2.647059 0.000000
v -5.000000 -2.843137 0.000000
v -5.000000 -3.039216 0.000000
v -5.000000 -3.235294 0.000000
v -5.000000 -3.431373 0.000000
v -5.000000 -3.627451 0.000000
v -5.000000 -3.823529 0.000000
v -5.000000 -4.019608 0.000000
v -5.000000 -4.215686 0.000000
v -5.000000 -4.411765 0.000000
v -5.000000 -4.607843 0.000000
v -5.000000 -4.803922 0.000000
v 5.000000 -4.803922 0.000000
v 5.000000 -4.607843 0.000000
v 5.000000 -4.411765 0.000000
v 5.000000 -4.215687 0.000000
v 5.000000 -4.019608 0.000000
v 5.000000 -3.823529 0.000000
v 5.000000 -3.627451 0.000000
v 5.000000 -3.431373 0.000000
v 5.000000 -3.235295 0.000000
v 5.000000 -3.039216 0.000000
v 5.000000 -2.843138 0.000000
v 5.000000 -2.647059 0.000000
v 5.000000 -2.450981 0.000000
v 5.000000 -2.254902 0.000000
v 5.000000 -2.058824 0.000000
v 5.000000 -1.862746 0.000000
v 5.000000 -1.666667 0.000000
v 5.000000 -1.470588 0.000000
v 5.000000 -1.274510 0.000000
v 5.000000 -1.078431 0.000000
v 5.000000 -0.882353 0.000000
v 5.000000 -0.686275 0.000000
v 5.000000 -0.490196 0.000000
v 5.000000 -0.294118 0.000000
v 5.000000 -0.098039 0.000000
v 5.000000 0.098039 0.000000
v 5.000000 0.294117 0.000000
v 5.000000 0.490196 0.000000
v 5.000000 0.686274 0.000000
v 5.000000 0.882353 0.000000
v 5.000000 1.078431 0.000000
v 5.000000 1.274510 0.000000
v 5.000000 1.470588 0.000000
v 5.000000 1.666667 0.000000
v 5.000000 1.862745 0.000000
v 5.000000 2.058823 0.000000
v 5.000000 2.254901 0.000000
v 5.000000 2.450980 0.000000
v 5.000000 2.647059 0.000000
v 5.000000 2.843137 0.000000
v 5.000000 3.039216 0.000000
v 5.000000 3.235294 0.000000
v 5.000000 3.431373 0.000000
v 5.000000 3.627451 0.000000
v 5.000000 3.823529 0.000000
v 5.000000 4.019608 0.000000
v 5.000000 4.215686 0.000000
v 5.000000 4.411765 0.000000
v 5.000000 4.607843 0.000000
v 5.000000 4.803922 0.000000
v -4.900000 4.707843 0.000000
v -4.900000 4.515687 0.000000
v -4.900000 4.323530 0.000000
v -2.594118 3.939216 -0.000002
v -2.786275 3.939216 -0.000002
v -4.900000 3.747059 0.000000
v -4.900000 3.554902 0.000000
v -4.900000 3.362745 0.000000
v -4.900000 3.170588 0.000000
v -4.900000 2.978432 0.000000
v -4.900000 2.786275 0.000000
v -4.900000 2.594118 0.000000
v -4.900000 2.401961 0.000000
v -4.900000 2.209805 0.000000
v -4.900000 2.017648 0.000000
v -4.900000 1.825491 0.000000
v -4.900000 1.633334 0.000000
v -4.900000 1.441177 0.000000
v -4.900000 1.249020 0.000000
v -4.900000 1.056863 0.000000
v -4.900000 0.864706 0.000000
v -4.900000 0.672549 0.000000
v -4.900000 0.480392 0.000000
v -4.900000 0.288236 0.000000
v -4.900000 0.096079 0.000000
v -4.900000 -0.096078 0.000000
v -4.900000 -0.288235 0.000000
v -4.900000 -0.480392 0.000000
v -4.900000 -0.672549 0.000000
v -4.900000 -0.864706 0.000000
v -4.900000 -1.056863 0.000000
v -4.900000 -1.249020 0.000000
v -4.900000 -1.441177 0.000000
v -4.900000 -1.633334 0.000000
v -4.900000 -1.825490 0.000000
v -4.900000 -2.017647 0.000000
v -4.900000 -2.209804 0.000000
v -4.900000 -2.401961 0.000000
v -4.900000 -2.594118 0.000000
v -4.900000 -2.786274 0.000000
v -4.900000 -2.978432 0.000000
v -4.900000 -3.170588 0.000000
v -4.900000 -3.362745 0.000000
v -4.900000 -3.554902 0.000000
v -4.900000 -3.747059 0.000000
v -4.900000 -3.939216 0.000000
v -4.900000 -4.131372 0.000000
v -4.900000 -4.323530 0.000000
v -4.900000 -4.515687 0.000000
v -4.900000 -4.707843 0.000000
v 4.900000 -4.707843 0.000000
v 4.900000 -4.515687 0.000000
v 4.900000 -4.323530 0.000000
v 4.900000 -4.131372 0.000000
v 4.900000 -3.939216 0.000000
v 4.900000 -3.747059 0.000000
v 4.900000 -3.554902 0.000000
v 4.900000 -3.362745 0.000000
v 4.900000 -3.170588 0.000000
v 4.900000 -2.978432 0.000000
v 4.900000 -2.786275 0.000000
v 4.900000 -2.594118 0.000000
v 4.900000 -2.401961 0.000000
v 4.900000 -2.209805 0.000000
v 4.900000 -2.017648 0.000000
v 4.900000 -1.825491 0.000000
v 4.900000 -1.633334 0.000000
v 4.900000 -1.441177 0.000000
v 4.900000 -1.249020 0.000000
v 4.900000 -1.056863 0.000000
v 4.900000 -0.864706 0.000000
v 4.900000 -0.672549 0.000000
v 4.900000 -0.480392 0.000000
v 4.900000 -0.288236 0.000000
v 4.900000 -0.096079 0.000000
v 4.900000 0.096078 0.000000
v 4.900000 0.288235 0.000000
v 4.900000 0.480392 0.000000
v 4.900000 0.672549 0.000000
v 4.900000 0.864706 0.000000
v 4.900000 1.056863 0.000000
v 4.900000 1.249020 0.000000
v 4.900000 1.441177 0.000000
v 4.900000 1.633334 0.000000
v 4.900000 1.825490 0.000000
v 4.900000 2.017647 0.000000
v 4.900000 2.209804 0.000000
v 4.900000 2.401961 0.000000
v 4.900000 2.594118 0.000000
v 4.900000 2.786274 0.000000
v 4.900000 2.978432 0.000000
v 4.900000 3.170588 0.000000
v 4.900000 3.362745 0.000000
v 4.900000 3.554902 0.000000
v 4.900000 3.747059 0.000000
v 4.900000 3.939216 0.000000
v 4.900000 4.131372 0.000000
v 4.900000 4.323530 0.000000
v 4.900000 4.515687 0.000000
v 4.900000 4.707843 0.000000
v -5.000000 4.803922 1.500000
v -5.000000 4.607843 1.500000
v -5.000000 4.411765 1.500000
v -5.000000 4.215687 1.500000
v -5.000000 4.019608 1.500000
v -5.000000 3.823529 1.500000
v -5.000000 3.627451 1.500000
v -5.000000 3.431373 1.500000
v -5.000000 3.235295 1.500000
v -5.000000 3.039216 1.500000
v -5.000000 2.843138 1.500000
v -5.000000 2.647059 1.500000
v -5.000000 2.450981 1.500000
v -5.000000 2.254902 1.500000
v -5.000000 2.058824 1.500000
v -5.000000 1.862746 1.500000
v -5.000000 1.666667 1.500000
v -5.000000 1.470588 1.500000
v -5.000000 1.274510 1.500000
v -5.000000 1.078431 1.500000
v -5.000000 0.882353 1.500000
v -5.000000 0.686275 1.500000
v -5.000000 0.490196 1.500000
v -5.000000 0.294118 1.500000
v -5.000000 0.098039 1.500000
v -5.000000 -0.098039 1.500000
v -5.000000 -0.294117 1.500000
v -5.000000 -0.490196 1.500000
v -5.000000 -0.686274 1.500000
v -5.000000 -0.882353 1.500000
v -5.000000 -1.078431 1.500000
v -5.000000 -1.274510 1.500000
v -5.000000 -1.470588 1.500000
v -5.000000 -1.666667 1.500000
v -5.000000 -1.862745 1.500000
v -5.000000 -2.058823 1.500000
v -5.000000 -2.254901 1.500000
v -5.000000 -2.450980 1.500000
v -5.000000 -2.647059 1.500000
v -5.000000 -2.843137 1.500000
v -5.000000 -3.039216 1.500000
v -5.000000 -3.235294 1.500000
v -5.000000 -3.431373 1.500000
v -5.000000 -3.627451 1.500000
v -5.000000 -3.823529 1.500000
v -5.000000 -4.019608 1.500000
v -5.000000 -4.215686 1.500000
v -5.000000 -4.411765 1.500000
v -5.000000 -4.607843 1.500000
v -5.000000 -4.803922 1.500000
v 5.000000 -4.803922 1.500000
v 5.000000 -4.607843 1.500000
v 5.000000 -4.411765 1.500000
v 5.000000 -4.215687 1.500000
v 5.000000 -4.019608 1.500000
v 5.000000 -3.823529 1.500000
v 5.000000 -3.627451 1.500000
v 5.000000 -3.431373 1.500000
v 5.000000 -3.235295 1.500000
v 5.000000 -3.039216 1.500000
v 5.000000 -2.843138 1.500000
v 5.000000 -2.647059 1.500000
v 5.000000 -2.450981 1.500000
v 5.000000 -2.254902 1.500000
v 5.000000 -2.058824 1.500000
v 5.000000 -1.862746 1.500000
v 5.000000 -1.666667 1.500000
v 5.000000 -1.470588 1.500000
v 5.000000 -1.274510 1.500000
v 5.000000 -1.078431 1.500000
v 5.000000 -0.882353 1.500000
v 5.000000 -0.686275 1.500000
v 5.000000 -0.490196 1.500000
v 5.000000 -0.294118 1.500000
v 5.000000 -0.098039 1.500000
v 5.000000 0.098039 1.500000
v 5.000000 0.294117 1.500000
v 5.000000 0.490196 1.500000
v 5.000000 0.686274 1.500000
v 5.000000 0.882353 1.500000
v 5.000000 1.078431 1.500000
v 5.000000 1.274510 1.500000
v 5.000000 1.470588 1.500000
v 5.000000 1.666667 1.500000
v 5.000000 1.862745 1.500000
v 5.000000 2.058823 1.500000
v 5.000000 2.254901 1.500000
v 5.000000 2.450980 1.500000
v 5.000000 2.647059 1.500000
v 5.000000 2.843137 1.500000
v 5.000000 3.039216 1.500000
v 5.000000 3.235294 1.500000
v 5.000000 3.431373 1.500000
v 5.000000 3.627451 1.500000
v 5.000000 3.823529 1.500000
v 5.000000 4.019608 1.500000
v 5.000000 4.215686 1.500000
v 5.000000 4.411765 1.500000
v 5.000000 4.607843 1.500000
v 5.000000 4.803922 1.500000
v -4.900000 4.707843 1.500000
v -4.900000 4.515687 1.500000
v -4.900000 4.323530 1.500000
v -4.900000 4.131372 1.500000
v -4.900000 3.939216 1.500000
v -4.900000 3.747059 1.500000
v -4.900000 3.554902 1.500000
v -4.900000 3.362745 1.500000
v -4.900000 3.170588 1.500000
v -4.900000 2.978432 1.500000
v -4.900000 2.786275 1.500000
v -4.900000 2.594118 1.500000
v -4.900000 2.401961 1.500000
v -4.900000 2.209805 1.500000
v -4.900000 2.017648 1.500000
v -4.900000 1.825491 1.500000
v -4.900000 1.633334 1.500000
v -4.900000 1.441177 1.500000
v -4.900000 1.249020 1.500000
v -4.900000 1.056863 1.500000
v -4.900000 0.864706 1.500000
v -4.900000 0.672549 1.500000
v -4.900000 0.480392 1.500000
v -4.900000 0.288236 1.500000
v -4.900000 0.096079 1.500000
v -4.900000 -0.096078 1.500000
v -4.900000 -0.288235 1.500000
v -4.900000 -0.480392 1.500000
v -4.900000 -0.672549 1.500000
v -4.900000 -0.864706 1.500000
v -4.900000 -1.056863 1.500000
v -4.900000 -1.249020 1.500000
v -4.900000 -1.441177 1.500000
v -4.900000 -1.633334 1.500000
v -4.900000 -1.825490 1.500000
v -4.900000 -2.017647 1.500000
v -4.900000 -2.209804 1.500000
v -4.900000 -2.401961 1.500000
v -4.900000 -2.594118 1.500000
v -4.900000 -2.786274 1.500000
v -4.900000 -2.978432 1.500000
v -4.900000 -3.170588 1.500000
v -4.900000 -3.362745 1.500000
v -4.900000 -3.554902 1.500000
v -4.900000 -3.747059 1.500000
v -4.900000 -3.939216 1.500000
v -4.900000 -4.131372 1.500000
v -4.900000 -4.323530 1.500000
v -4.900000 -4.515687 1.500000
v -4.900000 -4.707843 1.500000
v 4.900000 -4.707843 1.500000
v 4.900000 -4.515687 1.500000
v 4.900000 -4.323530 1.500000
v 4.900000 -4.131372 1.500000
v 4.900000 -3.939216 1.500000
v 4.900000 -3.747059 1.500000
v 4.900000 -3.554902 1.500000
v 4.900000 -3.362745 1.500000
v 4.900000 -3.170588 1.500000
v 4.900000 -2.978432 1.500000
v 4.900000 -2.786275 1.500000
v 4.900000 -2.594118 1.500000
v 4.900000 -2.401961 1.500000
v 4.900000 -2.209805 1.500000
v 4.900000 -2.017648 1.500000
v 4.900000 -1.825491 1.500000
v 4.900000 -1.633334 1.500000
v 4.900000 -1.441177 1.500000
v 4.900000 -1.249020 1.500000
v 4.900000 -1.056863 1.500000
v 4.900000 -0.864706 1.500000
v 4.900000 -0.672549 1.500000
v 4.900000 -0.480392 1.500000
v 4.900000 -0.288236 1.500000
v 4.900000 -0.096079 1.500000
v 4.900000 0.096078 1.500000
v 4.900000 0.288235 1.500000
v 4.900000 0.480392 1.500000
v 4.900000 0.672549 1.500000
v 4.900000 0.864706 1.500000
v 4.900000 1.056863 1.500000
v 4.900000 1.249020 1.500000
v 4.900000 1.441177 1.500000
v 4.900000 1.633334 1.500000
v 4.900000 1.825490 1.500000
v 4.900000 2.017647 1.500000
v 4.900000 2.209804 1.500000
v 4.900000 2.401961 1.500000
v 4.900000 2.594118 1.500000
v 4.900000 2.786274 1.500000
v 4.900000 2.978432 1.500000
v 4.900000 3.170588 1.500000
v 4.900000 3.362745 1.500000
v 4.900000 3.554902 1.500000
v 4.900000 3.747059 1.500000
v 4.900000 3.939216 1.500000
v 4.900000 4.131372 1.500000
v 4.900000 4.323530 1.500000
v 4.900000 4.515687 1.500000
v 4.900000 4.707843 1.500000
v 4.803922 5.000000 0.000000
v 4.607843 5.000000 0.000000
v 4.411765 5.000000 0.000000
v 4.215687 5.000000 0.000000
v 4.019608 5.000000 0.000000
v 3.823529 5.000000 0.000000
v 3.627451 5.000000 0.000000
v 3.431373 5.000000 0.000000
v 3.235295 5.000000 0.000000
v 3.039216 5.000000 0.000000
v 2.843138 5.000000 0.000000
v 2.647059 5.000000 0.000000
v 2.450981 5.000000 0.000000
v 2.254902 5.000000 0.000000
v 2.058824 5.000000 0.000000
v 1.862746 5.000000 0.000000
v 1.666667 5.000000 0.000000
v 1.470588 5.000000 0.000000
v 1.274510 5.000000 0.000000
v 1.078431 5.000000 0.000000
v 0.882353 5.000000 0.000000
v 0.686275 5.000000 0.000000
v 0.490196 5.000000 0.000000
v 0.294118 5.000000 0.000000
v 0.098039 5.000000 0.000000
v -0.098039 5.000000 0.000000
v -0.294117 5.000000 0.000000
v -0.490196 5.000000 0.000000
v -0.686274 5.000000 0.000000
v -0.882353 5.000000 0.000000
v -1.078431 5.000000 0.000000
v -1.274510 5.000000 0.000000
v -1.470588 5.000000 0.000000
v -1.666667 5.000000 0.000000
v -1.862745 5.000000 0.000000
v -2.058823 5.000000 0.000000
v -2.254901 5.000000 0.000000
v -2.450980 5.000000 0.000000
v -2.647059 5.000000 0.000000
v -2.843137 5.000000 0.000000
v -3.039216 5.000000 0.000000
v -3.235294 5.000000 0.000000
v -3.431373 5.000000 0.000000
v -3.627451 5.000000 0.000000
v -3.823529 5.000000 0.000000
v -4.019608 5.000000 0.000000
v -4.215686 5.000000 0.000000
v -4.411765 5.000000 0.000000
v -4.607843 5.000000 0.000000
v -4.803922 5.000000 0.000000
v -4.803922 -5.000000 0.000000
v -4.607843 -5.000000 0.000000
v -4.411765 -5.000000 0.000000
v -4.215687 -5.000000 0.000000
v -4.019608 -5.000000 0.000000
v -3.823529 -5.000000 0.000000
v -3.627451 -5.000000 0.000000
v -3.431373 -5.000000 0.000000
v -3.235295 -5.000000 0.000000
v -3.039216 -5.000000 0.000000
v -2.843138 -5.000000 0.000000
v -2.647059 -5.000000 0.000000
v -2.450981 -5.000000 0.000000
v -2.254902 -5.000000 0.000000
v -2.058824 -5.000000 0.000000
v -1.862746 -5.000000 0.000000
v -1.666667 -5.000000 0.000000
v -1.470588 -5.000000 0.000000
v -1.274510 -5.000000 0.000000
v -1.078431 -5.000000 0.000000
v -0.882353 -5.000000 0.000000
v -0.686275 -5.000000 0.000000
v -0.490196 -5.000000 0.000000
v -0.294118 -5.000000 0.000000
v -0.098039 -5.000000 0.000000
v 0.098039 -5.000000 0.000000
v 0.294117 -5.000000 0.000000
v 0.490196 -5.000000 0.000000
v 0.686274 -5.000000 0.000000
v 0.882353 -5.000000 0.000000
v 1.078431 -5.000000 0.000000
v 1.274510 -5.000000 0.000000
v 1.470588 -5.000000 0.000000
v 1.666667 -5.000000 0.000000
v 1.862745 -5.000000 0.000000
v 2.058823 -5.000000 0.000000
v 2.254901 -5.000000 0.000000
v 2.450980 -5.000000 0.000000
v 2.647059 -5.000000 0.000000
v 2.843137 -5.000000 0.000000
v 3.039216 -5.000000 0.000000
v 3.235294 -5.000000 0.000000
v 3.431373 -5.000000 0.000000
v 3.627451 -5.000000 0.000000
v 3.823529 -5.000000 0.000000
v 4.019608 -5.000000 0.000000
v 4.215686 -5.000000 0.000000
v 4.411765 -5.000000 0.000000
v 4.607843 -5.000000 0.000000
v 4.803922 -5.000000 0.000000
v 4.803922 5.000000 0.000000
v 4.607843 5.000000 0.000000
v 4.411765 5.000000 0.000000
v 4.215687 5.000000 0.000000
v 4.019608 5.000000 0.000000
v 3.823529 5.000000 0.000000
v 3.627451 5.000000 0.000000
v 3.431373 5.000000 0.000000
v 3.235295 5.000000 0.000000
v 3.039216 5.000000 0.000000
v 2.843138 5.000000 0.000000
v 2.647059 5.000000 0.000000
v 2.450981 5.000000 0.000000
v 2.254902 5.000000 0.000000
v 2.058824 5.000000 0.000000
v 1.862746 5.000000 0.000000
v 1.666667 5.000000 0.000000
v 1.470588 5.000000 0.000000
v 1.274510 5.000000 0.000000
v 1.078431 5.000000 0.000000
v 0.882353 5.000000 0.000000
v 0.686275 5.000000 0.000000
v 0.490196 5.000000 0.000000
v 0.294118 5.000000 0.000000
v 0.098039 5.000000 0.000000
v -0.098039 5.000000 0.000000
v -0.294117 5.000000 0.000000
v -0.490196 5.000000 0.000000
v -0.686274 5.000000 0.000000
v -0.882353 5.000000 0.000000
v -1.078431 5.000000 0.000000
v -1.274510 5.000000 0.000000
v -1.470588 5.000000 0.000000
v -1.666667 5.000000 0.000000
v -1.862745 5.000000 0.000000
v -2.058823 5.000000 0.000000
v -2.254901 5.000000 0.000000
v -2.450980 5.000000 0.000000
v -2.647059 5.000000 0.000000
v -2.843137 5.000000 0.000000
v -3.039216 5.000000 0.000000
v -3.235294 5.000000 0.000000
v -3.431373 5.000000 0.000000
v -3.627451 5.000000 0.000000
v -3.823529 5.000000 0.000000
v -4.019608 5.000000 0.000000
v -4.215686 5.000000 0.000000
v -4.411765 5.000000 0.000000
v -4.607843 5.000000 0.000000
v -4.803922 5.000000 0.000000
v -4.803922 -5.000000 0.000000
v -4.607843 -5.000000 0.000000
v -4.411765 -5.000000 0.000000
v -4.215687 -5.000000 0.000000
v -4.019608 -5.000000 0.000000
v -3.823529 -5.000000 0.000000
v -3.627451 -5.000000 0.000000
v -3.431373 -5.000000 0.000000
v -3.235295 -5.000000 0.000000
v -3.039216 -5.000000 0.000000
v -2.843138 -5.000000 0.000000
v -2.647059 -5.000000 0.000000
v -2.450981 -5.000000 0.000000
v -2.254902 -5.000000 0.000000
v -2.058824 -5.000000 0.000000
v -1.862746 -5.000000 0.000000
v -1.666667 -5.000000 0.000000
v -1.470588 -5.000000 0.000000
v -1.274510 -5.000000 0.000000
v -1.078431 -5.000000 0.000000
v -0.882353 -5.000000 0.000000
v -0.686275 -5.000000 0.000000
v -0.490196 -5.000000 0.000000
v -0.294118 -5.000000 0.000000
v -0.098039 -5.000000 0.000000
v 0.098039 -5.000000 0.000000
v 0.294117 -5.000000 0.000000
v 0.490196 -5.000000 0.000000
v 0.686274 -5.000000 0.000000
v 0.882353 -5.000000 0.000000
v 1.078431 -5.000000 0.000000
v 1.274510 -5.000000 0.000000
v 1.470588 -5.000000 0.000000
v 1.666667 -5.000000 0.000000
v 1.862745 -5.000000 0.000000
v 2.058823 -5.000000 0.000000
v 2.254901 -5.000000 0.000000
v 2.450980 -5.000000 0.000000
v 2.647059 -5.000000 0.000000
v 2.843137 -5.000000 0.000000
v 3.039216 -5.000000 0.000000
v 3.235294 -5.000000 0.000000
v 3.431373 -5.000000 0.000000
v 3.627451 -5.000000 0.000000
v 3.823529 -5.000000 0.000000
v 4.019608 -5.000000 0.000000
v 4.215686 -5.000000 0.000000
v 4.411765 -5.000000 0.000000
v 4.607843 -5.000000 0.000000
v 4.803922 -5.000000 0.000000
v 4.707843 4.900000 0.000000
v 4.515687 4.900000 0.000000
v 4.323530 4.900000 0.000000
v 4.131372 4.900000 0.000000
v 3.939216 4.900000 0.000000
v 3.747059 4.900000 0.000000
v 3.554902 4.900000 0.000000
v 3.362745 4.900000 0.000000
v 3.170588 4.900000 0.000000
v 2.978432 4.900000 0.000000
v 2.786275 4.900000 0.000000
v 2.594118 4.900000 0.000000
v 2.401961 4.900000 0.000000
v 2.209805 4.900000 0.000000
v 2.017648 4.900000 0.000000
v 1.825491 4.900000 0.000000
v 1.633334 4.900000 0.000000
v 1.441177 4.900000 0.000000
v 1.249020 4.900000 0.000000
v 1.056863 4.900000 0.000000
v 0.864706 4.900000 0.000000
v 0.672549 4.900000 0.000000
v 0.480392 4.900000 0.000000
v 0.288236 4.900000 0.000000
v 0.096079 4.900000 0.000000
v -0.096078 4.900000 0.000000
v -0.288235 4.900000 0.000000
v -0.480392 4.900000 0.000000
v -0.672549 4.900000 0.000000
v -0.864706 4.900000 0.000000
v -1.056863 4.900000 0.000000
v -1.249020 4.900000 0.000000
v -1.441177 4.900000 0.000000
v -1.633334 4.900000 0.000000
v -1.825490 4.900000 0.000000
v -2.017647 4.900000 0.000000
v -2.209804 4.900000 0.000000
v -2.401961 4.900000 0.000000
v -2.594118 4.900000 0.000000
v -2.786274 4.900000 0.000000
v -2.978432 4.900000 0.000000
v -3.170588 4.900000 0.000000
v -3.362745 4.900000 0.000000
v -3.554902 4.900000 0.000000
v -3.747059 4.900000 0.000000
v -3.939216 4.900000 0.000000
v -4.131372 4.900000 0.000000
v -4.323530 4.900000 0.000000
v -4.515687 4.900000 0.000000
v -4.707843 4.900000 0.000000
v -4.707843 -4.900000 0.000000
v -4.515687 -4.900000 0.000000
v -4.323530 -4.900000 0.000000
v -4.131372 -4.900000 0.000000
v -3.939216 -4.900000 0.000000
v -3.747059 -4.900000 0.000000
v -3.554902 -4.900000 0.000000
v -3.362745 -4.900000 0.000000
v -3.170588 -4.900000 0.000000
v -2.978432 -4.900000 0.000000
v -2.786275 -4.900000 0.000000
v -2.594118 -4.900000 0.000000
v -2.401961 -4.900000 0.000000
v -2.209805 -4.900000 0.000000
v -2.017648 -4.900000 0.000000
v -1.825491 -4.900000 0.000000
v -1.633334 -4.900000 0.000000
v -1.441177 -4.900000 0.000000
v -1.249020 -4.900000 0.000000
v -1.056863 -4.900000 0.000000
v -0.864706 -4.900000 0.000000
v -0.672549 -4.900000 0.000000
v -0.480392 -4.900000 0.000000
v -0.288236 -4.900000 0.000000
v -0.096079 -4.900000 0.000000
v 0.096078 -4.900000 0.000000
v 0.288235 -4.900000 0.000000
v 0.480392 -4.900000 0.000000
v 0.672549 -4.900000 0.000000
v 0.864706 -4.900000 0.000000
v 1.056863 -4.900000 0.000000
v 1.249020 -4.900000 0.000000
v 1.441177 -4.900000 0.000000
v 1.633334 -4.900000 0.000000
v 1.825490 -4.900000 0.000000
v 2.017647 -4.900000 0.000000
v 2.209804 -4.900000 0.000000
v 2.401961 -4.900000 0.000000
v 2.594118 -4.900000 0.000000
v 2.786274 -4.900000 0.000000
v 2.978432 -4.900000 0.000000
v 3.170588 -4.900000 0.000000
v 3.362745 -4.900000 0.000000
v 3.554902 -4.900000 0.000000
v 3.747059 -4.900000 0.000000
v 3.939216 -4.900000 0.000000
v 4.131372 -4.900000 0.000000
v 4.323530 -4.900000 0.000000
v 4.515687 -4.900000 0.000000
v 4.707843 -4.900000 0.000000
v 4.803922 5.000000 1.500000
v 4.607843 5.000000 1.500000
v 4.411765 5.000000 1.500000
v 4.215687 5.000000 1.500000
v 4.019608 5.000000 1.500000
v 3.823529 5.000000 1.500000
v 3.627451 5.000000 1.500000
v 3.431373 5.000000 1.500000
v 3.235295 5.000000 1.500000
v 3.039216 5.000000 1.500000
v 2.843138 5.000000 1.500000
v 2.647059 5.000000 1.500000
v 2.450981 5.000000 1.500000
v 2.254902 5.000000 1.500000
v 2.058824 5.000000 1.500000
v 1.862746 5.000000 1.500000
v 1.666667 5.000000 1.500000
v 1.470588 5.000000 1.500000
v 1.274510 5.000000 1.500000
v 1.078431 5.000000 1.500000
v 0.882353 5.000000 1.500000
v 0.686275 5.000000 1.500000
v 0.490196 5.000000 1.500000
v 0.294118 5.000000 1.500000
v 0.098039 5.000000 1.500000
v -0.098039 5.000000 1.500000
v -0.294117 5.000000 1.500000
v -0.490196 5.000000 1.500000
v -0.686274 5.000000 1.500000
v -0.882353 5.000000 1.500000
v -1.078431 5.000000 1.500000
v -1.274510 5.000000 1.500000
v -1.470588 5.000000 1.500000
v -1.666667 5.000000 1.500000
v -1.862745 5.000000 1.500000
v -2.058823 5.000000 1.500000
v -2.254901 5.000000 1.500000
v -2.450980 5.000000 1.500000
v -2.647059 5.000000 1.500000
v -2.843137 5.000000 1.500000
v -3.039216 5.000000 1.500000
v -3.235294 5.000000 1.500000
v -3.431373 5.000000 1.500000
v -3.627451 5.000000 1.500000
v -3.823529 5.000000 1.500000
v -4.019608 5.000000 1.500000
v -4.215686 5.000000 1.500000
v -4.411765 5.000000 1.500000
v -4.607843 5.000000 1.500000
v -4.803922 5.000000 1.500000
v -4.803922 -5.000000 1.500000
v -4.607843 -5.000000 1.500000
v -4.411765 -5.000000 1.500000
v -4.215687 -5.000000 1.500000
v -4.019608 -5.000000 1.500000
v -3.823529 -5.000000 1.500000
v -3.627451 -5.000000 1.500000
v -3.431373 -5.000000 1.500000
v -3.235295 -5.000000 1.500000
v -3.039216 -5.000000 1.500000
v -2.843138 -5.000000 1.500000
v -2.647059 -5.000000 1.500000
v -2.450981 -5.000000 1.500000
v -2.254902 -5.000000 1.500000
v -2.058824 -5.000000 1.500000
v -1.862746 -5.000000 1.500000
v -1.666667 -5.000000 1.500000
v -1.470588 -5.000000 1.500000
v -1.274510 -5.000000 1.500000
v -1.078431 -5.000000 1.500000
v -0.882353 -5.000000 1.500000
v -0.686275 -5.000000 1.500000
v -0.490196 -5.000000 1.500000
v -0.294118 -5.000000 1.500000
v -0.098039 -5.000000 1.500000
v 0.098039 -5.000000 1.500000
v 0.294117 -5.000000 1.500000
v 0.490196 -5.000000 1.500000
v 0.686274 -5.000000 1.500000
v 0.882353 -5.000000 1.500000
v 1.078431 -5.000000 1.500000
v 1.274510 -5.000000 1.500000
v 1.470588 -5.000000 1.500000
v 1.666667 -5.000000 1.500000
v 1.862745 -5.000000 1.500000
v 2.058823 -5.000000 1.500000
v 2.254901 -5.000000 1.500000
v 2.450980 -5.000000 1.500000
v 2.647059 -5.000000 1.500000
v 2.843137 -5.000000 1.500000
v 3.039216 -5.000000 1.500000
v 3.235294 -5.000000 1.500000
v 3.431373 -5.000000 1.500000
v 3.627451 -5.000000 1.500000
v 3.823529 -5.000000 1.500000
v 4.019608 -5.000000 1.500000
v 4.215686 -5.000000 1.500000
v 4.411765 -5.000000 1.500000
v 4.607843 -5.000000 1.500000
v 4.803922 -5.000000 1.500000
v 4.707843 4.900000 1.500000
v 4.515687 4.900000 1.500000
v 4.323530 4.900000 1.500000
v 4.131372 4.900000 1.500000
v 3.939216 4.900000 1.500000
v 3.747059 4.900000 1.500000
v 3.554902 4.900000 1.500000
v 3.362745 4.900000 1.500000
v 3.170588 4.900000 1.500000
v 2.978432 4.900000 1.500000
v 2.786275 4.900000 1.500000
v 2.594118 4.900000 1.500000
v 2.401961 4.900000 1.500000
v 2.209805 4.900000 1.500000
v 2.017648 4.900000 1.500000
v 1.825491 4.900000 1.500000
v 1.633334 4.900000 1.500000
v 1.441177 4.900000 1.500000
v 1.249020 4.900000 1.500000
v 1.056863 4.900000 1.500000
v 0.864706 4.900000 1.500000
v 0.672549 4.900000 1.500000
v 0.480392 4.900000 1.500000
v 0.288236 4.900000 1.500000
v 0.096079 4.900000 1.500000
v -0.096078 4.900000 1.500000
v -0.288235 4.900000 1.500000
v -0.480392 4.900000 1.500000
v -0.672549 4.900000 1.500000
v -0.864706 4.900000 1.500000
v -1.056863 4.900000 1.500000
v -1.249020 4.900000 1.500000
v -1.441177 4.900000 1.500000
v -1.633334 4.900000 1.500000
v -1.825490 4.900000 1.500000
v -2.017647 4.900000 1.500000
v -2.209804 4.900000 1.500000
v -2.401961 4.900000 1.500000
v -2.594118 4.900000 1.500000
v -2.786274 4.900000 1.500000
v -2.978432 4.900000 1.500000
v -3.170588 4.900000 1.500000
v -3.362745 4.900000 1.500000
v -3.554902 4.900000 1.500000
v -3.747059 4.900000 1.500000
v -3.939216 4.900000 1.500000
v -4.131372 4.900000 1.500000
v -4.323530 4.900000 1.500000
v -4.515687 4.900000 1.500000
v -4.707843 4.900000 1.500000
v -4.707843 -4.900000 1.500000
v -4.515687 -4.900000 1.500000
v -4.323530 -4.900000 1.500000
v -4.131372 -4.900000 1.500000
v -3.939216 -4.900000 1.500000
v -3.747059 -4.900000 1.500000
v -3.554902 -4.900000 1.500000
v -3.362745 -4.900000 1.500000
v -3.170588 -4.900000 1.500000
v -2.978432 -4.900000 1.500000
v -2.786275 -4.900000 1.500000
v -2.594118 -4.900000 1.500000
v -2.401961 -4.900000 1.500000
v -2.209805 -4.900000 1.500000
v -2.017648 -4.900000 1.500000
v -1.825491 -4.900000 1.500000
v -1.633334 -4.900000 1.500000
v -1.441177 -4.900000 1.500000
v -1.249020 -4.900000 1.500000
v -1.056863 -4.900000 1.500000
v -0.864706 -4.900000 1.500000
v -0.672549 -4.900000 1.500000
v -0.480392 -4.900000 1.500000
v -0.288236 -4.900000 1.500000
v -0.096079 -4.900000 1.500000
v 0.096078 -4.900000 1.500000
v 0.288235 -4.900000 1.500000
v 0.480392 -4.900000 1.500000
v 0.672549 -4.900000 1.500000
v 0.864706 -4.900000 1.500000
v 1.056863 -4.900000 1.500000
v 1.249020 -4.900000 1.500000
v 1.441177 -4.900000 1.500000
v 1.633334 -4.900000 1.500000
v 1.825490 -4.900000 1.500000
v 2.017647 -4.900000 1.500000
v 2.209804 -4.900000 1.500000
v 2.401961 -4.900000 1.500000
v 2.594118 -4.900000 1.500000
v 2.786274 -4.900000 1.500000
v 2.978432 -4.900000 1.500000
v 3.170588 -4.900000 1.500000
v 3.362745 -4.900000 1.500000
v 3.554902 -4.900000 1.500000
v 3.747059 -4.900000 1.500000
v 3.939216 -4.900000 1.500000
v 4.131372 -4.900000 1.500000
v 4.323530 -4.900000 1.500000
v 4.515687 -4.900000 1.500000
v 4.707843 -4.900000 1.500000
v -4.707843 4.707843 0.000000
v -4.515687 4.707843 0.000000
v -4.323530 4.707843 0.000000
v -4.131372 4.707843 0.000000
v -3.939216 4.707843 0.000000
v -3.747059 4.707843 0.000000
v -3.554902 4.707843 0.000000
v -3.362745 4.707843 0.000000
v -3.170588 4.707843 0.000000
v -2.978432 4.707843 0.000000
v -2.786275 4.707843 0.000000
v -2.594118 4.707843 0.000000
v -2.401961 4.707843 0.000000
v -2.209805 4.707843 0.000000
v -2.017648 4.707843 0.000000
v -1.825491 4.707843 0.000000
v -1.633334 4.707843 0.000000
v -1.441177 4.707843 0.000000
v -1.249020 4.707843 0.000000
v -1.056863 4.707843 0.000000
v -0.864706 4.707843 0.000000
v -0.672549 4.707843 0.000000
v -0.480392 4.707843 0.000000
v -0.288236 4.707843 0.000000
v -0.096079 4.707843 0.000000
v 0.096078 4.707843 0.000000
v 0.288235 4.707843 0.000000
v 0.480392 4.707843 0.000000
v 0.672549 4.707843 0.000000
v 0.864706 4.707843 0.000000
v 1.056863 4.707843 0.000000
v 1.249020 4.707843 0.000000
v 1.441177 4.707843 0.000000
v 1.633334 4.707843 0.000000
v 1.825490 4.707843 0.000000
v 2.017647 4.707843 0.000000
v 2.209804 4.707843 0.000000
v 2.401961 4.707843 0.000000
v 2.594118 4.707843 0.000000
v 2.786274 4.707843 0.000000
v 2.978432 4.707843 0.000000
v 3.170588 4.707843 0.000000
v 3.362745 4.707843 0.000000
v 3.554902 4.707843 0.000000
v 3.747059 4.707843 0.000000
v 3.939216 4.707843 0.000000
v 4.131372 4.707843 0.000000
v 4.323530 4.707843 0.000000
v 4.515687 4.707843 0.000000
v 4.707843 4.707843 0.000000
v -4.707843 4.515687 0.000000
v -4.515687 4.515687 0.000000
v -4.323530 4.515687 0.000000
v -4.131372 4.515687 0.000000
v -3.939216 4.515687 0.000000
v -3.747059 4.515687 0.000000
v -3.554902 4.515687 0.000000
v -3.362745 4.515687 0.000000
v -3.170588 4.515687 0.000000
v -2.978432 4.515687 0.000000
v -2.786275 4.515687 0.000000
v -2.594118 4.515687 0.000000
v -2.401961 4.515687 0.000000
v -2.209805 4.515687 0.000000
v -2.017648 4.515687 0.000000
v -1.825491 4.515687 0.000000
v -1.633334 4.515687 0.000000
v -1.441177 4.515687 0.000000
v -1.249020 4.515687 0.000000
v -1.056863 4.515687 0.000000
v -0.864706 4.515687 0.000000
v -0.672549 4.515687 0.000000
v -0.480392 4.515687 0.000000
v -0.288236 4.515687 0.000000
v -0.096079 4.515687 0.000000
v 0.096078 4.515687 0.000000
v 0.288235 4.515687 0.000000
v 0.480392 4.515687 0.000000
v 0.672549 4.515687 0.000000
v 0.864706 4.515687 0.000000
v 1.056863 4.515687 0.000000
v 1.249020 4.515687 0.000000
v 1.441177 4.515687 0.000000
v 1.633334 4.515687 0.000000
v 1.825490 4.515687 0.000000
v 2.017647 4.515687 0.000000
v 2.209804 4.515687 0.000000
v 2.401961 4.515687 0.000000
v 2.594118 4.515687 0.000000
v 2.786274 4.515687 0.000000
v 2.978432 4.515687 0.000000
v 3.170588 4.515687 0.000000
v 3.362745 4.515687 0.000000
v 3.554902 4.515687 0.000000
v 3.747059 4.515687 0.000000
v 3.939216 4.515687 0.000000
v 4.131372 4.515687 0.000000
v 4.323530 4.515687 0.000000
v 4.515687 4.515687 0.000000
v 4.707843 4.515687 0.000000
v -4.707843 4.323530 0.000000
v -4.515687 4.323530 0.000000
v -4.323530 4.323530 0.000000
v -4.131372 4.323530 0.000000
v -3.939216 4.323530 0.000000
v -3.747059 4.323530 0.000000
v -3.554902 4.323530 0.000000
v -3.362745 4.323530 0.000000
v -3.170588 4.323530 0.000000
v -2.978432 4.323530 0.000000
v -2.786275 4.323530 0.000000
v -2.594118 4.323530 0.000000
v -2.401961 4.323530 0.000000
v -2.209805 4.323530 0.000000
v -2.017648 4.323530 0.000000
v -1.825491 4.323530 0.000000
v -1.633334 4.323530 0.000000
v -1.441177 4.323530 0.000000
v -1.249020 4.323530 0.000000
v -1.056863 4.323530 0.000000
v -0.864706 4.323530 0.000000
v -0.672549 4.323530 0.000000
v -0.480392 4.323530 0.000000
v -0.288236 4.323530 0.000000
v -0.096079 4.323530 0.000000
v 0.096078 4.323530 0.000000
v 0.288235 4.323530 0.000000
v 0.480392 4.323530 0.000000
v 0.672549 4.323530 0.000000
v 0.864706 4.323530 0.000000
v 1.056863 4.323530 0.000000
v 1.249020 4.323530 0.000000
v 1.441177 4.323530 0.000000
v 1.633334 4.323530 0.000000
v 1.825490 4.323530 0.000000
v 2.017647 4.323530 0.000000
v 2.209804 4.323530 0.000000
v 2.401961 4.323530 0.000000
v 2.594118 4.323530 0.000000
v 2.786274 4.323530 0.000000
v 2.978432 4.323530 0.000000
v 3.170588 4.323530 0.000000
v 3.362745 4.323530 0.000000
v 3.554902 4.323530 0.000000
v 3.747059 4.323530 0.000000
v 3.939216 4.323530 0.000000
v 4.131372 4.323530 0.000000
v 4.323530 4.323530 0.000000
v 4.515687 4.323530 0.000000
v 4.707843 4.323530 0.000000
v -2.978432 3.939216 -0.000002
v -3.170588 3.939216 -0.000002
v -3.362745 3.939216 -0.000002
v -0.672549 4.131372 -0.000002
v -0.864706 4.131372 -0.000002
v -1.056863 4.131372 -0.000002
v -1.249020 4.131372 -0.000002
v -1.441177 4.131372 -0.000002
v -0.480392 4.131372 0.000000
v -0.288236 4.131372 0.000000
v -0.096079 4.131372 0.000000
v 0.096078 4.131372 0.000000
v 0.288235 4.131372 0.000000
v 0.480392 4.131372 0.000000
v 0.672549 4.131372 0.000000
v 0.864706 4.131372 0.000000
v 1.056863 4.131372 0.000000
v 1.249020 4.131372 0.000000
v 1.441177 4.131372 0.000000
v 1.633334 4.131372 0.000000
v 1.825490 4.131372 0.000000
v 2.017647 4.131372 0.000000
v 2.209804 4.131372 0.000000
v 2.401961 4.131372 0.000000
v 2.594118 4.131372 0.000000
v 2.786274 4.131372 0.000000
v 2.978432 4.131372 0.000000
v 3.170588 4.131372 0.000000
v 3.362745 4.131372 0.000000
v 3.554902 4.131372 0.000000
v 3.747059 4.131372 0.000000
v 3.939216 4.131372 0.000000
v 4.131372 4.131372 0.000000
v 4.323530 4.131372 0.000000
v 4.515687 4.131372 0.000000
v 4.707843 4.131372 0.000000
v -1.633334 4.131372 -0.000002
v -1.825491 4.131372 -0.000002
v -2.017648 4.131372 -0.000002
v -2.209805 4.131372 -0.000002
v -2.401961 4.131372 -0.000002
v -2.594118 4.131372 -0.000002
v -2.786275 4.131372 -0.000002
v -2.978432 4.131372 -0.000002
v -3.554902 2.786275 1.500004
v -3.747059 2.786275 1.500004
v -3.939216 2.786275 1.500004
v -4.131372 2.786275 1.500004
v -4.323530 2.786275 1.500004
v -4.515687 2.786275 1.500004
v -4.707843 2.786275 1.500004
v -3.554902 2.978432 1.500004
v -3.747059 2.978432 1.500004
v -3.939216 2.978432 1.500004
v -4.131372 2.978432 1.500004
v -4.323530 2.978432 1.500004
v -4.515687 2.978432 1.500004
v -4.707843 2.978432 1.500004
v -0.480392 3.939216 0.000000
v -0.288236 3.939216 0.000000
v -0.096079 3.939216 0.000000
v 0.096078 3.939216 0.000000
v 0.288235 3.939216 0.000000
v 0.480392 3.939216 0.000000
v 0.672549 3.939216 0.000000
v 0.864706 3.939216 0.000000
v 1.056863 3.939216 0.000000
v 1.249020 3.939216 0.000000
v 1.441177 3.939216 0.000000
v 1.633334 3.939216 0.000000
v 1.825490 3.939216 0.000000
v 2.017647 3.939216 0.000000
v 2.209804 3.939216 0.000000
v 2.401961 3.939216 0.000000
v 2.594118 3.939216 0.000000
v 2.786274 3.939216 0.000000
v 2.978432 3.939216 0.000000
v 3.170588 3.939216 0.000000
v 3.362745 3.939216 0.000000
v 3.554902 3.939216 0.000000
v 3.747059 3.939216 0.000000
v 3.939216 3.939216 0.000000
v 4.131372 3.939216 0.000000
v 4.323530 3.939216 0.000000
v 4.515687 3.939216 0.000000
v 4.707843 3.939216 0.000000
v -4.707843 3.747059 0.000000
v -4.515687 3.747059 0.000000
v -4.323530 3.747059 0.000000
v -4.131372 3.747059 0.000000
v -3.939216 3.747059 0.000000
v -3.747059 3.747059 0.000000
v -3.554902 3.747059 0.000000
v -3.362745 3.747059 0.000000
v -3.170588 3.747059 0.000000
v -2.978432 3.747059 0.000000
v -2.786275 3.747059 0.000000
v -2.594118 3.747059 0.000000
v -2.401961 3.747059 0.000000
v -2.209805 3.747059 0.000000
v -2.017648 3.747059 0.000000
v -1.825491 3.747059 0.000000
v -1.633334 3.747059 0.000000
v -1.441177 3.747059 0.000000
v -1.249020 3.747059 0.000000
v -1.056863 3.747059 0.000000
v -0.864706 3.747059 0.000000
v -0.672549 3.747059 0.000000
v -0.480392 3.747059 0.000000
v -0.288236 3.747059 0.000000
v -0.096079 3.747059 0.000000
v 0.096078 3.747059 0.000000
v 0.288235 3.747059 0.000000
v 0.480392 3.747059 0.000000
v 0.672549 3.747059 0.000000
v 0.864706 3.747059 0.000000
v 1.056863 3.747059 0.000000
v 1.249020 3.747059 0.000000
v 1.441177 3.747059 0.000000
v 1.633334 3.747059 0.000000
v 1.825490 3.747059 0.000000
v 2.017647 3.747059 0.000000
v 2.209804 3.747059 0.000000
v 2.401961 3.747059 0.000000
v 2.594118 3.747059 0.000000
v 2.786274 3.747059 0.000000
v 2.978432 3.747059 0.000000
v 3.170588 3.747059 0.000000
v 3.362745 3.747059 0.000000
v 3.554902 3.747059 0.000000
v 3.747059 3.747059 0.000000
v 3.939216 3.747059 0.000000
v 4.131372 3.747059 0.000000
v 4.323530 3.747059 0.000000
v 4.515687 3.747059 0.000000
v 4.707843 3.747059 0.000000
v -4.707843 3.554902 0.000000
v -4.515687 3.554902 0.000000
v -4.323530 3.554902 0.000000
v -4.131372 3.554902 0.000000
v -3.939216 3.554902 0.000000
v -3.747059 3.554902 0.000000
v -3.554902 3.554902 0.000000
v -3.362745 3.554902 0.000000
v -3.170588 3.554902 0.000000
v -2.978432 3.554902 0.000000
v -2.786275 3.554902 0.000000
v -2.594118 3.554902 0.000000
v -2.401961 3.554902 0.000000
v -2.209805 3.554902 0.000000
v -2.017648 3.554902 0.000000
v -1.825491 3.554902 0.000000
v -1.633334 3.554902 0.000000
v -1.441177 3.554902 0.000000
v -1.249020 3.554902 0.000000
v -1.056863 3.554902 0.000000
v -0.864706 3.554902 0.000000
v -0.672549 3.554902 0.000000
v -0.480392 3.554902 0.000000
v -0.288236 3.554902 0.000000
v -0.096079 3.554902 0.000000
v 0.096078 3.554902 0.000000
v 0.288235 3.554902 0.000000
v 0.480392 3.554902 0.000000
v 0.672549 3.554902 0.000000
v 0.864706 3.554902 0.000000
v 1.056863 3.554902 0.000000
v 1.249020 3.554902 0.000000
v 1.441177 3.554902 0.000000
v 1.633334 3.554902 0.000000
v 1.825490 3.554902 0.000000
v 2.017647 3.554902 0.000000
v 2.209804 3.554902 0.000000
v 2.401961 3.554902 0.000000
v 2.594118 3.554902 0.000000
v 2.786274 3.554902 0.000000
v 2.978432 3.554902 0.000000
v 3.170588 3.554902 0.000000
v 3.362745 3.554902 0.000000
v 3.554902 3.554902 0.000000
v 3.747059 3.554902 0.000000
v 3.939216 3.554902 0.000000
v 4.131372 3.554902 0.000000
v 4.323530 3.554902 0.000000
v 4.515687 3.554902 0.000000
v 4.707843 3.554902 0.000000
v -4.707843 3.362745 0.000000
v -4.515687 3.362745 0.000000
v -4.323530 3.362745 0.000000
v -4.131372 3.362745 0.000000
v -3.939216 3.362745 0.000000
v -3.747059 3.362745 0.000000
v -3.554902 3.362745 0.000000
v -3.362745 3.362745 0.000000
v -3.170588 3.362745 0.000000
v -2.978432 3.362745 0.000000
v -2.786275 3.362745 0.000000
v -2.594118 3.362745 0.000000
v -2.401961 3.362745 0.000000
v -2.209805 3.362745 0.000000
v -2.017648 3.362745 0.000000
v -1.825491 3.362745 0.000000
v -1.633334 3.362745 0.000000
v -1.441177 3.362745 0.000000
v -1.249020 3.362745 0.000000
v -1.056863 3.362745 0.000000
v -0.864706 3.362745 0.000000
v -0.672549 3.362745 0.000000
v -0.480392 3.362745 0.000000
v -0.288236 3.362745 0.000000
v -0.096079 3.362745 0.000000
v 0.096078 3.362745 0.000000
v 0.288235 3.362745 0.000000
v 0.480392 3.362745 0.000000
v 0.672549 3.362745 0.000000
v 0.864706 3.362745 0.000000
v 1.056863 3.362745 0.000000
v 1.249020 3.362745 0.000000
v 1.441177 3.362745 0.000000
v 1.633334 3.362745 0.000000
v 1.825490 3.362745 0.000000
v 2.017647 3.362745 0.000000
v 2.209804 3.362745 0.000000
v 2.401961 3.362745 0.000000
v 2.594118 3.362745 0.000000
v 2.786274 3.362745 0.000000
v 2.978432 3.362745 0.000000
v 3.170588 3.362745 0.000000
v 3.362745 3.362745 0.000000
v 3.554902 3.362745 0.000000
v 3.747059 3.362745 0.000000
v 3.939216 3.362745 0.000000
v 4.131372 3.362745 0.000000
v 4.323530 3.362745 0.000000
v 4.515687 3.362745 0.000000
v 4.707843 3.362745 0.000000
v -4.707843 3.170588 0.000000
v -4.515687 3.170588 0.000000
v -4.323530 3.170588 0.000000
v -4.131372 3.170588 0.000000
v -3.939216 3.170588 0.000000
v -3.747059 3.170588 0.000000
v -3.554902 3.170588 0.000000
v -3.362745 3.170588 0.000000
v -3.170588 3.170588 0.000000
v -2.978432 3.170588 0.000000
v -2.786275 3.170588 0.000000
v -2.594118 3.170588 0.000000
v -2.401961 3.170588 0.000000
v -2.209805 3.170588 0.000000
v -2.017648 3.170588 0.000000
v -1.825491 3.170588 0.000000
v -1.633334 3.170588 0.000000
v -1.441177 3.170588 0.000000
v -1.249020 3.170588 0.000000
v -1.056863 3.170588 0.000000
v -0.864706 3.170588 0.000000
v -0.672549 3.170588 0.000000
v -0.480392 3.170588 0.000000
v -0.288236 3.170588 0.000000
v -0.096079 3.170588 0.000000
v 0.096078 3.170588 0.000000
v 0.288235 3.170588 0.000000
v 0.480392 3.170588 0.000000
v 0.672549 3.170588 0.000000
v 0.864706 3.170588 0.000000
v 1.056863 3.170588 0.000000
v 1.249020 3.170588 0.000000
v 1.441177 3.170588 0.000000
v 1.633334 3.170588 0.000000
v 1.825490 3.170588 0.000000
v 2.017647 3.170588 0.000000
v 2.209804 3.170588 0.000000
v 2.401961 3.170588 0.000000
v 2.594118 3.170588 0.000000
v 2.786274 3.170588 0.000000
v 2.978432 3.170588 0.000000
v 3.170588 3.170588 0.000000
v 3.362745 3.170588 0.000000
v 3.554902 3.170588 0.000000
v 3.747059 3.170588 0.000000
v 3.939216 3.170588 0.000000
v 4.131372 3.170588 0.000000
v 4.323530 3.170588 0.000000
v 4.515687 3.170588 0.000000
v 4.707843 3.170588 0.000000
v -4.707843 2.978432 0.000000
v -4.515687 2.978432 0.000000
v -4.323530 2.978432 0.000000
v -4.131372 2.978432 0.000000
v -3.939216 2.978432 0.000000
v -3.747059 2.978432 0.000000
v -3.554902 2.978432 0.000000
v -3.362745 2.978432 0.000000
v -3.170588 2.978432 0.000000
v -2.978432 2.978432 0.000000
v -2.786275 2.978432 0.000000
v -2.594118 2.978432 0.000000
v -2.401961 2.978432 0.000000
v -2.209805 2.978432 0.000000
v -2.017648 2.978432 0.000000
v -1.825491 2.978432 0.000000
v -1.633334 2.978432 0.000000
v -1.441177 2.978432 0.000000
v -1.249020 2.978432 0.000000
v -1.056863 2.978432 0.000000
v -0.864706 2.978432 0.000000
v -0.672549 2.978432 0.000000
v -0.480392 2.978432 0.000000
v -0.288236 2.978432 0.000000
v -0.096079 2.978432 0.000000
v 0.096078 2.978432 0.000000
v 0.288235 2.978432 0.000000
v 0.480392 2.978432 0.000000
v 0.672549 2.978432 0.000000
v 0.864706 2.978432 0.000000
v 1.056863 2.978432 0.000000
v 1.249020 2.978432 0.000000
v 1.441177 2.978432 0.000000
v 1.633334 2.978432 0.000000
v 1.825490 2.978432 0.000000
v 2.017647 2.978432 0.000000
v 2.209804 2.978432 0.000000
v 2.401961 2.978432 0.000000
v 2.594118 2.978432 0.000000
v 2.786274 2.978432 0.000000
v 2.978432 2.978432 0.000000
v 3.170588 2.978432 0.000000
v 3.362745 2.978432 0.000000
v 3.554902 2.978432 0.000000
v 3.747059 2.978432 0.000000
v 3.939216 2.978432 0.000000
v 4.131372 2.978432 0.000000
v 4.323530 2.978432 0.000000
v 4.515687 2.978432 0.000000
v 4.707843 2.978432 0.000000
v -4.707843 2.786275 0.000000
v -4.515687 2.786275 0.000000
v -4.323530 2.786275 0.000000
v -4.131372 2.786275 0.000000
v -3.939216 2.786275 0.000000
v -3.747059 2.786275 0.000000
v -3.554902 2.786275 0.000000
v -3.362745 2.786275 0.000000
v -3.170588 2.786275 0.000000
v -2.978432 2.786275 0.000000
v -2.786275 2.786275 0.000000
v -2.594118 2.786275 0.000000
v -2.401961 2.786275 0.000000
v -2.209805 2.786275 0.000000
v -2.017648 2.786275 0.000000
v -1.825491 2.786275 0.000000
v -1.633334 2.786275 0.000000
v -1.441177 2.786275 0.000000
v -1.249020 2.786275 0.000000
v -1.056863 2.786275 0.000000
v -0.864706 2.786275 0.000000
v -0.672549 2.786275 0.000000
v -0.480392 2.786275 0.000000
v -0.288236 2.786275 0.000000
v -0.096079 2.786275 0.000000
v 0.096078 2.786275 0.000000
v 0.288235 2.786275 0.000000
v 0.480392 2.786275 0.000000
v 0.672549 2.786275 0.000000
v 0.864706 2.786275 0.000000
v 1.056863 2.786275 0.000000
v 1.249020 2.786275 0.000000
v 1.441177 2.786275 0.000000
v 1.633334 2.786275 0.000000
v 1.825490 2.786275 0.000000
v 2.017647 2.786275 0.000000
v 2.209804 2.786275 0.000000
v 2.401961 2.786275 0.000000
v 2.594118 2.786275 0.000000
v 2.786274 2.786275 0.000000
v 2.978432 2.786275 0.000000
v 3.170588 2.786275 0.000000
v 3.362745 2.786275 0.000000
v 3.554902 2.786275 0.000000
v 3.747059 2.786275 0.000000
v 3.939216 2.786275 0.000000
v 4.131372 2.786275 0.000000
v 4.323530 2.786275 0.000000
v 4.515687 2.786275 0.000000
v 4.707843 2.786274 0.000000
v -4.707843 2.594118 0.000000
v -4.515687 2.594118 0.000000
v -4.323530 2.594118 0.000000
v -4.131372 2.594118 0.000000
v -3.939216 2.594118 0.000000
v -3.747059 2.594118 0.000000
v -3.554902 2.594118 0.000000
v -3.362745 2.594118 0.000000
v -3.170588 2.594118 0.000000
v -2.978432 2.594118 0.000000
v -2.786275 2.594118 0.000000
v -2.594118 2.594118 0.000000
v -2.401961 2.594118 0.000000
v -2.209805 2.594118 0.000000
v -2.017648 2.594118 0.000000
v -1.825491 2.594118 0.000000
v -1.633334 2.594118 0.000000
v -1.441177 2.594118 0.000000
v -1.249020 2.594118 0.000000
v -1.056863 2.594118 0.000000
v -0.864706 2.594118 0.000000
v -0.672549 2.594118 0.000000
v -0.480392 2.594118 0.000000
v -0.288236 2.594118 0.000000
v -0.096079 2.594118 0.000000
v 0.096078 2.594118 0.000000
v 0.288235 2.594118 0.000000
v 0.480392 2.594118 0.000000
v 0.672549 2.594118 0.000000
v 0.864706 2.594118 0.000000
v 1.056863 2.594118 0.000000
v 1.249020 2.594118 0.000000
v 1.441177 2.594118 0.000000
v 1.633334 2.594118 0.000000
v 1.825490 2.594118 0.000000
v 2.017647 2.594118 0.000000
v 2.209804 2.594118 0.000000
v 2.401961 2.594118 0.000000
v 2.594118 2.594118 0.000000
v 2.786274 2.594118 0.000000
v 2.978432 2.594118 0.000000
v 3.170588 2.594118 0.000000
v 3.362745 2.594118 0.000000
v 3.554902 2.594118 0.000000
v 3.747059 2.594118 0.000000
v 3.939216 2.594118 0.000000
v 4.131372 2.594118 0.000000
v 4.323530 2.594118 0.000000
v 4.515687 2.594118 0.000000
v 4.707843 2.594118 0.000000
v -4.707843 2.401961 0.000000
v -4.515687 2.401961 0.000000
v -4.323530 2.401961 0.000000
v -4.131372 2.401961 0.000000
v -3.939216 2.401961 0.000000
v -3.747059 2.401961 0.000000
v -3.554902 2.401961 0.000000
v -3.362745 2.401961 0.000000
v -3.170588 2.401961 0.000000
v -2.978432 2.401961 0.000000
v -2.786275 2.401961 0.000000
v -2.594118 2.401961 0.000000
v -2.401961 2.401961 0.000000
v -2.209805 2.401961 0.000000
v -2.017648 2.401961 0.000000
v -1.825491 2.401961 0.000000
v -1.633334 2.401961 0.000000
v -1.441177 2.401961 0.000000
v -1.249020 2.401961 0.000000
v -1.056863 2.401961 0.000000
v -0.864706 2.401961 0.000000
v -0.672549 2.401961 0.000000
v -0.480392 2.401961 0.000000
v -0.288236 2.401961 0.000000
v -0.096079 2.401961 0.000000
v 0.096078 2.401961 0.000000
v 0.288235 2.401961 0.000000
v 0.480392 2.401961 0.000000
v 0.672549 2.401961 0.000000
v 0.864706 2.401961 0.000000
v 1.056863 2.401961 0.000000
v 1.249020 2.401961 0.000000
v 1.441177 2.401961 0.000000
v 1.633334 2.401961 0.000000
v 1.825490 2.401961 0.000000
v 2.017647 2.401961 0.000000
v 2.209804 2.401961 0.000000
v 2.401961 2.401961 0.000000
v 2.594118 2.401961 0.000000
v 2.786274 2.401961 0.000000
v 2.978432 2.401961 0.000000
v 3.170588 2.401961 0.000000
v 3.362745 2.401961 0.000000
v 3.554902 2.401961 0.000000
v 3.747059 2.401961 0.000000
v 3.939216 2.401961 0.000000
v 4.131372 2.401961 0.000000
v 4.323530 2.401961 0.000000
v 4.515687 2.401961 0.000000
v 4.707843 2.401961 0.000000
v -4.707843 2.209805 0.000000
v -4.515687 2.209805 0.000000
v -4.323530 2.209805 0.000000
v -4.131372 2.209805 0.000000
v -3.939216 2.209805 0.000000
v -3.747059 2.209805 0.000000
v -3.554902 2.209805 0.000000
v -3.362745 2.209805 0.000000
v -3.170588 2.209805 0.000000
v -2.978432 2.209805 0.000000
v -2.786275 2.209805 0.000000
v -2.594118 2.209805 0.000000
v -2.401961 2.209805 0.000000
v -2.209805 2.209805 0.000000
v -2.017648 2.209805 0.000000
v -1.825491 2.209805 0.000000
v -1.633334 2.209805 0.000000
v -1.441177 2.209805 0.000000
v -1.249020 2.209805 0.000000
v -1.056863 2.209805 0.000000
v -0.864706 2.209805 0.000000
v -0.672549 2.209805 0.000000
v -0.480392 2.209805 0.000000
v -0.288236 2.209805 0.000000
v -0.096079 2.209805 0.000000
v 0.096078 2.209805 0.000000
v 0.288235 2.209805 0.000000
v 0.480392 2.209805 0.000000
v 0.672549 2.209805 0.000000
v 0.864706 2.209805 0.000000
v 1.056863 2.209805 0.000000
v 1.249020 2.209805 0.000000
v 1.441177 2.209805 0.000000
v 1.633334 2.209805 0.000000
v 1.825490 2.209805 0.000000
v 2.017647 2.209805 0.000000
v 2.209804 2.209805 0.000000
v 2.401961 2.209805 0.000000
v 2.594118 2.209805 0.000000
v 2.786274 2.209805 0.000000
v 2.978432 2.209805 0.000000
v 3.170588 2.209805 0.000000
v 3.362745 2.209805 0.000000
v 3.554902 2.209805 0.000000
v 3.747059 2.209805 0.000000
v 3.939216 2.209805 0.000000
v 4.131372 2.209804 0.000000
v 4.323530 2.209804 0.000000
v 4.515687 2.209804 0.000000
v 4.707843 2.209804 0.000000
v -4.707843 2.017648 0.000000
v -4.515687 2.017648 0.000000
v -4.323530 2.017648 0.000000
v -4.131372 2.017648 0.000000
v -3.939216 2.017648 0.000000
v -3.747059 2.017648 0.000000
v -3.554902 2.017648 0.000000
v -3.362745 2.017648 0.000000
v -3.170588 2.017648 0.000000
v -2.978432 2.017648 0.000000
v -2.786275 2.017648 0.000000
v -2.594118 2.017648 0.000000
v -2.401961 2.017648 0.000000
v -2.209805 2.017648 0.000000
v -2.017648 2.017648 0.000000
v -1.825491 2.017648 0.000000
v -1.633334 2.017648 0.000000
v -1.441177 2.017648 0.000000
v -1.249020 2.017648 0.000000
v -1.056863 2.017648 0.000000
v -0.864706 2.017648 0.000000
v -0.672549 2.017648 0.000000
v -0.480392 2.017648 0.000000
v -0.288236 2.017648 0.000000
v -0.096079 2.017648 0.000000
v 0.096078 2.017648 0.000000
v 0.288235 2.017648 0.000000
v 0.480392 2.017648 0.000000
v 0.672549 2.017648 0.000000
v 0.864706 2.017648 0.000000
v 1.056863 2.017648 0.000000
v 1.249020 2.017648 0.000000
v 1.441177 2.017648 0.000000
v 1.633334 2.017648 0.000000
v 1.825490 2.017648 0.000000
v 2.017647 2.017648 0.000000
v 2.209804 2.017648 0.000000
v 2.401961 2.017648 0.000000
v 2.594118 2.017648 0.000000
v 2.786274 2.017648 0.000000
v 2.978432 2.017648 0.000000
v 3.170588 2.017648 0.000000
v 3.362745 2.017648 0.000000
v 3.554902 2.017648 0.000000
v 3.747059 2.017648 0.000000
v 3.939216 2.017648 0.000000
v 4.131372 2.017648 0.000000
v 4.323530 2.017648 0.000000
v 4.515687 2.017647 0.000000
v 4.707843 2.017647 0.000000
v -4.707843 1.825491 0.000000
v -4.515687 1.825491 0.000000
v -4.323530 1.825491 0.000000
v -4.131372 1.825491 0.000000
v -3.939216 1.825491 0.000000
v -3.747059 1.825491 0.000000
v -3.554902 1.825491 0.000000
v -3.362745 1.825491 0.000000
v -3.170588 1.825491 0.000000
v -2.978432 1.825491 0.000000
v -2.786275 1.825491 0.000000
v -2.594118 1.825491 0.000000
v -2.401961 1.825491 0.000000
v -2.209805 1.825491 0.000000
v -2.017648 1.825491 0.000000
v -1.825491 1.825491 0.000000
v -1.633334 1.825491 0.000000
v -1.441177 1.825491 0.000000
v -1.249020 1.825491 0.000000
v -1.056863 1.825491 0.000000
v -0.864706 1.825491 0.000000
v -0.672549 1.825491 0.000000
v -0.480392 1.825491 0.000000
v -0.288236 1.825491 0.000000
v -0.096079 1.825491 0.000000
v 0.096078 1.825491 0.000000
v 0.288235 1.825491 0.000000
v 0.480392 1.825491 0.000000
v 0.672549 1.825491 0.000000
v 0.864706 1.825491 0.000000
v 1.056863 1.825491 0.000000
v 1.249020 1.825491 0.000000
v 1.441177 1.825491 0.000000
v 1.633334 1.825491 0.000000
v 1.825490 1.825491 0.000000
v 2.017647 1.825491 0.000000
v 2.209804 1.825491 0.000000
v 2.401961 1.825491 0.000000
v 2.594118 1.825491 0.000000
v 2.786274 1.825491 0.000000
v 2.978432 1.825491 0.000000
v 3.170588 1.825491 0.000000
v 3.362745 1.825491 0.000000
v 3.554902 1.825491 0.000000
v 3.747059 1.825491 0.000000
v 3.939216 1.825491 0.000000
v 4.131372 1.825491 0.000000
v 4.323530 1.825491 0.000000
v 4.515687 1.825491 0.000000
v 4.707843 1.825491 0.000000
v -4.707843 1.633334 0.000000
v -4.515687 1.633334 0.000000
v -4.323530 1.633334 0.000000
v -4.131372 1.633334 0.000000
v -3.939216 1.633334 0.000000
v -3.747059 1.633334 0.000000
v -3.554902 1.633334 0.000000
v -3.362745 1.633334 0.000000
v -3.170588 1.633334 0.000000
v -2.978432 1.633334 0.000000
v -2.786275 1.633334 0.000000
v -2.594118 1.633334 0.000000
v -2.401961 1.633334 0.000000
v -2.209805 1.633334 0.000000
v -2.017648 1.633334 0.000000
v -1.825491 1.633334 0.000000
v -1.633334 1.633334 0.000000
v -1.441177 1.633334 0.000000
v -1.249020 1.633334 0.000000
v -1.056863 1.633334 0.000000
v -0.864706 1.633334 0.000000
v -0.672549 1.633334 0.000000
v -0.480392 1.633334 0.000000
v -0.288236 1.633334 0.000000
v -0.096079 1.633334 0.000000
v 0.096078 1.633334 0.000000
v 0.288235 1.633334 0.000000
v 0.480392 1.633334 0.000000
v 0.672549 1.633334 0.000000
v 0.864706 1.633334 0.000000
v 1.056863 1.633334 0.000000
v 1.249020 1.633334 0.000000
v 1.441177 1.633334 0.000000
v 1.633334 1.633334 0.000000
v 1.825490 1.633334 0.000000
v 2.017647 1.633334 0.000000
v 2.209804 1.633334 0.000000
v 2.401961 1.633334 0.000000
v 2.594118 1.633334 0.000000
v 2.786274 1.633334 0.000000
v 2.978432 1.633334 0.000000
v 3.170588 1.633334 0.000000
v 3.362745 1.633334 0.000000
v 3.554902 1.633334 0.000000
v 3.747059 1.633334 0.000000
v 3.939216 1.633334 0.000000
v 4.131372 1.633334 0.000000
v 4.323530 1.633334 0.000000
v 4.515687 1.633334 0.000000
v 4.707843 1.633334 0.000000
v -4.707843 1.441177 0.000000
v -4.515687 1.441177 0.000000
v -4.323530 1.441177 0.000000
v -4.131372 1.441177 0.000000
v -3.939216 1.441177 0.000000
v -3.747059 1.441177 0.000000
v -3.554902 1.441177 0.000000
v -3.362745 1.441177 0.000000
v -3.170588 1.441177 0.000000
v -2.978432 1.441177 0.000000
v -2.786275 1.441177 0.000000
v -2.594118 1.441177 0.000000
v -2.401961 1.441177 0.000000
v -2.209805 1.441177 0.000000
v -2.017648 1.441177 0.000000
v -1.825491 1.441177 0.000000
v -1.633334 1.441177 0.000000
v -1.441177 1.441177 0.000000
v -1.249020 1.441177 0.000000
v -1.056863 1.441177 0.000000
v -0.864706 1.441177 0.000000
v -0.672549 1.441177 0.000000
v -0.480392 1.441177 0.000000
v -0.288236 1.441177 0.000000
v -0.096079 1.441177 0.000000
v 0.096078 1.441177 0.000000
v 0.288235 1.441177 0.000000
v 0.480392 1.441177 0.000000
v 0.672549 1.441177 0.000000
v 0.864706 1.441177 0.000000
v 1.056863 1.441177 0.000000
v 1.249020 1.441177 0.000000
v 1.441177 1.441177 0.000000
v 1.633334 1.441177 0.000000
v 1.825490 1.441177 0.000000
v 2.017647 1.441177 0.000000
v 2.209804 1.441177 0.000000
v 2.401961 1.441177 0.000000
v 2.594118 1.441177 0.000000
v 2.786274 1.441177 0.000000
v 2.978432 1.441177 0.000000
v 3.170588 1.441177 0.000000
v 3.362745 1.441177 0.000000
v 3.554902 1.441177 0.000000
v 3.747059 1.441177 0.000000
v 3.939216 1.441177 0.000000
v 4.131372 1.441177 0.000000
v 4.323530 1.441177 0.000000
v 4.515687 1.441177 0.000000
v 4.707843 1.441177 0.000000
v -4.707843 1.249020 0.000000
v -4.515687 1.249020 0.000000
v -4.323530 1.249020 0.000000
v -4.131372 1.249020 0.000000
v -3.939216 1.249020 0.000000
v -3.747059 1.249020 0.000000
v -3.554902 1.249020 0.000000
v -3.362745 1.249020 0.000000
v -3.170588 1.249020 0.000000
v -2.978432 1.249020 0.000000
v -2.786275 1.249020 0.000000
v -2.594118 1.249020 0.000000
v -2.401961 1.249020 0.000000
v -2.209805 1.249020 0.000000
v -2.017648 1.249020 0.000000
v -1.825491 1.249020 0.000000
v -1.633334 1.249020 0.000000
v -1.441177 1.249020 0.000000
v -1.249020 1.249020 0.000000
v -1.056863 1.249020 0.000000
v -0.864706 1.249020 0.000000
v -0.672549 1.249020 0.000000
v -0.480392 1.249020 0.000000
v -0.288236 1.249020 0.000000
v -0.096079 1.249020 0.000000
v 0.096078 1.249020 0.000000
v 0.288235 1.249020 0.000000
v 0.480392 1.249020 0.000000
v 0.672549 1.249020 0.000000
v 0.864706 1.249020 0.000000
v 1.056863 1.249020 0.000000
v 1.249020 1.249020 0.000000
v 1.441177 1.249020 0.000000
v 1.633334 1.249020 0.000000
v 1.825490 1.249020 0.000000
v 2.017647 1.249020 0.000000
v 2.209804 1.249020 0.000000
v 2.401961 1.249020 0.000000
v 2.594118 1.249020 0.000000
v 2.786274 1.249020 0.000000
v 2.978432 1.249020 0.000000
v 3.170588 1.249020 0.000000
v 3.362745 1.249020 0.000000
v 3.554902 1.249020 0.000000
v 3.747059 1.249020 0.000000
v 3.939216 1.249020 0.000000
v 4.131372 1.249020 0.000000
v 4.323530 1.249020 0.000000
v 4.515687 1.249020 0.000000
v 4.707843 1.249020 0.000000
v -4.707843 1.056863 0.000000
v -4.515687 1.056863 0.000000
v -4.323530 1.056863 0.000000
v -4.131372 1.056863 0.000000
v -3.939216 1.056863 0.000000
v -3.747059 1.056863 0.000000
v -3.554902 1.056863 0.000000
v -3.362745 1.056863 0.000000
v -3.170588 1.056863 0.000000
v -2.978432 1.056863 0.000000
v -2.786275 1.056863 0.000000
v -2.594118 1.056863 0.000000
v -2.401961 1.056863 0.000000
v -2.209805 1.056863 0.000000
v -2.017648 1.056863 0.000000
v -1.825491 1.056863 0.000000
v -1.633334 1.056863 0.000000
v -1.441177 1.056863 0.000000
v -1.249020 1.056863 0.000000
v -1.056863 1.056863 0.000000
v -0.864706 1.056863 0.000000
v -0.672549 1.056863 0.000000
v -0.480392 1.056863 0.000000
v -0.288236 1.056863 0.000000
v -0.096079 1.056863 0.000000
v 0.096078 1.056863 0.000000
v 0.288235 1.056863 0.000000
v 0.480392 1.056863 0.000000
v 0.672549 1.056863 0.000000
v 0.864706 1.056863 0.000000
v 1.056863 1.056863 0.000000
v 1.249020 1.056863 0.000000
v 1.441177 1.056863 0.000000
v 1.633334 1.056863 0.000000
v 1.825490 1.056863 0.000000
v 2.017647 1.056863 0.000000
v 2.209804 1.056863 0.000000
v 2.401961 1.056863 0.000000
v 2.594118 1.056863 0.000000
v 2.786274 1.056863 0.000000
v 2.978432 1.056863 0.000000
v 3.170588 1.056863 0.000000
v 3.362745 1.056863 0.000000
v 3.554902 1.056863 0.000000
v 3.747059 1.056863 0.000000
v 3.939216 1.056863 0.000000
v 4.131372 1.056863 0.000000
v 4.323530 1.056863 0.000000
v 4.515687 1.056863 0.000000
v 4.707843 1.056863 0.000000
v -4.707843 0.864706 0.000000
v -4.515687 0.864706 0.000000
v -4.323530 0.864706 0.000000
v -4.131372 0.864706 0.000000
v -3.939216 0.864706 0.000000
v -3.747059 0.864706 0.000000
v -3.554902 0.864706 0.000000
v -3.362745 0.864706 0.000000
v -3.170588 0.864706 0.000000
v -2.978432 0.864706 0.000000
v -2.786275 0.864706 0.000000
v -2.594118 0.864706 0.000000
v -2.401961 0.864706 0.000000
v -2.209805 0.864706 0.000000
v -2.017648 0.864706 0.000000
v -1.825491 0.864706 0.000000
v -1.633334 0.864706 0.000000
v -1.441177 0.864706 0.000000
v -1.249020 0.864706 0.000000
v -1.056863 0.864706 0.000000
v -0.864706 0.864706 0.000000
v -0.672549 0.864706 0.000000
v -0.480392 0.864706 0.000000
v -0.288236 0.864706 0.000000
v -0.096079 0.864706 0.000000
v 0.096078 0.864706 0.000000
v 0.288235 0.864706 0.000000
v 0.480392 0.864706 0.000000
v 0.672549 0.864706 0.000000
v 0.864706 0.864706 0.000000
v 1.056863 0.864706 0.000000
v 1.249020 0.864706 0.000000
v 1.441177 0.864706 0.000000
v 1.633334 0.864706 0.000000
v 1.825490 0.864706 0.000000
v 2.017647 0.864706 0.000000
v 2.209804 0.864706 0.000000
v 2.401961 0.864706 0.000000
v 2.594118 0.864706 0.000000
v 2.786274 0.864706 0.000000
v 2.978432 0.864706 0.000000
v 3.170588 0.864706 0.000000
v 3.362745 0.864706 0.000000
v 3.554902 0.864706 0.000000
v 3.747059 0.864706 0.000000
v 3.939216 0.864706 0.000000
v 4.131372 0.864706 0.000000
v 4.323530 0.864706 0.000000
v 4.515687 0.864706 0.000000
v 4.707843 0.864706 0.000000
v -4.707843 0.672549 0.000000
v -4.515687 0.672549 0.000000
v -4.323530 0.672549 0.000000
v -4.131372 0.672549 0.000000
v -3.939216 0.672549 0.000000
v -3.747059 0.672549 0.000000
v -3.554902 0.672549 0.000000
v -3.362745 0.672549 0.000000
v -3.170588 0.672549 0.000000
v -2.978432 0.672549 0.000000
v -2.786275 0.672549 0.000000
v -2.594118 0.672549 0.000000
v -2.401961 0.672549 0.000000
v -2.209805 0.672549 0.000000
v -2.017648 0.672549 0.000000
v -1.825491 0.672549 0.000000
v -1.633334 0.672549 0.000000
v -1.441177 0.672549 0.000000
v -1.249020 0.672549 0.000000
v -1.056863 0.672549 0.000000
v -0.864706 0.672549 0.000000
v -0.672549 0.672549 0.000000
v -0.480392 0.672549 0.000000
v -0.288236 0.672549 0.000000
v -0.096079 0.672549 0.000000
v 0.096078 0.672549 0.000000
v 0.288235 0.672549 0.000000
v 0.480392 0.672549 0.000000
v 0.672549 0.672549 0.000000
v 0.864706 0.672549 0.000000
v 1.056863 0.672549 0.000000
v 1.249020 0.672549 0.000000
v 1.441177 0.672549 0.000000
v 1.633334 0.672549 0.000000
v 1.825490 0.672549 0.000000
v 2.017647 0.672549 0.000000
v 2.209804 0.672549 0.000000
v 2.401961 0.672549 0.000000
v 2.594118 0.672549 0.000000
v 2.786274 0.672549 0.000000
v 2.978432 0.672549 0.000000
v 3.170588 0.672549 0.000000
v 3.362745 0.672549 0.000000
v 3.554902 0.672549 0.000000
v 3.747059 0.672549 0.000000
v 3.939216 0.672549 0.000000
v 4.131372 0.672549 0.000000
v 4.323530 0.672549 0.000000
v 4.515687 0.672549 0.000000
v 4.707843 0.672549 0.000000
v -4.707843 0.480392 0.000000
v -4.515687 0.480392 0.000000
v -4.323530 0.480392 0.000000
v -4.131372 0.480392 0.000000
v -3.939216 0.480392 0.000000
v -3.747059 0.480392 0.000000
v -3.554902 0.480392 0.000000
v -3.362745 0.480392 0.000000
v -3.170588 0.480392 0.000000
v -2.978432 0.480392 0.000000
v -2.786275 0.480392 0.000000
v -2.594118 0.480392 0.000000
v -2.401961 0.480392 0.000000
v -2.209805 0.480392 0.000000
v -2.017648 0.480392 0.000000
v -1.825491 0.480392 0.000000
v -1.633334 0.480392 0.000000
v -1.441177 0.480392 0.000000
v -1.249020 0.480392 0.000000
v -1.056863 0.480392 0.000000
v -0.864706 0.480392 0.000000
v -0.672549 0.480392 0.000000
v -0.480392 0.480392 0.000000
v -0.288236 0.480392 0.000000
v -0.096079 0.480392 0.000000
v 0.096078 0.480392 0.000000
v 0.288235 0.480392 0.000000
v 0.480392 0.480392 0.000000
v 0.672549 0.480392 0.000000
v 0.864706 0.480392 0.000000
v 1.056863 0.480392 0.000000
v 1.249020 0.480392 0.000000
v 1.441177 0.480392 0.000000
v 1.633334 0.480392 0.000000
v 1.825490 0.480392 0.000000
v 2.017647 0.480392 0.000000
v 2.209804 0.480392 0.000000
v 2.401961 0.480392 0.000000
v 2.594118 0.480392 0.000000
v 2.786274 0.480392 0.000000
v 2.978432 0.480392 0.000000
v 3.170588 0.480392 0.000000
v 3.362745 0.480392 0.000000
v 3.554902 0.480392 0.000000
v 3.747059 0.480392 0.000000
v 3.939216 0.480392 0.000000
v 4.131372 0.480392 0.000000
v 4.323530 0.480392 0.000000
v 4.515687 0.480392 0.000000
v 4.707843 0.480392 0.000000
v -4.707843 0.288236 0.000000
v -4.515687 0.288236 0.000000
v -4.323530 0.288236 0.000000
v -4.131372 0.288235 0.000000
v -3.939216 0.288235 0.000000
v -3.747059 0.288235 0.000000
v -3.554902 0.288235 0.000000
v -3.362745 0.288235 0.000000
v -3.170588 0.288235 0.000000
v -2.978432 0.288235 0.000000
v -2.786275 0.288235 0.000000
v -2.594118 0.288235 0.000000
v -2.401961 0.288235 0.000000
v -2.209805 0.288235 0.000000
v -2.017648 0.288235 0.000000
v -1.825491 0.288235 0.000000
v -1.633334 0.288235 0.000000
v -1.441177 0.288235 0.000000
v -1.249020 0.288235 0.000000
v -1.056863 0.288235 0.000000
v -0.864706 0.288235 0.000000
v -0.672549 0.288235 0.000000
v -0.480392 0.288235 0.000000
v -0.288236 0.288235 0.000000
v -0.096079 0.288235 0.000000
v 0.096078 0.288235 0.000000
v 0.288235 0.288235 0.000000
v 0.480392 0.288235 0.000000
v 0.672549 0.288235 0.000000
v 0.864706 0.288235 0.000000
v 1.056863 0.288235 0.000000
v 1.249020 0.288235 0.000000
v 1.441177 0.288235 0.000000
v 1.633334 0.288235 0.000000
v 1.825490 0.288235 0.000000
v 2.017647 0.288235 0.000000
v 2.209804 0.288235 0.000000
v 2.401961 0.288235 0.000000
v 2.594118 0.288235 0.000000
v 2.786274 0.288235 0.000000
v 2.978432 0.288235 0.000000
v 3.170588 0.288235 0.000000
v 3.362745 0.288235 0.000000
v 3.554902 0.288235 0.000000
v 3.747059 0.288235 0.000000
v 3.939216 0.288235 0.000000
v 4.131372 0.288235 0.000000
v 4.323530 0.288235 0.000000
v 4.515687 0.288235 0.000000
v 4.707843 0.288235 0.000000
v -3.554902 -1.633334 1.500004
v -3.747059 -1.633334 1.500004
v -3.939216 -1.633334 1.500004
v -4.131372 -1.633334 1.500004
v -4.323530 -1.633334 1.500004
v -2.786275 -1.441177 1.500004
v -2.978432 -1.441177 1.500004
v -3.362745 0.096079 0.000000
v -3.170588 0.096079 0.000000
v -2.978432 0.096079 0.000000
v -2.786275 0.096079 0.000000
v -2.594118 0.096079 0.000000
v -2.401961 0.096079 0.000000
v -2.209805 0.096079 0.000000
v -2.017648 0.096079 0.000000
v -1.825491 0.096079 0.000000
v -1.633334 0.096079 0.000000
v -1.441177 0.096079 0.000000
v -1.249020 0.096079 0.000000
v -1.056863 0.096078 0.000000
v -0.864706 0.096078 0.000000
v -0.672549 0.096078 0.000000
v -0.480392 0.096078 0.000000
v -0.288236 0.096078 0.000000
v -0.096079 0.096078 0.000000
v 0.096078 0.096078 0.000000
v 0.288235 0.096078 0.000000
v 0.480392 0.096078 0.000000
v 0.672549 0.096078 0.000000
v 0.864706 0.096078 0.000000
v 1.056863 0.096078 0.000000
v 1.249020 0.096078 0.000000
v 1.441177 0.096078 0.000000
v 1.633334 0.096078 0.000000
v 1.825490 0.096078 0.000000
v 2.017647 0.096078 0.000000
v 2.209804 0.096078 0.000000
v 2.401961 0.096078 0.000000
v 2.594118 0.096078 0.000000
v 2.786274 0.096078 0.000000
v 2.978432 0.096078 0.000000
v 3.170588 0.096078 0.000000
v 3.362745 0.096078 0.000000
v 3.554902 0.096078 0.000000
v 3.747059 0.096078 0.000000
v 3.939216 0.096078 0.000000
v 4.131372 0.096078 0.000000
v 4.323530 0.096078 0.000000
v 4.515687 0.096078 0.000000
v 4.707843 0.096078 0.000000
v -3.170588 -1.441177 1.500004
v -3.362745 -1.441177 1.500004
v -3.554902 -1.441177 1.500004
v -3.747059 -1.441177 1.500004
v -3.939216 -1.441177 1.500004
v -4.131372 -1.441177 1.500004
v -4.323530 -1.441177 1.500004
v -3.362745 -0.096078 0.000000
v -3.170588 -0.096078 0.000000
v -2.978432 -0.096078 0.000000
v -2.786275 -0.096078 0.000000
v -2.594118 -0.096078 0.000000
v -2.401961 -0.096078 0.000000
v -2.209805 -0.096078 0.000000
v -2.017648 -0.096078 0.000000
v -1.825491 -0.096078 0.000000
v -1.633334 -0.096078 0.000000
v -1.441177 -0.096078 0.000000
v -1.249020 -0.096078 0.000000
v -1.056863 -0.096078 0.000000
v -0.864706 -0.096078 0.000000
v -0.672549 -0.096078 0.000000
v -0.480392 -0.096078 0.000000
v -0.288236 -0.096078 0.000000
v -0.096079 -0.096078 0.000000
v 0.096078 -0.096078 0.000000
v 0.288235 -0.096078 0.000000
v 0.480392 -0.096078 0.000000
v 0.672549 -0.096079 0.000000
v 0.864706 -0.096079 0.000000
v 1.056863 -0.096079 0.000000
v 1.249020 -0.096079 0.000000
v 1.441177 -0.096079 0.000000
v 1.633334 -0.096079 0.000000
v 1.825490 -0.096079 0.000000
v 2.017647 -0.096079 0.000000
v 2.209804 -0.096079 0.000000
v 2.401961 -0.096079 0.000000
v 2.594118 -0.096079 0.000000
v 2.786274 -0.096079 0.000000
v 2.978432 -0.096079 0.000000
v 3.170588 -0.096079 0.000000
v 3.362745 -0.096079 0.000000
v 3.554902 -0.096079 0.000000
v 3.747059 -0.096079 0.000000
v 3.939216 -0.096079 0.000000
v 4.131372 -0.096079 0.000000
v 4.323530 -0.096079 0.000000
v 4.515687 -0.096079 0.000000
v 4.707843 -0.096079 0.000000
v -4.707843 -0.288235 0.000000
v -4.515687 -0.288235 0.000000
v -4.323530 -0.288235 0.000000
v -4.131372 -0.288235 0.000000
v -3.939216 -0.288235 0.000000
v -3.747059 -0.288235 0.000000
v -3.554902 -0.288235 0.000000
v -3.362745 -0.288235 0.000000
v -3.170588 -0.288235 0.000000
v -2.978432 -0.288235 0.000000
v -2.786275 -0.288235 0.000000
v -2.594118 -0.288235 0.000000
v -2.401961 -0.288235 0.000000
v -2.209805 -0.288235 0.000000
v -2.017648 -0.288235 0.000000
v -1.825491 -0.288235 0.000000
v -1.633334 -0.288235 0.000000
v -1.441177 -0.288235 0.000000
v -1.249020 -0.288235 0.000000
v -1.056863 -0.288235 0.000000
v -0.864706 -0.288235 0.000000
v -0.672549 -0.288235 0.000000
v -0.480392 -0.288235 0.000000
v -0.288236 -0.288235 0.000000
v -0.096079 -0.288235 0.000000
v 0.096078 -0.288235 0.000000
v 0.288235 -0.288235 0.000000
v 0.480392 -0.288235 0.000000
v 0.672549 -0.288235 0.000000
v 0.864706 -0.288235 0.000000
v 1.056863 -0.288235 0.000000
v 1.249020 -0.288235 0.000000
v 1.441177 -0.288235 0.000000
v 1.633334 -0.288235 0.000000
v 1.825490 -0.288235 0.000000
v 2.017647 -0.288235 0.000000
v 2.209804 -0.288235 0.000000
v 2.401961 -0.288235 0.000000
v 2.594118 -0.288235 0.000000
v 2.786274 -0.288235 0.000000
v 2.978432 -0.288235 0.000000
v 3.170588 -0.288235 0.000000
v 3.362745 -0.288235 0.000000
v 3.554902 -0.288235 0.000000
v 3.747059 -0.288235 0.000000
v 3.939216 -0.288235 0.000000
v 4.131372 -0.288235 0.000000
v 4.323530 -0.288235 0.000000
v 4.515687 -0.288236 0.000000
v 4.707843 -0.288236 0.000000
v -4.707843 -0.480392 0.000000
v -4.515687 -0.480392 0.000000
v -4.323530 -0.480392 0.000000
v -4.131372 -0.480392 0.000000
v -3.939216 -0.480392 0.000000
v -3.747059 -0.480392 0.000000
v -3.554902 -0.480392 0.000000
v -3.362745 -0.480392 0.000000
v -3.170588 -0.480392 0.000000
v -2.978432 -0.480392 0.000000
v -2.786275 -0.480392 0.000000
v -2.594118 -0.480392 0.000000
v -2.401961 -0.480392 0.000000
v -2.209805 -0.480392 0.000000
v -2.017648 -0.480392 0.000000
v -1.825491 -0.480392 0.000000
v -1.633334 -0.480392 0.000000
v -1.441177 -0.480392 0.000000
v -1.249020 -0.480392 0.000000
v -1.056863 -0.480392 0.000000
v -0.864706 -0.480392 0.000000
v -0.672549 -0.480392 0.000000
v -0.480392 -0.480392 0.000000
v -0.288236 -0.480392 0.000000
v -0.096079 -0.480392 0.000000
v 0.096078 -0.480392 0.000000
v 0.288235 -0.480392 0.000000
v 0.480392 -0.480392 0.000000
v 0.672549 -0.480392 0.000000
v 0.864706 -0.480392 0.000000
v 1.056863 -0.480392 0.000000
v 1.249020 -0.480392 0.000000
v 1.441177 -0.480392 0.000000
v 1.633334 -0.480392 0.000000
v 1.825490 -0.480392 0.000000
v 2.017647 -0.480392 0.000000
v 2.209804 -0.480392 0.000000
v 2.401961 -0.480392 0.000000
v 2.594118 -0.480392 0.000000
v 2.786274 -0.480392 0.000000
v 2.978432 -0.480392 0.000000
v 3.170588 -0.480392 0.000000
v 3.362745 -0.480392 0.000000
v 3.554902 -0.480392 0.000000
v 3.747059 -0.480392 0.000000
v 3.939216 -0.480392 0.000000
v 4.131372 -0.480392 0.000000
v 4.323530 -0.480392 0.000000
v 4.515687 -0.480392 0.000000
v 4.707843 -0.480392 0.000000
v -4.707843 -0.672549 0.000000
v -4.515687 -0.672549 0.000000
v -4.323530 -0.672549 0.000000
v -4.131372 -0.672549 0.000000
v -3.939216 -0.672549 0.000000
v -3.747059 -0.672549 0.000000
v -3.554902 -0.672549 0.000000
v -3.362745 -0.672549 0.000000
v -3.170588 -0.672549 0.000000
v -2.978432 -0.672549 0.000000
v -2.786275 -0.672549 0.000000
v -2.594118 -0.672549 0.000000
v -2.401961 -0.672549 0.000000
v -2.209805 -0.672549 0.000000
v -2.017648 -0.672549 0.000000
v -1.825491 -0.672549 0.000000
v -1.633334 -0.672549 0.000000
v -1.441177 -0.672549 0.000000
v -1.249020 -0.672549 0.000000
v -1.056863 -0.672549 0.000000
v -0.864706 -0.672549 0.000000
v -0.672549 -0.672549 0.000000
v -0.480392 -0.672549 0.000000
v -0.288236 -0.672549 0.000000
v -0.096079 -0.672549 0.000000
v 0.096078 -0.672549 0.000000
v 0.288235 -0.672549 0.000000
v 0.480392 -0.672549 0.000000
v 0.672549 -0.672549 0.000000
v 0.864706 -0.672549 0.000000
v 1.056863 -0.672549 0.000000
v 1.249020 -0.672549 0.000000
v 1.441177 -0.672549 0.000000
v 1.633334 -0.672549 0.000000
v 1.825490 -0.672549 0.000000
v 2.017647 -0.672549 0.000000
v 2.209804 -0.672549 0.000000
v 2.401961 -0.672549 0.000000
v 2.594118 -0.672549 0.000000
v 2.786274 -0.672549 0.000000
v 2.978432 -0.672549 0.000000
v 3.170588 -0.672549 0.000000
v 3.362745 -0.672549 0.000000
v 3.554902 -0.672549 0.000000
v 3.747059 -0.672549 0.000000
v 3.939216 -0.672549 0.000000
v 4.131372 -0.672549 0.000000
v 4.323530 -0.672549 0.000000
v 4.515687 -0.672549 0.000000
v 4.707843 -0.672549 0.000000
v -4.707843 -0.864706 0.000000
v -4.515687 -0.864706 0.000000
v -4.323530 -0.864706 0.000000
v -4.131372 -0.864706 0.000000
v -3.939216 -0.864706 0.000000
v -3.747059 -0.864706 0.000000
v -3.554902 -0.864706 0.000000
v -3.362745 -0.864706 0.000000
v -3.170588 -0.864706 0.000000
v -2.978432 -0.864706 0.000000
v -2.786275 -0.864706 0.000000
v -2.594118 -0.864706 0.000000
v -2.401961 -0.864706 0.000000
v -2.209805 -0.864706 0.000000
v -2.017648 -0.864706 0.000000
v -1.825491 -0.864706 0.000000
v -1.633334 -0.864706 0.000000
v -1.441177 -0.864706 0.000000
v -1.249020 -0.864706 0.000000
v -1.056863 -0.864706 0.000000
v -0.864706 -0.864706 0.000000
v -0.672549 -0.864706 0.000000
v -0.480392 -0.864706 0.000000
v -0.288236 -0.864706 0.000000
v -0.096079 -0.864706 0.000000
v 0.096078 -0.864706 0.000000
v 0.288235 -0.864706 0.000000
v 0.480392 -0.864706 0.000000
v 0.672549 -0.864706 0.000000
v 0.864706 -0.864706 0.000000
v 1.056863 -0.864706 0.000000
v 1.249020 -0.864706 0.000000
v 1.441177 -0.864706 0.000000
v 1.633334 -0.864706 0.000000
v 1.825490 -0.864706 0.000000
v 2.017647 -0.864706 0.000000
v 2.209804 -0.864706 0.000000
v 2.401961 -0.864706 0.000000
v 2.594118 -0.864706 0.000000
v 2.786274 -0.864706 0.000000
v 2.978432 -0.864706 0.000000
v 3.170588 -0.864706 0.000000
v 3.362745 -0.864706 0.000000
v 3.554902 -0.864706 0.000000
v 3.747059 -0.864706 0.000000
v 3.939216 -0.864706 0.000000
v 4.131372 -0.864706 0.000000
v 4.323530 -0.864706 0.000000
v 4.515687 -0.864706 0.000000
v 4.707843 -0.864706 0.000000
v -4.707843 -1.056863 0.000000
v -4.515687 -1.056863 0.000000
v -4.323530 -1.056863 0.000000
v -4.131372 -1.056863 0.000000
v -3.939216 -1.056863 0.000000
v -3.747059 -1.056863 0.000000
v -3.554902 -1.056863 0.000000
v -3.362745 -1.056863 0.000000
v -3.170588 -1.056863 0.000000
v -2.978432 -1.056863 0.000000
v -2.786275 -1.056863 0.000000
v -2.594118 -1.056863 0.000000
v -2.401961 -1.056863 0.000000
v -2.209805 -1.056863 0.000000
v -2.017648 -1.056863 0.000000
v -1.825491 -1.056863 0.000000
v -1.633334 -1.056863 0.000000
v -1.441177 -1.056863 0.000000
v -1.249020 -1.056863 0.000000
v -1.056863 -1.056863 0.000000
v -0.864706 -1.056863 0.000000
v -0.672549 -1.056863 0.000000
v -0.480392 -1.056863 0.000000
v -0.288236 -1.056863 0.000000
v -0.096079 -1.056863 0.000000
v 0.096078 -1.056863 0.000000
v 0.288235 -1.056863 0.000000
v 0.480392 -1.056863 0.000000
v 0.672549 -1.056863 0.000000
v 0.864706 -1.056863 0.000000
v 1.056863 -1.056863 0.000000
v 1.249020 -1.056863 0.000000
v 1.441177 -1.056863 0.000000
v 1.633334 -1.056863 0.000000
v 1.825490 -1.056863 0.000000
v 2.017647 -1.056863 0.000000
v 2.209804 -1.056863 0.000000
v 2.401961 -1.056863 0.000000
v 2.594118 -1.056863 0.000000
v 2.786274 -1.056863 0.000000
v 2.978432 -1.056863 0.000000
v 3.170588 -1.056863 0.000000
v 3.362745 -1.056863 0.000000
v 3.554902 -1.056863 0.000000
v 3.747059 -1.056863 0.000000
v 3.939216 -1.056863 0.000000
v 4.131372 -1.056863 0.000000
v 4.323530 -1.056863 0.000000
v 4.515687 -1.056863 0.000000
v 4.707843 -1.056863 0.000000
v -4.707843 -1.249020 0.000000
v -4.515687 -1.249020 0.000000
v -4.323530 -1.249020 0.000000
v -4.131372 -1.249020 0.000000
v -3.939216 -1.249020 0.000000
v -3.747059 -1.249020 0.000000
v -3.554902 -1.249020 0.000000
v -3.362745 -1.249020 0.000000
v -3.170588 -1.249020 0.000000
v -2.978432 -1.249020 0.000000
v -2.786275 -1.249020 0.000000
v -2.594118 -1.249020 0.000000
v -2.401961 -1.249020 0.000000
v -2.209805 -1.249020 0.000000
v -2.017648 -1.249020 0.000000
v -1.825491 -1.249020 0.000000
v -1.633334 -1.249020 0.000000
v -1.441177 -1.249020 0.000000
v -1.249020 -1.249020 0.000000
v -1.056863 -1.249020 0.000000
v -0.864706 -1.249020 0.000000
v -0.672549 -1.249020 0.000000
v -0.480392 -1.249020 0.000000
v -0.288236 -1.249020 0.000000
v -0.096079 -1.249020 0.000000
v 0.096078 -1.249020 0.000000
v 0.288235 -1.249020 0.000000
v 0.480392 -1.249020 0.000000
v 0.672549 -1.249020 0.000000
v 0.864706 -1.249020 0.000000
v 1.056863 -1.249020 0.000000
v 1.249020 -1.249020 0.000000
v 1.441177 -1.249020 0.000000
v 1.633334 -1.249020 0.000000
v 1.825490 -1.249020 0.000000
v 2.017647 -1.249020 0.000000
v 2.209804 -1.249020 0.000000
v 2.401961 -1.249020 0.000000
v 2.594118 -1.249020 0.000000
v 2.786274 -1.249020 0.000000
v 2.978432 -1.249020 0.000000
v 3.170588 -1.249020 0.000000
v 3.362745 -1.249020 0.000000
v 3.554902 -1.249020 0.000000
v 3.747059 -1.249020 0.000000
v 3.939216 -1.249020 0.000000
v 4.131372 -1.249020 0.000000
v 4.323530 -1.249020 0.000000
v 4.515687 -1.249020 0.000000
v 4.707843 -1.249020 0.000000
v -4.707843 -1.441177 0.000000
v -4.515687 -1.441177 0.000000
v -4.323530 -1.441177 0.000000
v -4.131372 -1.441177 0.000000
v -3.939216 -1.441177 0.000000
v -3.747059 -1.441177 0.000000
v -3.554902 -1.441177 0.000000
v -3.362745 -1.441177 0.000000
v -3.170588 -1.441177 0.000000
v -2.978432 -1.441177 0.000000
v -2.786275 -1.441177 0.000000
v -2.594118 -1.441177 0.000000
v -2.401961 -1.441177 0.000000
v -2.209805 -1.441177 0.000000
v -2.017648 -1.441177 0.000000
v -1.825491 -1.441177 0.000000
v -1.633334 -1.441177 0.000000
v -1.441177 -1.441177 0.000000
v -1.249020 -1.441177 0.000000
v -1.056863 -1.441177 0.000000
v -0.864706 -1.441177 0.000000
v -0.672549 -1.441177 0.000000
v -0.480392 -1.441177 0.000000
v -0.288236 -1.441177 0.000000
v -0.096079 -1.441177 0.000000
v 0.096078 -1.441177 0.000000
v 0.288235 -1.441177 0.000000
v 0.480392 -1.441177 0.000000
v 0.672549 -1.441177 0.000000
v 0.864706 -1.441177 0.000000
v 1.056863 -1.441177 0.000000
v 1.249020 -1.441177 0.000000
v 1.441177 -1.441177 0.000000
v 1.633334 -1.441177 0.000000
v 1.825490 -1.441177 0.000000
v 2.017647 -1.441177 0.000000
v 2.209804 -1.441177 0.000000
v 2.401961 -1.441177 0.000000
v 2.594118 -1.441177 0.000000
v 2.786274 -1.441177 0.000000
v 2.978432 -1.441177 0.000000
v 3.170588 -1.441177 0.000000
v 3.362745 -1.441177 0.000000
v 3.554902 -1.441177 0.000000
v 3.747059 -1.441177 0.000000
v 3.939216 -1.441177 0.000000
v 4.131372 -1.441177 0.000000
v 4.323530 -1.441177 0.000000
v 4.515687 -1.441177 0.000000
v 4.707843 -1.441177 0.000000
v -4.707843 -1.633334 0.000000
v -4.515687 -1.633334 0.000000
v -4.323530 -1.633334 0.000000
v -2.786275 -1.633334 0.000000
v -2.594118 -1.633334 0.000000
v -2.401961 -1.633334 0.000000
v -2.209805 -1.633334 0.000000
v -2.017648 -1.633334 0.000000
v -1.825491 -1.633334 0.000000
v -1.633334 -1.633334 0.000000
v -1.441177 -1.633334 0.000000
v -1.249020 -1.633334 0.000000
v -1.056863 -1.633334 0.000000
v -0.864706 -1.633334 0.000000
v -0.672549 -1.633334 0.000000
v -0.480392 -1.633334 0.000000
v -0.288236 -1.633334 0.000000
v -0.096079 -1.633334 0.000000
v 0.096078 -1.633334 0.000000
v 0.288235 -1.633334 0.000000
v 0.480392 -1.633334 0.000000
v 0.672549 -1.633334 0.000000
v 0.864706 -1.633334 0.000000
v 1.056863 -1.633334 0.000000
v 1.249020 -1.633334 0.000000
v 1.441177 -1.633334 0.000000
v 1.633334 -1.633334 0.000000
v 1.825490 -1.633334 0.000000
v 2.017647 -1.633334 0.000000
v 2.209804 -1.633334 0.000000
v 2.401961 -1.633334 0.000000
v 2.594118 -1.633334 0.000000
v 2.786274 -1.633334 0.000000
v 2.978432 -1.633334 0.000000
v 3.170588 -1.633334 0.000000
v 3.362745 -1.633334 0.000000
v 3.554902 -1.633334 0.000000
v 3.747059 -1.633334 0.000000
v 3.939216 -1.633334 0.000000
v 4.131372 -1.633334 0.000000
v 4.323530 -1.633334 0.000000
v 4.515687 -1.633334 0.000000
v 4.707843 -1.633334 0.000000
v -4.707843 -1.825490 0.000000
v -4.515687 -1.825490 0.000000
v -4.323530 -1.825490 0.000000
v -4.131372 -1.825490 0.000000
v -3.939216 -1.825490 0.000000
v -3.747059 -1.825490 0.000000
v -3.554902 -1.825490 0.000000
v -3.362745 -1.825490 0.000000
v -3.170588 -1.825490 0.000000
v -2.978432 -1.825490 0.000000
v -2.786275 -1.825490 0.000000
v -2.594118 -1.825490 0.000000
v -2.401961 -1.825490 0.000000
v -2.209805 -1.825490 0.000000
v -2.017648 -1.825490 0.000000
v -1.825491 -1.825490 0.000000
v -1.633334 -1.825490 0.000000
v -1.441177 -1.825490 0.000000
v -1.249020 -1.825490 0.000000
v -1.056863 -1.825490 0.000000
v -0.864706 -1.825490 0.000000
v -0.672549 -1.825490 0.000000
v -0.480392 -1.825490 0.000000
v -0.288236 -1.825490 0.000000
v -0.096079 -1.825490 0.000000
v 0.096078 -1.825490 0.000000
v 0.288235 -1.825490 0.000000
v 0.480392 -1.825490 0.000000
v 0.672549 -1.825490 0.000000
v 0.864706 -1.825490 0.000000
v 1.056863 -1.825490 0.000000
v 1.249020 -1.825490 0.000000
v 1.441177 -1.825490 0.000000
v 1.633334 -1.825490 0.000000
v 1.825490 -1.825490 0.000000
v 2.017647 -1.825490 0.000000
v 2.209804 -1.825490 0.000000
v 2.401961 -1.825490 0.000000
v 2.594118 -1.825490 0.000000
v 2.786274 -1.825490 0.000000
v 2.978432 -1.825490 0.000000
v 3.170588 -1.825490 0.000000
v 3.362745 -1.825490 0.000000
v 3.554902 -1.825490 0.000000
v 3.747059 -1.825490 0.000000
v 3.939216 -1.825491 0.000000
v 4.131372 -1.825491 0.000000
v 4.323530 -1.825491 0.000000
v 4.515687 -1.825491 0.000000
v 4.707843 -1.825491 0.000000
v -4.707843 -2.017647 0.000000
v -4.515687 -2.017647 0.000000
v -4.323530 -2.017647 0.000000
v -4.131372 -2.017647 0.000000
v -3.939216 -2.017647 0.000000
v -3.747059 -2.017647 0.000000
v -3.554902 -2.017647 0.000000
v -3.362745 -2.017647 0.000000
v -3.170588 -2.017647 0.000000
v -2.978432 -2.017647 0.000000
v -2.786275 -2.017647 0.000000
v -2.594118 -2.017647 0.000000
v -2.401961 -2.017647 0.000000
v -2.209805 -2.017647 0.000000
v -2.017648 -2.017647 0.000000
v -1.825491 -2.017647 0.000000
v -1.633334 -2.017647 0.000000
v -1.441177 -2.017647 0.000000
v -1.249020 -2.017647 0.000000
v -1.056863 -2.017647 0.000000
v -0.864706 -2.017647 0.000000
v -0.672549 -2.017647 0.000000
v -0.480392 -2.017647 0.000000
v -0.288236 -2.017647 0.000000
v -0.096079 -2.017647 0.000000
v 0.096078 -2.017647 0.000000
v 0.288235 -2.017647 0.000000
v 0.480392 -2.017647 0.000000
v 0.672549 -2.017647 0.000000
v 0.864706 -2.017647 0.000000
v 1.056863 -2.017647 0.000000
v 1.249020 -2.017647 0.000000
v 1.441177 -2.017647 0.000000
v 1.633334 -2.017647 0.000000
v 1.825490 -2.017647 0.000000
v 2.017647 -2.017647 0.000000
v 2.209804 -2.017647 0.000000
v 2.401961 -2.017647 0.000000
v 2.594118 -2.017647 0.000000
v 2.786274 -2.017647 0.000000
v 2.978432 -2.017647 0.000000
v 3.170588 -2.017647 0.000000
v 3.362745 -2.017647 0.000000
v 3.554902 -2.017647 0.000000
v 3.747059 -2.017647 0.000000
v 3.939216 -2.017647 0.000000
v 4.131372 -2.017647 0.000000
v 4.323530 -2.017648 0.000000
v 4.515687 -2.017648 0.000000
v 4.707843 -2.017648 0.000000
v -4.707843 -2.209804 0.000000
v -4.515687 -2.209804 0.000000
v -4.323530 -2.209804 0.000000
v -4.131372 -2.209804 0.000000
v -3.939216 -2.209804 0.000000
v -3.747059 -2.209804 0.000000
v -3.554902 -2.209804 0.000000
v -3.362745 -2.209804 0.000000
v -3.170588 -2.209804 0.000000
v -2.978432 -2.209804 0.000000
v -2.786275 -2.209804 0.000000
v -2.594118 -2.209804 0.000000
v -2.401961 -2.209804 0.000000
v -2.209805 -2.209804 0.000000
v -2.017648 -2.209804 0.000000
v -1.825491 -2.209804 0.000000
v -1.633334 -2.209804 0.000000
v -1.441177 -2.209804 0.000000
v -1.249020 -2.209804 0.000000
v -1.056863 -2.209804 0.000000
v -0.864706 -2.209804 0.000000
v -0.672549 -2.209804 0.000000
v -0.480392 -2.209804 0.000000
v -0.288236 -2.209804 0.000000
v -0.096079 -2.209804 0.000000
v 0.096078 -2.209804 0.000000
v 0.288235 -2.209804 0.000000
v 0.480392 -2.209804 0.000000
v 0.672549 -2.209804 0.000000
v 0.864706 -2.209804 0.000000
v 1.056863 -2.209804 0.000000
v 1.249020 -2.209804 0.000000
v 1.441177 -2.209804 0.000000
v 1.633334 -2.209804 0.000000
v 1.825490 -2.209804 0.000000
v 2.017647 -2.209804 0.000000
v 2.209804 -2.209804 0.000000
v 2.401961 -2.209804 0.000000
v 2.594118 -2.209804 0.000000
v 2.786274 -2.209804 0.000000
v 2.978432 -2.209804 0.000000
v 3.170588 -2.209804 0.000000
v 3.362745 -2.209804 0.000000
v 3.554902 -2.209804 0.000000
v 3.747059 -2.209804 0.000000
v 3.939216 -2.209804 0.000000
v 4.131372 -2.209804 0.000000
v 4.323530 -2.209804 0.000000
v 4.515687 -2.209804 0.000000
v 4.707843 -2.209805 0.000000
v -4.707843 -2.401961 0.000000
v -4.515687 -2.401961 0.000000
v -4.323530 -2.401961 0.000000
v -4.131372 -2.401961 0.000000
v -3.939216 -2.401961 0.000000
v -3.747059 -2.401961 0.000000
v -3.554902 -2.401961 0.000000
v -3.362745 -2.401961 0.000000
v -3.170588 -2.401961 0.000000
v -2.978432 -2.401961 0.000000
v -2.786275 -2.401961 0.000000
v -2.594118 -2.401961 0.000000
v -2.401961 -2.401961 0.000000
v -2.209805 -2.401961 0.000000
v -2.017648 -2.401961 0.000000
v -1.825491 -2.401961 0.000000
v -1.633334 -2.401961 0.000000
v -1.441177 -2.401961 0.000000
v -1.249020 -2.401961 0.000000
v -1.056863 -2.401961 0.000000
v -0.864706 -2.401961 0.000000
v -0.672549 -2.401961 0.000000
v -0.480392 -2.401961 0.000000
v -0.288236 -2.401961 0.000000
v -0.096079 -2.401961 0.000000
v 0.096078 -2.401961 0.000000
v 0.288235 -2.401961 0.000000
v 0.480392 -2.401961 0.000000
v 0.672549 -2.401961 0.000000
v 0.864706 -2.401961 0.000000
v 1.056863 -2.401961 0.000000
v 1.249020 -2.401961 0.000000
v 1.441177 -2.401961 0.000000
v 1.633334 -2.401961 0.000000
v 1.825490 -2.401961 0.000000
v 2.017647 -2.401961 0.000000
v 2.209804 -2.401961 0.000000
v 2.401961 -2.401961 0.000000
v 2.594118 -2.401961 0.000000
v 2.786274 -2.401961 0.000000
v 2.978432 -2.401961 0.000000
v 3.170588 -2.401961 0.000000
v 3.362745 -2.401961 0.000000
v 3.554902 -2.401961 0.000000
v 3.747059 -2.401961 0.000000
v 3.939216 -2.401961 0.000000
v 4.131372 -2.401961 0.000000
v 4.323530 -2.401961 0.000000
v 4.515687 -2.401961 0.000000
v 4.707843 -2.401961 0.000000
v -4.707843 -2.594118 0.000000
v -4.515687 -2.594118 0.000000
v -4.323530 -2.594118 0.000000
v -4.131372 -2.594118 0.000000
v -3.939216 -2.594118 0.000000
v -3.747059 -2.594118 0.000000
v -3.554902 -2.594118 0.000000
v -3.362745 -2.594118 0.000000
v -3.170588 -2.594118 0.000000
v -2.978432 -2.594118 0.000000
v -2.786275 -2.594118 0.000000
v -2.594118 -2.594118 0.000000
v -2.401961 -2.594118 0.000000
v -2.209805 -2.594118 0.000000
v -2.017648 -2.594118 0.000000
v -1.825491 -2.594118 0.000000
v -1.633334 -2.594118 0.000000
v -1.441177 -2.594118 0.000000
v -1.249020 -2.594118 0.000000
v -1.056863 -2.594118 0.000000
v -0.864706 -2.594118 0.000000
v -0.672549 -2.594118 0.000000
v -0.480392 -2.594118 0.000000
v -0.288236 -2.594118 0.000000
v -0.096079 -2.594118 0.000000
v 0.096078 -2.594118 0.000000
v 0.288235 -2.594118 0.000000
v 0.480392 -2.594118 0.000000
v 0.672549 -2.594118 0.000000
v 0.864706 -2.594118 0.000000
v 1.056863 -2.594118 0.000000
v 1.249020 -2.594118 0.000000
v 1.441177 -2.594118 0.000000
v 1.633334 -2.594118 0.000000
v 1.825490 -2.594118 0.000000
v 2.017647 -2.594118 0.000000
v 2.209804 -2.594118 0.000000
v 2.401961 -2.594118 0.000000
v 2.594118 -2.594118 0.000000
v 2.786274 -2.594118 0.000000
v 2.978432 -2.594118 0.000000
v 3.170588 -2.594118 0.000000
v 3.362745 -2.594118 0.000000
v 3.554902 -2.594118 0.000000
v 3.747059 -2.594118 0.000000
v 3.939216 -2.594118 0.000000
v 4.131372 -2.594118 0.000000
v 4.323530 -2.594118 0.000000
v 4.515687 -2.594118 0.000000
v 4.707843 -2.594118 0.000000
v -4.707843 -2.786274 0.000000
v -4.515687 -2.786274 0.000000
v -4.323530 -2.786274 0.000000
v -4.131372 -2.786274 0.000000
v -3.939216 -2.786274 0.000000
v -3.747059 -2.786274 0.000000
v -3.554902 -2.786274 0.000000
v -3.362745 -2.786274 0.000000
v -3.170588 -2.786274 0.000000
v -2.978432 -2.786274 0.000000
v -2.786275 -2.786274 0.000000
v -2.594118 -2.786274 0.000000
v -2.401961 -2.786274 0.000000
v -2.209805 -2.786274 0.000000
v -2.017648 -2.786274 0.000000
v -1.825491 -2.786274 0.000000
v -1.633334 -2.786274 0.000000
v -1.441177 -2.786274 0.000000
v -1.249020 -2.786274 0.000000
v -1.056863 -2.786274 0.000000
v -0.864706 -2.786274 0.000000
v -0.672549 -2.786274 0.000000
v -0.480392 -2.786274 0.000000
v -0.288236 -2.786274 0.000000
v -0.096079 -2.786274 0.000000
v 0.096078 -2.786274 0.000000
v 0.288235 -2.786274 0.000000
v 0.480392 -2.786274 0.000000
v 0.672549 -2.786274 0.000000
v 0.864706 -2.786274 0.000000
v 1.056863 -2.786274 0.000000
v 1.249020 -2.786274 0.000000
v 1.441177 -2.786274 0.000000
v 1.633334 -2.786274 0.000000
v 1.825490 -2.786274 0.000000
v 2.017647 -2.786274 0.000000
v 2.209804 -2.786274 0.000000
v 2.401961 -2.786274 0.000000
v 2.594118 -2.786274 0.000000
v 2.786274 -2.786274 0.000000
v 2.978432 -2.786274 0.000000
v 3.170588 -2.786274 0.000000
v 3.362745 -2.786274 0.000000
v 3.554902 -2.786274 0.000000
v 3.747059 -2.786274 0.000000
v 3.939216 -2.786274 0.000000
v 4.131372 -2.786274 0.000000
v 4.323530 -2.786274 0.000000
v 4.515687 -2.786274 0.000000
v 4.707843 -2.786274 0.000000
v -4.707843 -2.978432 0.000000
v -4.515687 -2.978432 0.000000
v -4.323530 -2.978432 0.000000
v -4.131372 -2.978432 0.000000
v -3.939216 -2.978432 0.000000
v -3.747059 -2.978432 0.000000
v -3.554902 -2.978432 0.000000
v -3.362745 -2.978432 0.000000
v -3.170588 -2.978432 0.000000
v -2.978432 -2.978432 0.000000
v -2.786275 -2.978432 0.000000
v -2.594118 -2.978432 0.000000
v -2.401961 -2.978432 0.000000
v -2.209805 -2.978432 0.000000
v -2.017648 -2.978432 0.000000
v -1.825491 -2.978432 0.000000
v -1.633334 -2.978432 0.000000
v -1.441177 -2.978432 0.000000
v -1.249020 -2.978432 0.000000
v -1.056863 -2.978432 0.000000
v -0.864706 -2.978432 0.000000
v -0.672549 -2.978432 0.000000
v -0.480392 -2.978432 0.000000
v -0.288236 -2.978432 0.000000
v -0.096079 -2.978432 0.000000
v 0.096078 -2.978432 0.000000
v 0.288235 -2.978432 0.000000
v 0.480392 -2.978432 0.000000
v 0.672549 -2.978432 0.000000
v 0.864706 -2.978432 0.000000
v 1.056863 -2.978432 0.000000
v 1.249020 -2.978432 0.000000
v 1.441177 -2.978432 0.000000
v 1.633334 -2.978432 0.000000
v 1.825490 -2.978432 0.000000
v 2.017647 -2.978432 0.000000
v 2.209804 -2.978432 0.000000
v 2.401961 -2.978432 0.000000
v 2.594118 -2.978432 0.000000
v 2.786274 -2.978432 0.000000
v 2.978432 -2.978432 0.000000
v 3.170588 -2.978432 0.000000
v 3.362745 -2.978432 0.000000
v 3.554902 -2.978432 0.000000
v 3.747059 -2.978432 0.000000
v 3.939216 -2.978432 0.000000
v 4.131372 -2.978432 0.000000
v 4.323530 -2.978432 0.000000
v 4.515687 -2.978432 0.000000
v 4.707843 -2.978432 0.000000
v -4.707843 -3.170588 0.000000
v -4.515687 -3.170588 0.000000
v -4.323530 -3.170588 0.000000
v -4.131372 -3.170588 0.000000
v -3.939216 -3.170588 0.000000
v -3.747059 -3.170588 0.000000
v -3.554902 -3.170588 0.000000
v -3.362745 -3.170588 0.000000
v -3.170588 -3.170588 0.000000
v -2.978432 -3.170588 0.000000
v -2.786275 -3.170588 0.000000
v -2.594118 -3.170588 0.000000
v -2.401961 -3.170588 0.000000
v -2.209805 -3.170588 0.000000
v -2.017648 -3.170588 0.000000
v -1.825491 -3.170588 0.000000
v -1.633334 -3.170588 0.000000
v -1.441177 -3.170588 0.000000
v -1.249020 -3.170588 0.000000
v -1.056863 -3.170588 0.000000
v -0.864706 -3.170588 0.000000
v -0.672549 -3.170588 0.000000
v -0.480392 -3.170588 0.000000
v -0.288236 -3.170588 0.000000
v -0.096079 -3.170588 0.000000
v 0.096078 -3.170588 0.000000
v 0.288235 -3.170588 0.000000
v 0.480392 -3.170588 0.000000
v 0.672549 -3.170588 0.000000
v 0.864706 -3.170588 0.000000
v 1.056863 -3.170588 0.000000
v 1.249020 -3.170588 0.000000
v 1.441177 -3.170588 0.000000
v 1.633334 -3.170588 0.000000
v 1.825490 -3.170588 0.000000
v 2.017647 -3.170588 0.000000
v 2.209804 -3.170588 0.000000
v 2.401961 -3.170588 0.000000
v 2.594118 -3.170588 0.000000
v 2.786274 -3.170588 0.000000
v 2.978432 -3.170588 0.000000
v 3.170588 -3.170588 0.000000
v 3.362745 -3.170588 0.000000
v 3.554902 -3.170588 0.000000
v 3.747059 -3.170588 0.000000
v 3.939216 -3.170588 0.000000
v 4.131372 -3.170588 0.000000
v 4.323530 -3.170588 0.000000
v 4.515687 -3.170588 0.000000
v 4.707843 -3.170588 0.000000
v -4.707843 -3.362745 0.000000
v -4.515687 -3.362745 0.000000
v -4.323530 -3.362745 0.000000
v -4.131372 -3.362745 0.000000
v -3.939216 -3.362745 0.000000
v -3.747059 -3.362745 0.000000
v -3.554902 -3.362745 0.000000
v -3.362745 -3.362745 0.000000
v -3.170588 -3.362745 0.000000
v -2.978432 -3.362745 0.000000
v -2.786275 -3.362745 0.000000
v -2.594118 -3.362745 0.000000
v -2.401961 -3.362745 0.000000
v -2.209805 -3.362745 0.000000
v -2.017648 -3.362745 0.000000
v -1.825491 -3.362745 0.000000
v -1.633334 -3.362745 0.000000
v -1.441177 -3.362745 0.000000
v -1.249020 -3.362745 0.000000
v -1.056863 -3.362745 0.000000
v -0.864706 -3.362745 0.000000
v -0.672549 -3.362745 0.000000
v -0.480392 -3.362745 0.000000
v -0.288236 -3.362745 0.000000
v -0.096079 -3.362745 0.000000
v 0.096078 -3.362745 0.000000
v 0.288235 -3.362745 0.000000
v 0.480392 -3.362745 0.000000
v 0.672549 -3.362745 0.000000
v 0.864706 -3.362745 0.000000
v 1.056863 -3.362745 0.000000
v 1.249020 -3.362745 0.000000
v 1.441177 -3.362745 0.000000
v 1.633334 -3.362745 0.000000
v 1.825490 -3.362745 0.000000
v 2.017647 -3.362745 0.000000
v 2.209804 -3.362745 0.000000
v 2.401961 -3.362745 0.000000
v 2.594118 -3.362745 0.000000
v 2.786274 -3.362745 0.000000
v 2.978432 -3.362745 0.000000
v 3.170588 -3.362745 0.000000
v 3.362745 -3.362745 0.000000
v 3.554902 -3.362745 0.000000
v 3.747059 -3.362745 0.000000
v 3.939216 -3.362745 0.000000
v 4.131372 -3.362745 0.000000
v 4.323530 -3.362745 0.000000
v 4.515687 -3.362745 0.000000
v 4.707843 -3.362745 0.000000
v -4.707843 -3.554902 0.000000
v -4.515687 -3.554902 0.000000
v -4.323530 -3.554902 0.000000
v -4.131372 -3.554902 0.000000
v -3.939216 -3.554902 0.000000
v -3.747059 -3.554902 0.000000
v -3.554902 -3.554902 0.000000
v -3.362745 -3.554902 0.000000
v -3.170588 -3.554902 0.000000
v -2.978432 -3.554902 0.000000
v -2.786275 -3.554902 0.000000
v -2.594118 -3.554902 0.000000
v -2.401961 -3.554902 0.000000
v -2.209805 -3.554902 0.000000
v -2.017648 -3.554902 0.000000
v -1.825491 -3.554902 0.000000
v -1.633334 -3.554902 0.000000
v -1.441177 -3.554902 0.000000
v -1.249020 -3.554902 0.000000
v -1.056863 -3.554902 0.000000
v -0.864706 -3.554902 0.000000
v -0.672549 -3.554902 0.000000
v -0.480392 -3.554902 0.000000
v -0.288236 -3.554902 0.000000
v -0.096079 -3.554902 0.000000
v 0.096078 -3.554902 0.000000
v 0.288235 -3.554902 0.000000
v 0.480392 -3.554902 0.000000
v 0.672549 -3.554902 0.000000
v 0.864706 -3.554902 0.000000
v 1.056863 -3.554902 0.000000
v 1.249020 -3.554902 0.000000
v 1.441177 -3.554902 0.000000
v 1.633334 -3.554902 0.000000
v 1.825490 -3.554902 0.000000
v 2.017647 -3.554902 0.000000
v 2.209804 -3.554902 0.000000
v 2.401961 -3.554902 0.000000
v 2.594118 -3.554902 0.000000
v 2.786274 -3.554902 0.000000
v 2.978432 -3.554902 0.000000
v 3.170588 -3.554902 0.000000
v 3.362745 -3.554902 0.000000
v 3.554902 -3.554902 0.000000
v 3.747059 -3.554902 0.000000
v 3.939216 -3.554902 0.000000
v 4.131372 -3.554902 0.000000
v 4.323530 -3.554902 0.000000
v 4.515687 -3.554902 0.000000
v 4.707843 -3.554902 0.000000
v -4.707843 -3.747059 0.000000
v -4.515687 -3.747059 0.000000
v -4.323530 -3.747059 0.000000
v -4.131372 -3.747059 0.000000
v -3.939216 -3.747059 0.000000
v -3.747059 -3.747059 0.000000
v -3.554902 -3.747059 0.000000
v -3.362745 -3.747059 0.000000
v -3.170588 -3.747059 0.000000
v -2.978432 -3.747059 0.000000
v -2.786275 -3.747059 0.000000
v -2.594118 -3.747059 0.000000
v -2.401961 -3.747059 0.000000
v -2.209805 -3.747059 0.000000
v -2.017648 -3.747059 0.000000
v -1.825491 -3.747059 0.000000
v -1.633334 -3.747059 0.000000
v -1.441177 -3.747059 0.000000
v -1.249020 -3.747059 0.000000
v -1.056863 -3.747059 0.000000
v -0.864706 -3.747059 0.000000
v -0.672549 -3.747059 0.000000
v -0.480392 -3.747059 0.000000
v -0.288236 -3.747059 0.000000
v -0.096079 -3.747059 0.000000
v 0.096078 -3.747059 0.000000
v 0.288235 -3.747059 0.000000
v 0.480392 -3.747059 0.000000
v 0.672549 -3.747059 0.000000
v 0.864706 -3.747059 0.000000
v 1.056863 -3.747059 0.000000
v 1.249020 -3.747059 0.000000
v 1.441177 -3.747059 0.000000
v 1.633334 -3.747059 0.000000
v 1.825490 -3.747059 0.000000
v 2.017647 -3.747059 0.000000
v 2.209804 -3.747059 0.000000
v 2.401961 -3.747059 0.000000
v 2.594118 -3.747059 0.000000
v 2.786274 -3.747059 0.000000
v 2.978432 -3.747059 0.000000
v 3.170588 -3.747059 0.000000
v 3.362745 -3.747059 0.000000
v 3.554902 -3.747059 0.000000
v 3.747059 -3.747059 0.000000
v 3.939216 -3.747059 0.000000
v 4.131372 -3.747059 0.000000
v 4.323530 -3.747059 0.000000
v 4.515687 -3.747059 0.000000
v 4.707843 -3.747059 0.000000
v -4.707843 -3.939216 0.000000
v -4.515687 -3.939216 0.000000
v -4.323530 -3.939216 0.000000
v -4.131372 -3.939216 0.000000
v -3.939216 -3.939216 0.000000
v -3.747059 -3.939216 0.000000
v -3.554902 -3.939216 0.000000
v -3.362745 -3.939216 0.000000
v -3.170588 -3.939216 0.000000
v -2.978432 -3.939216 0.000000
v -2.786275 -3.939216 0.000000
v -2.594118 -3.939216 0.000000
v -2.401961 -3.939216 0.000000
v -2.209805 -3.939216 0.000000
v -2.017648 -3.939216 0.000000
v -1.825491 -3.939216 0.000000
v -1.633334 -3.939216 0.000000
v -1.441177 -3.939216 0.000000
v -1.249020 -3.939216 0.000000
v -1.056863 -3.939216 0.000000
v -0.864706 -3.939216 0.000000
v -0.672549 -3.939216 0.000000
v -0.480392 -3.939216 0.000000
v -0.288236 -3.939216 0.000000
v -0.096079 -3.939216 0.000000
v 0.096078 -3.939216 0.000000
v 0.288235 -3.939216 0.000000
v 0.480392 -3.939216 0.000000
v 0.672549 -3.939216 0.000000
v 0.864706 -3.939216 0.000000
v 1.056863 -3.939216 0.000000
v 1.249020 -3.939216 0.000000
v 1.441177 -3.939216 0.000000
v 1.633334 -3.939216 0.000000
v 1.825490 -3.939216 0.000000
v 2.017647 -3.939216 0.000000
v 2.209804 -3.939216 0.000000
v 2.401961 -3.939216 0.000000
v 2.594118 -3.939216 0.000000
v 2.786274 -3.939216 0.000000
v 2.978432 -3.939216 0.000000
v 3.170588 -3.939216 0.000000
v 3.362745 -3.939216 0.000000
v 3.554902 -3.939216 0.000000
v 3.747059 -3.939216 0.000000
v 3.939216 -3.939216 0.000000
v 4.131372 -3.939216 0.000000
v 4.323530 -3.939216 0.000000
v 4.515687 -3.939216 0.000000
v 4.707843 -3.939216 0.000000
v -4.707843 -4.131372 0.000000
v -4.515687 -4.131372 0.000000
v -4.323530 -4.131372 0.000000
v -4.131372 -4.131372 0.000000
v -3.939216 -4.131372 0.000000
v -3.747059 -4.131372 0.000000
v -3.554902 -4.131372 0.000000
v -3.362745 -4.131372 0.000000
v -3.170588 -4.131372 0.000000
v -2.978432 -4.131372 0.000000
v -2.786275 -4.131372 0.000000
v -2.594118 -4.131372 0.000000
v -2.401961 -4.131372 0.000000
v -2.209805 -4.131372 0.000000
v -2.017648 -4.131372 0.000000
v -1.825491 -4.131372 0.000000
v -1.633334 -4.131372 0.000000
v -1.441177 -4.131372 0.000000
v -1.249020 -4.131372 0.000000
v -1.056863 -4.131372 0.000000
v -0.864706 -4.131372 0.000000
v -0.672549 -4.131372 0.000000
v -0.480392 -4.131372 0.000000
v -0.288236 -4.131372 0.000000
v -0.096079 -4.131372 0.000000
v 0.096078 -4.131372 0.000000
v 0.288235 -4.131372 0.000000
v 0.480392 -4.131372 0.000000
v 0.672549 -4.131372 0.000000
v 0.864706 -4.131372 0.000000
v 1.056863 -4.131372 0.000000
v 1.249020 -4.131372 0.000000
v 1.441177 -4.131372 0.000000
v 1.633334 -4.131372 0.000000
v 1.825490 -4.131372 0.000000
v 2.017647 -4.131372 0.000000
v 2.209804 -4.131372 0.000000
v 2.401961 -4.131372 0.000000
v 2.594118 -4.131372 0.000000
v 2.786274 -4.131372 0.000000
v 2.978432 -4.131372 0.000000
v 3.170588 -4.131372 0.000000
v 3.362745 -4.131372 0.000000
v 3.554902 -4.131372 0.000000
v 3.747059 -4.131372 0.000000
v 3.939216 -4.131372 0.000000
v 4.131372 -4.131372 0.000000
v 4.323530 -4.131372 0.000000
v 4.515687 -4.131372 0.000000
v 4.707843 -4.131372 0.000000
v -4.707843 -4.323530 0.000000
v -4.515687 -4.323530 0.000000
v -4.323530 -4.323530 0.000000
v -4.131372 -4.323530 0.000000
v -3.939216 -4.323530 0.000000
v -3.747059 -4.323530 0.000000
v -3.554902 -4.323530 0.000000
v -3.362745 -4.323530 0.000000
v -3.170588 -4.323530 0.000000
v -2.978432 -4.323530 0.000000
v -2.786275 -4.323530 0.000000
v -2.594118 -4.323530 0.000000
v -2.401961 -4.323530 0.000000
v -2.209805 -4.323530 0.000000
v -2.017648 -4.323530 0.000000
v -1.825491 -4.323530 0.000000
v -1.633334 -4.323530 0.000000
v -1.441177 -4.323530 0.000000
v -1.249020 -4.323530 0.000000
v -1.056863 -4.323530 0.000000
v -0.864706 -4.323530 0.000000
v -0.672549 -4.323530 0.000000
v -0.480392 -4.323530 0.000000
v -0.288236 -4.323530 0.000000
v -0.096079 -4.323530 0.000000
v 0.096078 -4.323530 0.000000
v 0.288235 -4.323530 0.000000
v 0.480392 -4.323530 0.000000
v 0.672549 -4.323530 0.000000
v 0.864706 -4.323530 0.000000
v 1.056863 -4.323530 0.000000
v 1.249020 -4.323530 0.000000
v 1.441177 -4.323530 0.000000
v 1.633334 -4.323530 0.000000
v 1.825490 -4.323530 0.000000
v 2.017647 -4.323530 0.000000
v 2.209804 -4.323530 0.000000
v 2.401961 -4.323530 0.000000
v 2.594118 -4.323530 0.000000
v 2.786274 -4.323530 0.000000
v 2.978432 -4.323530 0.000000
v 3.170588 -4.323530 0.000000
v 3.362745 -4.323530 0.000000
v 3.554902 -4.323530 0.000000
v 3.747059 -4.323530 0.000000
v 3.939216 -4.323530 0.000000
v 4.131372 -4.323530 0.000000
v 4.323530 -4.323530 0.000000
v 4.515687 -4.323530 0.000000
v 4.707843 -4.323530 0.000000
v -4.707843 -4.515687 0.000000
v -4.515687 -4.515687 0.000000
v -4.323530 -4.515687 0.000000
v -4.131372 -4.515687 0.000000
v -3.939216 -4.515687 0.000000
v -3.747059 -4.515687 0.000000
v -3.554902 -4.515687 0.000000
v -3.362745 -4.515687 0.000000
v -3.170588 -4.515687 0.000000
v -2.978432 -4.515687 0.000000
v -2.786275 -4.515687 0.000000
v -2.594118 -4.515687 0.000000
v -2.401961 -4.515687 0.000000
v -2.209805 -4.515687 0.000000
v -2.017648 -4.515687 0.000000
v -1.825491 -4.515687 0.000000
v -1.633334 -4.515687 0.000000
v -1.441177 -4.515687 0.000000
v -1.249020 -4.515687 0.000000
v -1.056863 -4.515687 0.000000
v -0.864706 -4.515687 0.000000
v -0.672549 -4.515687 0.000000
v -0.480392 -4.515687 0.000000
v -0.288236 -4.515687 0.000000
v -0.096079 -4.515687 0.000000
v 0.096078 -4.515687 0.000000
v 0.288235 -4.515687 0.000000
v 0.480392 -4.515687 0.000000
v 0.672549 -4.515687 0.000000
v 0.864706 -4.515687 0.000000
v 1.056863 -4.515687 0.000000
v 1.249020 -4.515687 0.000000
v 1.441177 -4.515687 0.000000
v 1.633334 -4.515687 0.000000
v 1.825490 -4.515687 0.000000
v 2.017647 -4.515687 0.000000
v 2.209804 -4.515687 0.000000
v 2.401961 -4.515687 0.000000
v 2.594118 -4.515687 0.000000
v 2.786274 -4.515687 0.000000
v 2.978432 -4.515687 0.000000
v 3.170588 -4.515687 0.000000
v 3.362745 -4.515687 0.000000
v 3.554902 -4.515687 0.000000
v 3.747059 -4.515687 0.000000
v 3.939216 -4.515687 0.000000
v 4.131372 -4.515687 0.000000
v 4.323530 -4.515687 0.000000
v 4.515687 -4.515687 0.000000
v 4.707843 -4.515687 0.000000
v -4.707843 -4.707843 0.000000
v -4.515687 -4.707843 0.000000
v -4.323530 -4.707843 0.000000
v -4.131372 -4.707843 0.000000
v -3.939216 -4.707843 0.000000
v -3.747059 -4.707843 0.000000
v -3.554902 -4.707843 0.000000
v -3.362745 -4.707843 0.000000
v -3.170588 -4.707843 0.000000
v -2.978432 -4.707843 0.000000
v -2.786275 -4.707843 0.000000
v -2.594118 -4.707843 0.000000
v -2.401961 -4.707843 0.000000
v -2.209805 -4.707843 0.000000
v -2.017648 -4.707843 0.000000
v -1.825491 -4.707843 0.000000
v -1.633334 -4.707843 0.000000
v -1.441177 -4.707843 0.000000
v -1.249020 -4.707843 0.000000
v -1.056863 -4.707843 0.000000
v -0.864706 -4.707843 0.000000
v -0.672549 -4.707843 0.000000
v -0.480392 -4.707843 0.000000
v -0.288236 -4.707843 0.000000
v -0.096079 -4.707843 0.000000
v 0.096078 -4.707843 0.000000
v 0.288235 -4.707843 0.000000
v 0.480392 -4.707843 0.000000
v 0.672549 -4.707843 0.000000
v 0.864706 -4.707843 0.000000
v 1.056863 -4.707843 0.000000
v 1.249020 -4.707843 0.000000
v 1.441177 -4.707843 0.000000
v 1.633334 -4.707843 0.000000
v 1.825490 -4.707843 0.000000
v 2.017647 -4.707843 0.000000
v 2.209804 -4.707843 0.000000
v 2.401961 -4.707843 0.000000
v 2.594118 -4.707843 0.000000
v 2.786274 -4.707843 0.000000
v 2.978432 -4.707843 0.000000
v 3.170588 -4.707843 0.000000
v 3.362745 -4.707843 0.000000
v 3.554902 -4.707843 0.000000
v 3.747059 -4.707843 0.000000
v 3.939216 -4.707843 0.000000
v 4.131372 -4.707843 0.000000
v 4.323530 -4.707843 0.000000
v 4.515687 -4.707843 0.000000
v 4.707843 -4.707843 0.000000
v -1.633334 3.939216 -0.000002
v -2.401961 3.939216 -0.000002
v 0.288235 4.131372 1.500000
v 0.480392 4.131372 1.500000
v 0.672549 4.131372 1.500000
v 0.864706 4.131372 1.500000
v 1.056863 4.131372 1.500000
v 1.249020 4.131372 1.500000
v 1.441177 4.131372 1.500000
v 1.633334 4.131372 1.500000
v 1.825490 4.131372 1.500000
v 2.017647 4.131372 1.500000
v 2.209804 4.131372 1.500000
v 2.401961 4.131372 1.500000
v 2.594118 4.131372 1.500000
v 2.786274 4.131372 1.500000
v 2.978432 4.131372 1.500000
v -1.056863 3.939216 -0.000002
v -1.441177 3.939216 -0.000002
v 0.288235 3.939216 1.500000
v 0.480392 3.939216 1.500000
v 0.672549 3.939216 1.500000
v 0.864706 3.939216 1.500000
v 1.056863 3.939216 1.500000
v 1.249020 3.939216 1.500000
v 1.441177 3.939216 1.500000
v 1.633334 3.939216 1.500000
v 1.825490 3.939216 1.500000
v 2.017647 3.939216 1.500000
v 2.209804 3.939216 1.500000
v 2.401961 3.939216 1.500000
v 2.594118 3.939216 1.500000
v 2.786274 3.939216 1.500000
v 2.978432 3.939216 1.500000
v -3.554902 2.978432 1.500002
v -3.362745 2.978432 1.500002
v -3.170588 2.978432 1.500002
v -2.978432 2.978432 1.500002
v -2.786275 2.978432 1.500002
v -2.594118 2.978432 1.500002
v -2.401961 2.978432 1.500002
v -2.209805 2.978432 1.500002
v -2.017648 2.978432 1.500002
v -1.825491 2.978432 1.500002
v -1.633334 2.978432 1.500002
v -1.441177 2.978432 1.500002
v -1.249020 2.978432 1.500002
v -1.056863 2.978432 1.500002
v -0.864706 2.978432 1.500002
v -0.672549 2.978432 1.500002
v -0.480392 2.978432 1.500002
v -0.288236 2.978432 1.500002
v -3.554902 2.786275 1.500002
v -3.362745 2.786275 1.500002
v -3.170588 2.786275 1.500002
v -2.978432 2.786275 1.500002
v -2.786275 2.786275 1.500002
v -2.594118 2.786275 1.500002
v -2.401961 2.786275 1.500002
v -2.209805 2.786275 1.500002
v -2.017648 2.786275 1.500002
v -1.825491 2.786275 1.500002
v -1.633334 2.786275 1.500002
v -1.441177 2.786275 1.500002
v -1.249020 2.786275 1.500002
v -1.056863 2.786275 1.500002
v -0.864706 2.786275 1.500002
v -0.672549 2.786275 1.500002
v -0.480392 2.786275 1.500002
v -0.288236 2.786275 1.500002
v 4.900000 2.786274 1.500002
v 4.900000 2.978432 1.500002
v 4.707843 2.978432 1.500002
v 4.707843 2.786274 1.500002
v 0.288235 2.978432 1.500002
v 0.480392 2.978432 1.500002
v 0.672549 2.978432 1.500002
v 0.864706 2.978432 1.500002
v 1.056863 2.978432 1.500002
v 1.249020 2.978432 1.500002
v 1.441177 2.978432 1.500002
v 1.633334 2.978432 1.500002
v 1.825490 2.978432 1.500002
v 2.017647 2.978432 1.500002
v 2.209804 2.978432 1.500002
v 2.401961 2.978432 1.500002
v 2.594118 2.978432 1.500002
v 2.786274 2.978432 1.500002
v 2.978432 2.978432 1.500002
v 3.170588 2.978432 1.500002
v 3.362745 2.978432 1.500002
v 3.554902 2.978432 1.500002
v 3.747059 2.978432 1.500002
v 3.939216 2.978432 1.500002
v 4.131372 2.978432 1.500002
v 4.323530 2.978432 1.500002
v 4.515687 2.978432 1.500002
v 0.288235 2.786275 1.500002
v 0.480392 2.786275 1.500002
v 0.672549 2.786275 1.500002
v 0.864706 2.786275 1.500002
v 1.056863 2.786275 1.500002
v 1.249020 2.786275 1.500002
v 1.441177 2.786275 1.500002
v 1.633334 2.786275 1.500002
v 1.825490 2.786275 1.500002
v 2.017647 2.786275 1.500002
v 2.209804 2.786275 1.500002
v 2.401961 2.786275 1.500002
v 2.594118 2.786275 1.500002
v 2.786274 2.786275 1.500002
v 2.978432 2.786275 1.500002
v 3.170588 2.786275 1.500002
v 3.362745 2.786275 1.500002
v 3.554902 2.786275 1.500002
v 3.747059 2.786275 1.500002
v 3.939216 2.786275 1.500002
v 4.131372 2.786275 1.500002
v 4.323530 2.786275 1.500002
v 4.515687 2.786275 1.500002
v 2.401961 1.441177 1.500002
v 2.594118 1.441177 1.500002
v 2.786274 1.441177 1.500002
v 2.978432 1.441177 1.500002
v 3.170588 1.441177 1.500002
v 3.362745 1.441177 1.500002
v 3.554902 1.441177 1.500002
v 3.747059 1.441177 1.500002
v 3.939216 1.441177 1.500002
v 4.131372 1.441177 1.500002
v 4.323530 1.441177 1.500002
v 4.515687 1.441177 1.500002
v 2.401961 1.249020 1.500002
v 2.594118 1.249020 1.500002
v 2.786274 1.249020 1.500002
v 2.978432 1.249020 1.500002
v 3.170588 1.249020 1.500002
v 3.362745 1.249020 1.500002
v 3.554902 1.249020 1.500002
v 3.747059 1.249020 1.500002
v 3.939216 1.249020 1.500002
v 4.131372 1.249020 1.500002
v 4.323530 1.249020 1.500002
v 4.515687 1.249020 1.500002
v -1.633334 1.441177 1.500002
v -1.441177 1.441177 1.500002
v -1.249020 1.441177 1.500002
v -1.056863 1.441177 1.500002
v -0.864706 1.441177 1.500002
v -0.672549 1.441177 1.500002
v -0.480392 1.441177 1.500002
v -0.288236 1.441177 1.500002
v -0.096079 1.441177 1.500002
v 0.096078 1.441177 1.500002
v 0.288235 1.441177 1.500002
v 0.480392 1.441177 1.500002
v 0.672549 1.441177 1.500002
v 0.864706 1.441177 1.500002
v 1.056863 1.441177 1.500002
v 1.249020 1.441177 1.500002
v 1.441177 1.441177 1.500002
v 1.633334 1.441177 1.500002
v -1.633334 1.249020 1.500002
v -1.441177 1.249020 1.500002
v -1.249020 1.249020 1.500002
v -1.056863 1.249020 1.500002
v -0.864706 1.249020 1.500002
v -0.672549 1.249020 1.500002
v -0.480392 1.249020 1.500002
v -0.288236 1.249020 1.500002
v -0.096079 1.249020 1.500002
v 0.096078 1.249020 1.500002
v 0.288235 1.249020 1.500002
v 0.480392 1.249020 1.500002
v 0.672549 1.249020 1.500002
v 0.864706 1.249020 1.500002
v 1.056863 1.249020 1.500002
v 1.249020 1.249020 1.500002
v 1.441177 1.249020 1.500002
v 1.633334 1.249020 1.500002
v -4.131372 1.633334 1.500002
v -3.939216 1.633334 1.500002
v -3.747059 1.633334 1.500002
v -3.554902 1.633334 1.500002
v -3.362745 1.633334 1.500002
v -3.170588 1.633334 1.500002
v -2.978432 1.633334 1.500002
v -2.786275 1.633334 1.500002
v -2.594118 1.633334 1.500002
v -4.131372 1.441177 1.500002
v -3.939216 1.441177 1.500002
v -3.747059 1.441177 1.500002
v -3.554902 1.441177 1.500002
v -3.362745 1.441177 1.500002
v -3.170588 1.441177 1.500002
v -2.978432 1.441177 1.500002
v -2.786275 1.441177 1.500002
v -2.594118 1.441177 1.500002
v 3.554902 1.249020 1.500001
v 3.747059 1.249020 1.500001
v 3.554902 1.056863 1.500001
v 3.747059 1.056863 1.500001
v 3.554902 0.864706 1.500001
v 3.747059 0.864706 1.500001
v 3.554902 0.672549 1.500001
v 3.747059 0.672549 1.500001
v 3.554902 0.480392 1.500001
v 3.747059 0.480392 1.500001
v 3.554902 0.288235 1.500001
v 3.747059 0.288235 1.500001
v 3.554902 0.096078 1.500001
v 3.747059 0.096078 1.500001
v 3.554902 -0.096079 1.500001
v 3.747059 -0.096079 1.500001
v 3.554902 -0.288235 1.500001
v 3.747059 -0.288235 1.500001
v 3.554902 -0.480392 1.500001
v 3.747059 -0.480392 1.500001
v 3.554902 -0.672549 1.500001
v 3.747059 -0.672549 1.500001
v 4.900000 -1.825491 1.500002
v 4.900000 -1.633334 1.500002
v 4.707843 -1.633334 1.500002
v 4.707843 -1.825491 1.500002
v 0.864706 -1.633334 1.500002
v 1.056863 -1.633334 1.500002
v 1.249020 -1.633334 1.500002
v 1.441177 -1.633334 1.500002
v 1.633334 -1.633334 1.500002
v 1.825490 -1.633334 1.500002
v 2.017647 -1.633334 1.500002
v 2.209804 -1.633334 1.500002
v 2.401961 -1.633334 1.500002
v 2.594118 -1.633334 1.500002
v 2.786274 -1.633334 1.500002
v 2.978432 -1.633334 1.500002
v 3.170588 -1.633334 1.500002
v 3.362745 -1.633334 1.500002
v 3.554902 -1.633334 1.500002
v 3.747059 -1.633334 1.500002
v 3.939216 -1.633334 1.500002
v 4.131372 -1.633334 1.500002
v 4.323530 -1.633334 1.500002
v 4.515687 -1.633334 1.500002
v 0.864706 -1.825490 1.500002
v 1.056863 -1.825490 1.500002
v 1.249020 -1.825490 1.500002
v 1.441177 -1.825490 1.500002
v 1.633334 -1.825490 1.500002
v 1.825490 -1.825490 1.500002
v 2.017647 -1.825490 1.500002
v 2.209804 -1.825490 1.500002
v 2.401961 -1.825490 1.500002
v 2.594118 -1.825490 1.500002
v 2.786274 -1.825490 1.500002
v 2.978432 -1.825490 1.500002
v 3.170588 -1.825490 1.500002
v 3.362745 -1.825490 1.500002
v 3.554902 -1.825490 1.500002
v 3.747059 -1.825490 1.500002
v 3.939216 -1.825491 1.500002
v 4.131372 -1.825491 1.500002
v 4.323530 -1.825491 1.500002
v 4.515687 -1.825491 1.500002
v 0.864706 1.249020 1.500002
v 1.056863 1.249020 1.500002
v 0.864706 1.056863 1.500002
v 1.056863 1.056863 1.500002
v 0.864706 0.864706 1.500002
v 1.056863 0.864706 1.500002
v 0.864706 0.672549 1.500002
v 1.056863 0.672549 1.500002
v 0.864706 0.480392 1.500002
v 1.056863 0.480392 1.500002
v 0.864706 0.288235 1.500002
v 1.056863 0.288235 1.500002
v 0.864706 0.096078 1.500002
v 1.056863 0.096078 1.500002
v 0.864706 -0.096079 1.500002
v 1.056863 -0.096079 1.500002
v 0.864706 -0.288235 1.500002
v 1.056863 -0.288235 1.500002
v 0.864706 -0.480392 1.500002
v 1.056863 -0.480392 1.500002
v 0.864706 -0.672549 1.500002
v 1.056863 -0.672549 1.500002
v 0.864706 -0.864706 1.500002
v 1.056863 -0.864706 1.500002
v 0.864706 -1.056863 1.500002
v 1.056863 -1.056863 1.500002
v 0.864706 -1.249020 1.500002
v 1.056863 -1.249020 1.500002
v 0.864706 -1.441177 1.500002
v 1.056863 -1.441177 1.500002
v 0.864706 -1.633334 1.500002
v 1.056863 -1.633334 1.500002
v -2.786275 1.441177 1.500004
v -2.594118 1.441177 1.500004
v -2.786275 1.249020 1.500004
v -2.594118 1.249020 1.500004
v -2.786275 1.056863 1.500004
v -2.594118 1.056863 1.500004
v -2.786275 0.864706 1.500004
v -2.594118 0.864706 1.500004
v -2.786275 0.672549 1.500004
v -2.594118 0.672549 1.500004
v -2.786275 0.480392 1.500004
v -2.594118 0.480392 1.500004
v -2.786275 0.288235 1.500004
v -2.594118 0.288235 1.500004
v -2.786275 0.096079 1.500004
v -2.594118 0.096079 1.500004
v -2.786275 -0.096078 1.500004
v -2.594118 -0.096078 1.500004
v -2.786275 -0.288235 1.500004
v -2.594118 -0.288235 1.500004
v -2.786275 -0.480392 1.500004
v -2.594118 -0.480392 1.500004
v -2.786275 -0.672549 1.500004
v -2.594118 -0.672549 1.500004
v -2.786275 -0.864706 1.500004
v -2.594118 -0.864706 1.500004
v -2.786275 -1.056863 1.500004
v -2.594118 -1.056863 1.500004
v -2.786275 -1.249020 1.500004
v -2.594118 -1.249020 1.500004
v -2.786275 -1.441177 1.500004
v -2.594118 -1.441177 1.500004
v -2.786275 -1.633334 1.500004
v -2.594118 -1.633334 1.500004
v -2.401961 -1.633334 1.500004
v -2.209805 -1.633334 1.500004
v -2.017648 -1.633334 1.500004
v -1.825491 -1.633334 1.500004
v -1.633334 -1.633334 1.500004
v -1.441177 -1.633334 1.500004
v -1.249020 -1.633334 1.500004
v -1.056863 -1.633334 1.500004
v -0.864706 -1.633334 1.500004
v -0.672549 -1.633334 1.500004
v -0.480392 -1.633334 1.500004
v -0.288236 -1.633334 1.500004
v -0.096079 -1.633334 1.500004
v -2.786275 -1.825490 1.500004
v -2.594118 -1.825490 1.500004
v -2.401961 -1.825490 1.500004
v -2.209805 -1.825490 1.500004
v -2.017648 -1.825490 1.500004
v -1.825491 -1.825490 1.500004
v -1.633334 -1.825490 1.500004
v -1.441177 -1.825490 1.500004
v -1.249020 -1.825490 1.500004
v -1.056863 -1.825490 1.500004
v -0.864706 -1.825490 1.500004
v -0.672549 -1.825490 1.500004
v -0.480392 -1.825490 1.500004
v -0.288236 -1.825490 1.500004
v -0.096079 -1.825490 1.500004
v -0.096079 0.672549 1.500002
v 0.096078 0.672549 1.500002
v -0.096079 0.480392 1.500002
v 0.096078 0.480392 1.500002
v -0.096079 0.288235 1.500002
v 0.096078 0.288235 1.500002
v -0.288236 0.096078 1.500002
v -0.096079 0.096078 1.500002
v 0.096078 0.096078 1.500002
v -1.441177 -0.096078 1.500002
v -1.249020 -0.096078 1.500002
v -1.056863 -0.096078 1.500002
v -0.864706 -0.096078 1.500002
v -0.672549 -0.096078 1.500002
v -0.480392 -0.096078 1.500002
v -0.288236 -0.096078 1.500002
v -0.096079 -0.096078 1.500002
v 0.096078 -0.096078 1.500002
v -1.441177 -0.288235 1.500002
v -1.249020 -0.288235 1.500002
v -1.056863 -0.288235 1.500002
v -0.864706 -0.288235 1.500002
v -0.672549 -0.288235 1.500002
v -0.480392 -0.288235 1.500002
v -0.288236 -0.288235 1.500002
v -0.096079 -0.288235 1.500002
v -1.441177 -0.480392 1.500002
v -1.249020 -0.480392 1.500002
v -1.441177 -0.672549 1.500002
v -1.249020 -0.672549 1.500002
v -0.096079 -0.096078 1.500001
v 0.096078 -0.096078 1.500001
v 0.288235 -0.096078 1.500001
v 0.480392 -0.096078 1.500001
v 0.672549 -0.096079 1.500001
v 0.864706 -0.096079 1.500001
v -0.096079 -0.288235 1.500001
v 0.096078 -0.288235 1.500001
v 0.288235 -0.288235 1.500001
v 0.480392 -0.288235 1.500001
v 0.672549 -0.288235 1.500001
v 0.864706 -0.288235 1.500001
v -0.864706 3.939216 -0.000002
v -1.249020 3.939216 -0.000002
v -1.825491 3.939216 -0.000002
v -2.017648 3.939216 -0.000002
v -2.209805 3.939216 -0.000002
v -0.672549 3.939216 -0.000002
v -0.672549 -2.401961 1.500004
v -0.480392 -2.401961 1.500004
v -0.672549 -2.594118 1.500004
v -0.480392 -2.594118 1.500004
v -0.672549 -2.786274 1.500004
v -0.480392 -2.786274 1.500004
v -0.672549 -2.978432 1.500004
v -0.480392 -2.978432 1.500004
v -1.056863 -3.170588 1.500004
v -0.864706 -3.170588 1.500004
v -0.672549 -3.170588 1.500004
v -0.480392 -3.170588 1.500004
v -1.056863 -3.362745 1.500004
v -0.864706 -3.362745 1.500004
v -0.672549 -3.362745 1.500004
v -0.480392 -3.362745 1.500004
v -1.056863 -3.554902 1.500004
v -0.864706 -3.554902 1.500004
v -1.056863 -3.747059 1.500004
v -0.864706 -3.747059 1.500004
v -1.056863 -3.939216 1.500004
v -0.864706 -3.939216 1.500004
v -1.249020 -4.131372 1.500004
v -1.056863 -4.131372 1.500004
v -0.864706 -4.131372 1.500004
v -1.249020 -4.323530 1.500004
v -1.056863 -4.323530 1.500004
v -0.864706 -4.323530 1.500004
v -1.249020 -4.515687 1.500004
v -1.056863 -4.515687 1.500004
v -4.900000 0.288236 1.500003
v -4.900000 0.096079 1.500003
v -4.900000 -0.096078 1.500003
v -4.900000 -0.288235 1.500003
v -4.707843 0.288236 1.500003
v -4.515687 0.288236 1.500003
v -4.323530 0.288236 1.500003
v -4.131372 0.288235 1.500003
v -3.939216 0.288235 1.500003
v -3.747059 0.288235 1.500003
v -3.554902 0.288235 1.500003
v -3.362745 0.288235 1.500003
v -4.707843 0.096079 1.500003
v -4.515687 0.096079 1.500003
v -4.323530 0.096079 1.500003
v -4.131372 0.096079 1.500003
v -3.939216 0.096079 1.500003
v -3.747059 0.096079 1.500003
v -3.554902 0.096079 1.500003
v -3.362745 0.096079 1.500003
v -4.707843 -0.096078 1.500003
v -4.515687 -0.096078 1.500003
v -4.323530 -0.096078 1.500003
v -4.131372 -0.096078 1.500003
v -3.939216 -0.096078 1.500003
v -3.747059 -0.096078 1.500003
v -3.554902 -0.096078 1.500003
v -3.362745 -0.096078 1.500003
v -4.707843 -0.288235 1.500003
v -4.515687 -0.288235 1.500003
v -4.323530 -0.288235 1.500003
v -4.131372 -0.288235 1.500003
v -3.939216 -0.288235 1.500003
v -3.747059 -0.288235 1.500003
v -3.554902 -0.288235 1.500003
v -3.362745 -0.288235 1.500003
v -3.362745 -1.633334 1.500004
v -3.170588 -1.633334 1.500004
v -2.978432 -1.633334 1.500004
v -2.786275 -1.633334 1.500004
v -4.323530 -1.825490 1.500004
v -4.131372 -1.825490 1.500004
v -3.939216 -1.825490 1.500004
v -3.747059 -1.825490 1.500004
v -3.554902 -1.825490 1.500004
v -3.362745 -1.825490 1.500004
v -3.170588 -1.825490 1.500004
v -2.978432 -1.825490 1.500004
v -2.786275 -1.825490 1.500004
v -3.939216 -1.825490 1.500005
v -3.747059 -1.825490 1.500005
v -3.939216 -2.017647 1.500005
v -3.747059 -2.017647 1.500005
v -3.939216 -2.209804 1.500005
v -3.747059 -2.209804 1.500005
v -3.939216 -2.401961 1.500005
v -3.747059 -2.401961 1.500005
v -4.131372 -2.594118 1.500005
v -3.939216 -2.594118 1.500005
v -3.747059 -2.594118 1.500005
v -4.131372 -2.786274 1.500005
v -3.939216 -2.786274 1.500005
v -3.747059 -2.786274 1.500005
v -4.131372 -2.978432 1.500005
v -3.939216 -2.978432 1.500005
v -4.131372 -3.170588 1.500005
v -3.939216 -3.170588 1.500005
v -4.131372 -3.362745 1.500005
v -3.939216 -3.362745 1.500005
v -4.323530 -3.554902 1.500005
v -4.131372 -3.554902 1.500005
v -3.939216 -3.554902 1.500005
v -4.323530 -3.747059 1.500005
v -4.131372 -3.747059 1.500005
v -3.939216 -3.747059 1.500005
v -4.323530 -3.939216 1.500005
v -4.131372 -3.939216 1.500005
v -4.323530 -4.131372 1.500005
v -4.131372 -4.131372 1.500005
v -4.323530 -4.323530 1.500005
v -4.131372 -4.323530 1.500005
v -2.978432 -3.554902 0.000001
v -2.786275 -3.554902 0.000001
v -2.594118 -3.554902 0.000001
v -2.401961 -3.554902 0.000001
v -2.209805 -3.554902 0.000001
v -2.017648 -3.554902 0.000001
v -1.825491 -3.554902 0.000001
v -1.633334 -3.554902 0.000001
v -1.441177 -3.554902 0.000001
v -1.249020 -3.554902 0.000001
v -1.056863 -3.554902 0.000001
v -2.978432 -3.747059 0.000001
v -2.786275 -3.747059 0.000001
v -2.594118 -3.747059 0.000001
v -2.401961 -3.747059 0.000001
v -2.209805 -3.747059 0.000001
v -2.017648 -3.747059 0.000001
v -1.825491 -3.747059 0.000001
v -1.633334 -3.747059 0.000001
v -1.441177 -3.747059 0.000001
v -1.249020 -3.747059 0.000001
v -1.056863 -3.747059 0.000001
v -2.978432 -3.554902 1.500005
v -2.786275 -3.554902 1.500005
v -2.594118 -3.554902 1.500005
v -2.401961 -3.554902 1.500005
v -2.209805 -3.554902 1.500005
v -2.017648 -3.554902 1.500005
v -1.825491 -3.554902 1.500005
v -1.633334 -3.554902 1.500005
v -1.441177 -3.554902 1.500005
v -1.249020 -3.554902 1.500005
v -1.056863 -3.554902 1.500005
v -2.978432 -3.747059 1.500005
v -2.786275 -3.747059 1.500005
v -2.594118 -3.747059 1.500005
v -2.401961 -3.747059 1.500005
v -2.209805 -3.747059 1.500005
v -2.017648 -3.747059 1.500005
v -1.825491 -3.747059 1.500005
v -1.633334 -3.747059 1.500005
v -1.441177 -3.747059 1.500005
v -1.249020 -3.747059 1.500005
v -1.056863 -3.747059 1.500005
v -1.249020 -4.900000 1.500004
v -1.056863 -4.900000 1.500004
v -1.249020 -4.515687 1.500004
v -1.056863 -4.515687 1.500004
v -1.249020 -4.707843 1.500004
v -1.056863 -4.707843 1.500004
v -3.170588 4.131372 -0.000002
v -3.939216 4.131372 0.000001
v -3.747060 4.131372 0.000001
v -3.554903 4.131372 0.000001
v -4.900000 2.786275 1.500004
v -3.362745 4.131372 -0.000002
v -3.939216 3.939216 0.000001
v -3.747060 3.939216 0.000001
v -3.554903 3.939216 0.000001
v -4.900000 2.978432 1.500004
v -4.900001 4.131372 0.000002
v -4.900001 3.939216 0.000002
v -4.707844 4.131372 0.000002
v -4.515687 4.131372 0.000002
v -4.323530 4.131372 0.000002
v -4.131373 4.131372 0.000002
v -4.707844 3.939216 0.000002
v -4.515687 3.939216 0.000002
v -4.323530 3.939216 0.000002
v -4.131373 3.939216 0.000002
vn -0.0000 -0.0000 1.0000
vn -0.0000 1.0000 -0.0000
vn -0.0000 -1.0000 -0.0000
vn 1.0000 -0.0000 -0.0000
vn -1.0000 -0.0000 -0.0000
vt 0.000000 0.239893
vt 0.004523 0.235370
vt 0.004523 0.239893
vt 0.235370 0.235370
vt 0.411898 0.235370
vt 0.235370 0.230755
vt 0.411898 0.230755
vt 0.411898 0.470740
vt 0.235370 0.466125
vt 0.411898 0.466125
vt 0.176528 0.696696
vt 0.000000 0.692173
vt 0.176528 0.692173
vt 0.411898 0.701403
vt 0.235370 0.696880
vt 0.411898 0.696880
vt 0.233016 0.002354
vt 0.235370 0.004615
vt 0.233016 0.006877
vt 0.233016 0.233016
vt 0.230755 0.235370
vt 0.228493 0.233016
vt 0.002354 0.233016
vt 0.000000 0.230755
vt 0.002354 0.228493
vt 0.002354 0.002354
vt 0.004615 0.000000
vt 0.006877 0.002354
vt 0.588425 0.701403
vt 0.411898 0.696880
vt 0.588425 0.696880
vt 0.588425 0.235370
vt 0.411898 0.230755
vt 0.588425 0.230755
vt 0.764953 0.230663
vt 0.588425 0.226140
vt 0.764953 0.226140
vt 0.588425 0.470740
vt 0.411898 0.466125
vt 0.588425 0.466125
vt 0.588425 0.239985
vt 0.411898 0.235370
vt 0.588425 0.235370
vt 0.588425 0.244600
vt 0.411898 0.239985
vt 0.588425 0.249215
vt 0.411898 0.244600
vt 0.588425 0.253831
vt 0.411898 0.249215
vt 0.588425 0.258446
vt 0.411898 0.253831
vt 0.588425 0.263061
vt 0.411898 0.258446
vt 0.588425 0.267676
vt 0.411898 0.263061
vt 0.588425 0.272291
vt 0.411898 0.267676
vt 0.588425 0.276906
vt 0.411898 0.272291
vt 0.588425 0.281521
vt 0.411898 0.276906
vt 0.588425 0.286136
vt 0.411898 0.281521
vt 0.588425 0.290751
vt 0.411898 0.286136
vt 0.588425 0.295366
vt 0.411898 0.290751
vt 0.588425 0.299982
vt 0.411898 0.295366
vt 0.588425 0.304597
vt 0.411898 0.299982
vt 0.588425 0.309212
vt 0.411898 0.304597
vt 0.588425 0.313827
vt 0.411898 0.309212
vt 0.588425 0.318442
vt 0.411898 0.313827
vt 0.588425 0.323057
vt 0.411898 0.318442
vt 0.588425 0.327672
vt 0.411898 0.323057
vt 0.588425 0.332287
vt 0.411898 0.327672
vt 0.588425 0.336902
vt 0.411898 0.332287
vt 0.588425 0.341518
vt 0.411898 0.336902
vt 0.588425 0.346133
vt 0.411898 0.341518
vt 0.588425 0.350748
vt 0.411898 0.346133
vt 0.588425 0.355363
vt 0.411898 0.350748
vt 0.588425 0.359978
vt 0.411898 0.355363
vt 0.588425 0.364593
vt 0.411898 0.359978
vt 0.588425 0.369208
vt 0.411898 0.364593
vt 0.588425 0.373823
vt 0.411898 0.369208
vt 0.588425 0.378438
vt 0.411898 0.373823
vt 0.588425 0.383053
vt 0.411898 0.378438
vt 0.588425 0.387668
vt 0.411898 0.383053
vt 0.588425 0.392284
vt 0.411898 0.387668
vt 0.588425 0.396899
vt 0.411898 0.392284
vt 0.588425 0.401514
vt 0.411898 0.396899
vt 0.588425 0.406129
vt 0.411898 0.401514
vt 0.588425 0.410744
vt 0.411898 0.406129
vt 0.588425 0.415359
vt 0.411898 0.410744
vt 0.588425 0.419974
vt 0.411898 0.415359
vt 0.588425 0.424589
vt 0.411898 0.419974
vt 0.588425 0.429204
vt 0.411898 0.424589
vt 0.588425 0.433820
vt 0.411898 0.429204
vt 0.588425 0.438435
vt 0.411898 0.433820
vt 0.588425 0.443050
vt 0.411898 0.438435
vt 0.588425 0.447665
vt 0.411898 0.443050
vt 0.588425 0.452280
vt 0.411898 0.447665
vt 0.588425 0.456895
vt 0.411898 0.452280
vt 0.588425 0.461510
vt 0.411898 0.456895
vt 0.411898 0.461510
vt 0.588425 0.004615
vt 0.411898 0.000000
vt 0.588425 0.000000
vt 0.588425 0.009230
vt 0.411898 0.004615
vt 0.588425 0.013845
vt 0.411898 0.009230
vt 0.588425 0.018460
vt 0.411898 0.013845
vt 0.588425 0.023076
vt 0.411898 0.018460
vt 0.588425 0.027691
vt 0.411898 0.023076
vt 0.588425 0.032306
vt 0.411898 0.027691
vt 0.588425 0.036921
vt 0.411898 0.032306
vt 0.588425 0.041536
vt 0.411898 0.036921
vt 0.588425 0.046151
vt 0.411898 0.041536
vt 0.588425 0.050766
vt 0.411898 0.046151
vt 0.588425 0.055381
vt 0.411898 0.050766
vt 0.588425 0.059996
vt 0.411898 0.055381
vt 0.588425 0.064611
vt 0.411898 0.059996
vt 0.588425 0.069227
vt 0.411898 0.064611
vt 0.588425 0.073842
vt 0.411898 0.069227
vt 0.588425 0.078457
vt 0.411898 0.073842
vt 0.588425 0.083072
vt 0.411898 0.078457
vt 0.588425 0.087687
vt 0.411898 0.083072
vt 0.588425 0.092302
vt 0.411898 0.087687
vt 0.588425 0.096917
vt 0.411898 0.092302
vt 0.588425 0.101532
vt 0.411898 0.096917
vt 0.588425 0.106147
vt 0.411898 0.101532
vt 0.588425 0.110762
vt 0.411898 0.106147
vt 0.588425 0.115377
vt 0.411898 0.110762
vt 0.588425 0.119993
vt 0.411898 0.115377
vt 0.588425 0.124608
vt 0.411898 0.119993
vt 0.588425 0.129223
vt 0.411898 0.124608
vt 0.588425 0.133838
vt 0.411898 0.129223
vt 0.588425 0.138453
vt 0.411898 0.133838
vt 0.588425 0.143068
vt 0.411898 0.138453
vt 0.588425 0.147683
vt 0.411898 0.143068
vt 0.588425 0.152298
vt 0.411898 0.147683
vt 0.588425 0.156913
vt 0.411898 0.152298
vt 0.588425 0.161528
vt 0.411898 0.156913
vt 0.588425 0.166144
vt 0.411898 0.161528
vt 0.588425 0.170759
vt 0.411898 0.166144
vt 0.588425 0.175374
vt 0.411898 0.170759
vt 0.588425 0.179989
vt 0.411898 0.175374
vt 0.588425 0.184604
vt 0.411898 0.179989
vt 0.588425 0.189219
vt 0.411898 0.184604
vt 0.588425 0.193834
vt 0.411898 0.189219
vt 0.588425 0.198449
vt 0.411898 0.193834
vt 0.588425 0.203064
vt 0.411898 0.198449
vt 0.588425 0.207679
vt 0.411898 0.203064
vt 0.588425 0.212295
vt 0.411898 0.207679
vt 0.588425 0.216910
vt 0.411898 0.212295
vt 0.588425 0.221525
vt 0.411898 0.216910
vt 0.588425 0.226140
vt 0.411898 0.221525
vt 0.411898 0.226140
vt 0.230755 0.000000
vt 0.235370 0.000000
vt 0.228494 0.002354
vt 0.226140 0.000000
vt 0.223971 0.002354
vt 0.221525 0.000000
vt 0.219448 0.002354
vt 0.216910 0.000000
vt 0.214925 0.002354
vt 0.212295 0.000000
vt 0.210402 0.002354
vt 0.207679 0.000000
vt 0.205880 0.002354
vt 0.203064 0.000000
vt 0.201357 0.002354
vt 0.198449 0.000000
vt 0.196834 0.002354
vt 0.193834 0.000000
vt 0.192311 0.002354
vt 0.189219 0.000000
vt 0.187788 0.002354
vt 0.184604 0.000000
vt 0.183266 0.002354
vt 0.179989 0.000000
vt 0.178743 0.002354
vt 0.175374 0.000000
vt 0.174220 0.002354
vt 0.170759 0.000000
vt 0.169697 0.002354
vt 0.166144 0.000000
vt 0.165174 0.002354
vt 0.161528 0.000000
vt 0.160652 0.002354
vt 0.156913 0.000000
vt 0.156129 0.002354
vt 0.152298 0.000000
vt 0.151606 0.002354
vt 0.147683 0.000000
vt 0.147083 0.002354
vt 0.143068 0.000000
vt 0.142560 0.002354
vt 0.138453 0.000000
vt 0.138038 0.002354
vt 0.133838 0.000000
vt 0.133515 0.002354
vt 0.129223 0.000000
vt 0.128992 0.002354
vt 0.124608 0.000000
vt 0.124469 0.002354
vt 0.119993 0.000000
vt 0.115424 0.002354
vt 0.119946 0.002354
vt 0.110901 0.002354
vt 0.115378 0.000000
vt 0.106378 0.002354
vt 0.110762 0.000000
vt 0.101855 0.002354
vt 0.106147 0.000000
vt 0.097332 0.002354
vt 0.101532 0.000000
vt 0.092810 0.002354
vt 0.096917 0.000000
vt 0.088287 0.002354
vt 0.092302 0.000000
vt 0.083764 0.002354
vt 0.087687 0.000000
vt 0.079241 0.002354
vt 0.083072 0.000000
vt 0.074718 0.002354
vt 0.078457 0.000000
vt 0.070196 0.002354
vt 0.073842 0.000000
vt 0.065673 0.002354
vt 0.069227 0.000000
vt 0.061150 0.002354
vt 0.064611 0.000000
vt 0.056627 0.002354
vt 0.059996 0.000000
vt 0.052104 0.002354
vt 0.055381 0.000000
vt 0.047582 0.002354
vt 0.050766 0.000000
vt 0.043059 0.002354
vt 0.046151 0.000000
vt 0.038536 0.002354
vt 0.041536 0.000000
vt 0.034013 0.002354
vt 0.036921 0.000000
vt 0.029491 0.002354
vt 0.032306 0.000000
vt 0.024968 0.002354
vt 0.027691 0.000000
vt 0.020445 0.002354
vt 0.023076 0.000000
vt 0.015922 0.002354
vt 0.018460 0.000000
vt 0.011399 0.002354
vt 0.013845 0.000000
vt 0.009230 0.000000
vt 0.004615 0.235370
vt 0.000000 0.235370
vt 0.006877 0.233016
vt 0.009230 0.235370
vt 0.011399 0.233016
vt 0.013845 0.235370
vt 0.015922 0.233016
vt 0.018460 0.235370
vt 0.020445 0.233016
vt 0.023076 0.235370
vt 0.024968 0.233016
vt 0.027691 0.235370
vt 0.029490 0.233016
vt 0.032306 0.235370
vt 0.034013 0.233016
vt 0.036921 0.235370
vt 0.038536 0.233016
vt 0.041536 0.235370
vt 0.043059 0.233016
vt 0.046151 0.235370
vt 0.047582 0.233016
vt 0.050766 0.235370
vt 0.052104 0.233016
vt 0.055381 0.235370
vt 0.056627 0.233016
vt 0.059996 0.235370
vt 0.061150 0.233016
vt 0.064611 0.235370
vt 0.065673 0.233016
vt 0.069227 0.235370
vt 0.070196 0.233016
vt 0.073842 0.235370
vt 0.074718 0.233016
vt 0.078457 0.235370
vt 0.079241 0.233016
vt 0.083072 0.235370
vt 0.083764 0.233016
vt 0.087687 0.235370
vt 0.088287 0.233016
vt 0.092302 0.235370
vt 0.092810 0.233016
vt 0.096917 0.235370
vt 0.097332 0.233016
vt 0.101532 0.235370
vt 0.101855 0.233016
vt 0.106147 0.235370
vt 0.106378 0.233016
vt 0.110762 0.235370
vt 0.110901 0.233016
vt 0.115377 0.235370
vt 0.119946 0.233016
vt 0.115424 0.233016
vt 0.124469 0.233016
vt 0.119993 0.235370
vt 0.128992 0.233016
vt 0.124608 0.235370
vt 0.133515 0.233016
vt 0.129223 0.235370
vt 0.138038 0.233016
vt 0.133838 0.235370
vt 0.142560 0.233016
vt 0.138453 0.235370
vt 0.147083 0.233016
vt 0.143068 0.235370
vt 0.151606 0.233016
vt 0.147683 0.235370
vt 0.156129 0.233016
vt 0.152298 0.235370
vt 0.160652 0.233016
vt 0.156913 0.235370
vt 0.165174 0.233016
vt 0.161528 0.235370
vt 0.169697 0.233016
vt 0.166144 0.235370
vt 0.174220 0.233016
vt 0.170759 0.235370
vt 0.178743 0.233016
vt 0.175374 0.235370
vt 0.183266 0.233016
vt 0.179989 0.235370
vt 0.187788 0.233016
vt 0.184604 0.235370
vt 0.192311 0.233016
vt 0.189219 0.235370
vt 0.196834 0.233016
vt 0.193834 0.235370
vt 0.201357 0.233016
vt 0.198449 0.235370
vt 0.205880 0.233016
vt 0.203064 0.235370
vt 0.210402 0.233016
vt 0.207679 0.235370
vt 0.214925 0.233016
vt 0.212295 0.235370
vt 0.219448 0.233016
vt 0.216910 0.235370
vt 0.223971 0.233016
vt 0.221525 0.235370
vt 0.226140 0.235370
vt 0.411898 0.475263
vt 0.235370 0.470740
vt 0.411898 0.470740
vt 0.411898 0.479786
vt 0.235370 0.475263
vt 0.411898 0.484309
vt 0.235370 0.479786
vt 0.411898 0.488831
vt 0.235370 0.484309
vt 0.411898 0.493354
vt 0.235370 0.488831
vt 0.411898 0.497877
vt 0.235370 0.493354
vt 0.411898 0.502400
vt 0.235370 0.497877
vt 0.411898 0.506923
vt 0.235370 0.502400
vt 0.411898 0.511445
vt 0.235370 0.506923
vt 0.411898 0.515968
vt 0.235370 0.511445
vt 0.411898 0.520491
vt 0.235370 0.515968
vt 0.411898 0.525014
vt 0.235370 0.520491
vt 0.411898 0.529537
vt 0.235370 0.525014
vt 0.411898 0.534059
vt 0.235370 0.529537
vt 0.411898 0.538582
vt 0.235370 0.534059
vt 0.411898 0.543105
vt 0.235370 0.538582
vt 0.411898 0.547628
vt 0.235370 0.543105
vt 0.411898 0.552151
vt 0.235370 0.547628
vt 0.411898 0.556673
vt 0.235370 0.552151
vt 0.411898 0.561196
vt 0.235370 0.556673
vt 0.411898 0.565719
vt 0.235370 0.561196
vt 0.411898 0.570242
vt 0.235370 0.565719
vt 0.411898 0.574765
vt 0.235370 0.570242
vt 0.411898 0.579287
vt 0.235370 0.574765
vt 0.411898 0.583810
vt 0.235370 0.579287
vt 0.411898 0.588333
vt 0.235370 0.583810
vt 0.411898 0.592856
vt 0.235370 0.588333
vt 0.411898 0.597379
vt 0.235370 0.592856
vt 0.411898 0.601901
vt 0.235370 0.597379
vt 0.411898 0.606424
vt 0.235370 0.601901
vt 0.411898 0.610947
vt 0.235370 0.606424
vt 0.411898 0.615470
vt 0.235370 0.610947
vt 0.411898 0.619993
vt 0.235370 0.615470
vt 0.411898 0.624515
vt 0.235370 0.619993
vt 0.411898 0.629038
vt 0.235370 0.624515
vt 0.411898 0.633561
vt 0.235370 0.629038
vt 0.411898 0.638084
vt 0.235370 0.633561
vt 0.411898 0.642606
vt 0.235370 0.638084
vt 0.411898 0.647129
vt 0.235370 0.642606
vt 0.411898 0.651652
vt 0.235370 0.647129
vt 0.411898 0.656175
vt 0.235370 0.651652
vt 0.411898 0.660698
vt 0.235370 0.656175
vt 0.411898 0.665220
vt 0.235370 0.660698
vt 0.411898 0.669743
vt 0.235370 0.665220
vt 0.411898 0.674266
vt 0.235370 0.669743
vt 0.411898 0.678789
vt 0.235370 0.674266
vt 0.411898 0.683312
vt 0.235370 0.678789
vt 0.411898 0.687835
vt 0.235370 0.683312
vt 0.411898 0.692357
vt 0.235370 0.687835
vt 0.235370 0.692357
vt 0.176528 0.470556
vt 0.000000 0.466033
vt 0.176528 0.466033
vt 0.176528 0.475078
vt 0.000000 0.470556
vt 0.176528 0.479601
vt 0.000000 0.475078
vt 0.176528 0.484124
vt 0.000000 0.479601
vt 0.176528 0.488647
vt 0.000000 0.484124
vt 0.176528 0.493170
vt 0.000000 0.488647
vt 0.176528 0.497692
vt 0.000000 0.493170
vt 0.176528 0.502215
vt 0.000000 0.497692
vt 0.176528 0.506738
vt 0.000000 0.502215
vt 0.176528 0.511261
vt 0.000000 0.506738
vt 0.176528 0.515784
vt 0.000000 0.511261
vt 0.176528 0.520307
vt 0.000000 0.515784
vt 0.176528 0.524829
vt 0.000000 0.520307
vt 0.176528 0.529352
vt 0.000000 0.524829
vt 0.176528 0.533875
vt 0.000000 0.529352
vt 0.176528 0.538398
vt 0.000000 0.533875
vt 0.176528 0.542920
vt 0.000000 0.538398
vt 0.176528 0.547443
vt 0.000000 0.542920
vt 0.176528 0.551966
vt 0.000000 0.547443
vt 0.176528 0.556489
vt 0.000000 0.551966
vt 0.176528 0.561012
vt 0.000000 0.556489
vt 0.176528 0.565534
vt 0.000000 0.561012
vt 0.176528 0.570057
vt 0.000000 0.565534
vt 0.176528 0.574580
vt 0.000000 0.570057
vt 0.176528 0.579103
vt 0.000000 0.574580
vt 0.176528 0.583626
vt 0.000000 0.579103
vt 0.176528 0.588148
vt 0.000000 0.583626
vt 0.176528 0.592671
vt 0.000000 0.588148
vt 0.176528 0.597194
vt 0.000000 0.592671
vt 0.176528 0.601717
vt 0.000000 0.597194
vt 0.176528 0.606240
vt 0.000000 0.601717
vt 0.176528 0.610762
vt 0.000000 0.606240
vt 0.176528 0.615285
vt 0.000000 0.610762
vt 0.176528 0.619808
vt 0.000000 0.615285
vt 0.176528 0.624331
vt 0.000000 0.619808
vt 0.176528 0.628854
vt 0.000000 0.624331
vt 0.176528 0.633376
vt 0.000000 0.628854
vt 0.176528 0.637899
vt 0.000000 0.633376
vt 0.176528 0.642422
vt 0.000000 0.637899
vt 0.176528 0.646945
vt 0.000000 0.642422
vt 0.176528 0.651468
vt 0.000000 0.646945
vt 0.176528 0.655990
vt 0.000000 0.651468
vt 0.176528 0.660513
vt 0.000000 0.655990
vt 0.176528 0.665036
vt 0.000000 0.660513
vt 0.176528 0.669559
vt 0.000000 0.665036
vt 0.176527 0.674082
vt 0.000000 0.669559
vt 0.176527 0.678604
vt 0.000000 0.674082
vt 0.000000 0.683127
vt 0.000000 0.678604
vt 0.176528 0.687650
vt 0.176528 0.683127
vt 0.000000 0.687650
vt 0.226140 0.239893
vt 0.230663 0.235370
vt 0.230663 0.239893
vt 0.221617 0.239893
vt 0.226140 0.235370
vt 0.217094 0.239893
vt 0.221617 0.235370
vt 0.212572 0.239893
vt 0.217094 0.235370
vt 0.208049 0.239893
vt 0.212572 0.235370
vt 0.203526 0.239893
vt 0.208049 0.235370
vt 0.199003 0.239893
vt 0.203526 0.235370
vt 0.194480 0.239893
vt 0.199003 0.235370
vt 0.189957 0.239893
vt 0.194480 0.235370
vt 0.185435 0.239893
vt 0.189957 0.235370
vt 0.601994 0.235370
vt 0.597471 0.411898
vt 0.597471 0.235370
vt 0.176389 0.239893
vt 0.180912 0.235370
vt 0.180912 0.239893
vt 0.171866 0.239893
vt 0.176389 0.235370
vt 0.167343 0.239893
vt 0.171866 0.235370
vt 0.162821 0.239893
vt 0.167343 0.235370
vt 0.158298 0.239893
vt 0.162821 0.235370
vt 0.153775 0.239893
vt 0.158298 0.235370
vt 0.149252 0.239893
vt 0.153775 0.235370
vt 0.144729 0.239893
vt 0.149252 0.235370
vt 0.140207 0.239893
vt 0.144729 0.235370
vt 0.135684 0.239893
vt 0.140207 0.235370
vt 0.131161 0.239893
vt 0.135684 0.235370
vt 0.126638 0.239893
vt 0.131161 0.235370
vt 0.122116 0.239893
vt 0.126638 0.235370
vt 0.117593 0.239893
vt 0.122116 0.235370
vt 0.113070 0.239893
vt 0.117593 0.235370
vt 0.108547 0.239893
vt 0.113070 0.235370
vt 0.104024 0.239893
vt 0.108547 0.235370
vt 0.099502 0.239893
vt 0.104024 0.235370
vt 0.094979 0.239893
vt 0.099502 0.235370
vt 0.090456 0.239893
vt 0.094979 0.235370
vt 0.085933 0.239893
vt 0.090456 0.235370
vt 0.081410 0.239893
vt 0.085933 0.235370
vt 0.076888 0.239893
vt 0.081410 0.235370
vt 0.620085 0.588426
vt 0.615562 0.764953
vt 0.615562 0.588426
vt 0.067842 0.239893
vt 0.072365 0.235370
vt 0.072365 0.239893
vt 0.063319 0.239893
vt 0.067842 0.235370
vt 0.058796 0.239893
vt 0.063319 0.235370
vt 0.054274 0.239893
vt 0.058796 0.235370
vt 0.049751 0.239893
vt 0.054274 0.235370
vt 0.045228 0.239893
vt 0.049751 0.235370
vt 0.040705 0.239893
vt 0.045228 0.235370
vt 0.036182 0.239893
vt 0.040705 0.235370
vt 0.031660 0.239893
vt 0.036182 0.235370
vt 0.027137 0.239893
vt 0.031660 0.235370
vt 0.022614 0.239893
vt 0.027137 0.235370
vt 0.018091 0.239893
vt 0.022614 0.235370
vt 0.013568 0.239893
vt 0.018091 0.235370
vt 0.009046 0.239893
vt 0.013568 0.235370
vt 0.009046 0.235370
vt 0.004523 0.466033
vt 0.009046 0.461510
vt 0.009046 0.466033
vt 0.004523 0.461510
vt 0.009046 0.456987
vt 0.004523 0.456987
vt 0.009046 0.452464
vt 0.004523 0.452464
vt 0.009046 0.447942
vt 0.004523 0.447942
vt 0.009046 0.443419
vt 0.004523 0.443419
vt 0.009046 0.438896
vt 0.004523 0.438896
vt 0.009046 0.434373
vt 0.004523 0.434373
vt 0.009046 0.429850
vt 0.004523 0.429850
vt 0.009046 0.425328
vt 0.004523 0.425328
vt 0.009046 0.420805
vt 0.004523 0.420805
vt 0.009046 0.416282
vt 0.004523 0.416282
vt 0.009046 0.411759
vt 0.004523 0.411759
vt 0.009046 0.407237
vt 0.004523 0.407237
vt 0.009046 0.402714
vt 0.004523 0.402714
vt 0.009046 0.398191
vt 0.004523 0.398191
vt 0.009046 0.393668
vt 0.004523 0.393668
vt 0.009046 0.389145
vt 0.004523 0.389145
vt 0.009046 0.384623
vt 0.004523 0.384623
vt 0.009046 0.380100
vt 0.963818 0.411898
vt 0.959295 0.588426
vt 0.959295 0.411898
vt 0.004523 0.375577
vt 0.009046 0.371054
vt 0.009046 0.375577
vt 0.004523 0.371054
vt 0.009046 0.366531
vt 0.004523 0.366531
vt 0.009046 0.362009
vt 0.004523 0.362009
vt 0.009046 0.357486
vt 0.004523 0.357486
vt 0.009046 0.352963
vt 0.004523 0.352963
vt 0.009046 0.348440
vt 0.004523 0.348440
vt 0.009046 0.343917
vt 0.004523 0.343917
vt 0.009046 0.339395
vt 0.004523 0.339395
vt 0.009046 0.334872
vt 0.004523 0.334872
vt 0.009046 0.330349
vt 0.004523 0.330349
vt 0.009046 0.325826
vt 0.004523 0.325826
vt 0.009046 0.321303
vt 0.004523 0.321303
vt 0.009046 0.316781
vt 0.004523 0.316781
vt 0.009046 0.312258
vt 0.004523 0.312258
vt 0.009046 0.307735
vt 0.004523 0.307735
vt 0.009046 0.303212
vt 0.004523 0.303212
vt 0.009046 0.298689
vt 0.004523 0.298689
vt 0.009046 0.294167
vt 0.004523 0.294167
vt 0.009046 0.289644
vt 0.004523 0.289644
vt 0.009046 0.285121
vt 0.004523 0.285121
vt 0.009046 0.280598
vt 0.004523 0.280598
vt 0.009046 0.276075
vt 0.004523 0.276075
vt 0.009046 0.271553
vt 0.004523 0.271553
vt 0.009046 0.267030
vt 0.004523 0.267030
vt 0.009046 0.262507
vt 0.004523 0.262507
vt 0.009046 0.257984
vt 0.004523 0.257984
vt 0.009046 0.253461
vt 0.004523 0.253461
vt 0.009046 0.248939
vt 0.004523 0.248939
vt 0.009046 0.244416
vt 0.004523 0.244416
vt 0.013568 0.461510
vt 0.013568 0.466033
vt 0.013568 0.456987
vt 0.013568 0.452464
vt 0.013568 0.447942
vt 0.013568 0.443419
vt 0.013568 0.438896
vt 0.013568 0.434373
vt 0.013568 0.429850
vt 0.013568 0.425328
vt 0.013568 0.420805
vt 0.013568 0.416282
vt 0.013568 0.411759
vt 0.013568 0.407237
vt 0.013568 0.402714
vt 0.013568 0.398191
vt 0.013568 0.393668
vt 0.013568 0.389145
vt 0.013568 0.384623
vt 0.013568 0.380100
vt 0.805520 0.764953
vt 0.800997 0.941482
vt 0.800997 0.764953
vt 0.013568 0.371054
vt 0.013568 0.375577
vt 0.013568 0.366531
vt 0.013568 0.362009
vt 0.013568 0.357486
vt 0.013568 0.352963
vt 0.013568 0.348440
vt 0.013568 0.343917
vt 0.013568 0.339395
vt 0.013568 0.334872
vt 0.013568 0.330349
vt 0.013568 0.325826
vt 0.013568 0.321303
vt 0.013568 0.316781
vt 0.013568 0.312258
vt 0.013568 0.307735
vt 0.013568 0.303212
vt 0.013568 0.298689
vt 0.013568 0.294167
vt 0.013568 0.289644
vt 0.013568 0.285121
vt 0.013568 0.280598
vt 0.013568 0.276075
vt 0.013568 0.271553
vt 0.013568 0.267030
vt 0.013568 0.262507
vt 0.013568 0.257984
vt 0.013568 0.253461
vt 0.013568 0.248939
vt 0.013568 0.244416
vt 0.018091 0.461510
vt 0.018091 0.466033
vt 0.018091 0.456987
vt 0.018091 0.452464
vt 0.760292 0.764953
vt 0.755769 0.941482
vt 0.755769 0.764953
vt 0.018091 0.443419
vt 0.018091 0.447942
vt 0.018091 0.438896
vt 0.018091 0.434373
vt 0.018091 0.429850
vt 0.018091 0.425328
vt 0.018091 0.420805
vt 0.018091 0.416282
vt 0.018091 0.411759
vt 0.018091 0.407237
vt 0.018091 0.402714
vt 0.018091 0.398191
vt 0.018091 0.393668
vt 0.018091 0.389145
vt 0.018091 0.384623
vt 0.018091 0.380100
vt 0.859793 0.764954
vt 0.855270 0.941482
vt 0.855270 0.764954
vt 0.814565 0.764953
vt 0.810043 0.941482
vt 0.810043 0.764953
vt 0.018091 0.366531
vt 0.018091 0.371054
vt 0.018091 0.362009
vt 0.018091 0.357486
vt 0.018091 0.352963
vt 0.018091 0.348440
vt 0.018091 0.343917
vt 0.018091 0.339395
vt 0.018091 0.334872
vt 0.018091 0.330349
vt 0.018091 0.325826
vt 0.018091 0.321303
vt 0.018091 0.316781
vt 0.018091 0.312258
vt 0.018091 0.307735
vt 0.018091 0.303212
vt 0.018091 0.298689
vt 0.018091 0.294167
vt 0.018091 0.289644
vt 0.018091 0.285121
vt 0.018091 0.280598
vt 0.018091 0.276075
vt 0.018091 0.271553
vt 0.018091 0.267030
vt 0.018091 0.262507
vt 0.018091 0.257984
vt 0.018091 0.253461
vt 0.018091 0.248939
vt 0.018091 0.244416
vt 0.022614 0.461510
vt 0.022614 0.466033
vt 0.022614 0.456987
vt 0.022614 0.452464
vt 0.778383 0.764953
vt 0.773860 0.941482
vt 0.773860 0.764953
vt 0.022614 0.443419
vt 0.022614 0.447942
vt 0.022614 0.438896
vt 0.022614 0.434373
vt 0.022614 0.429850
vt 0.022614 0.425328
vt 0.022614 0.420805
vt 0.022614 0.416282
vt 0.022614 0.411759
vt 0.022614 0.407237
vt 0.022614 0.402714
vt 0.022614 0.398191
vt 0.022614 0.393668
vt 0.022614 0.389145
vt 0.022614 0.384623
vt 0.022614 0.380100
vt 0.022614 0.375577
vt 0.950249 0.764954
vt 0.945726 0.941482
vt 0.945726 0.764954
vt 0.022614 0.366531
vt 0.022614 0.371054
vt 0.022614 0.362009
vt 0.022614 0.357486
vt 0.022614 0.352963
vt 0.022614 0.348440
vt 0.022614 0.343917
vt 0.022614 0.339395
vt 0.022614 0.334872
vt 0.022614 0.330349
vt 0.022614 0.325826
vt 0.022614 0.321303
vt 0.022614 0.316781
vt 0.022614 0.312258
vt 0.022614 0.307735
vt 0.022614 0.303212
vt 0.022614 0.298689
vt 0.022614 0.294167
vt 0.022614 0.289644
vt 0.022614 0.285121
vt 0.022614 0.280598
vt 0.022614 0.276075
vt 0.022614 0.271553
vt 0.022614 0.267030
vt 0.022614 0.262507
vt 0.022614 0.257984
vt 0.022614 0.253461
vt 0.022614 0.248939
vt 0.022614 0.244416
vt 0.027137 0.461510
vt 0.027137 0.466033
vt 0.027137 0.456987
vt 0.027137 0.452464
vt 0.574580 0.701403
vt 0.570057 0.877931
vt 0.570057 0.701403
vt 0.027137 0.443419
vt 0.027137 0.447942
vt 0.027137 0.438896
vt 0.027137 0.434373
vt 0.027137 0.429850
vt 0.027137 0.425328
vt 0.027137 0.420805
vt 0.027137 0.416282
vt 0.027137 0.411759
vt 0.027137 0.407237
vt 0.027137 0.402714
vt 0.027137 0.398191
vt 0.027137 0.393668
vt 0.027137 0.389145
vt 0.027137 0.384623
vt 0.027137 0.380100
vt 0.027137 0.375577
vt 0.950388 0.000000
vt 0.945865 0.176528
vt 0.945865 0.000000
vt 0.027137 0.366531
vt 0.027137 0.371054
vt 0.027137 0.362009
vt 0.027137 0.357486
vt 0.027137 0.352963
vt 0.027137 0.348440
vt 0.027137 0.343917
vt 0.027137 0.339395
vt 0.027137 0.334872
vt 0.027137 0.330349
vt 0.027137 0.325826
vt 0.027137 0.321303
vt 0.027137 0.316781
vt 0.027137 0.312258
vt 0.027137 0.307735
vt 0.027137 0.303212
vt 0.027137 0.298689
vt 0.027137 0.294167
vt 0.027137 0.289644
vt 0.027137 0.285121
vt 0.027137 0.280598
vt 0.027137 0.276075
vt 0.027137 0.271553
vt 0.027137 0.267030
vt 0.027137 0.262507
vt 0.027137 0.257984
vt 0.027137 0.253461
vt 0.027137 0.248939
vt 0.027137 0.244416
vt 0.031660 0.461510
vt 0.031660 0.466033
vt 0.031660 0.456987
vt 0.031660 0.452464
vt 0.724109 0.764953
vt 0.719586 0.941482
vt 0.719586 0.764953
vt 0.932296 0.000000
vt 0.927774 0.176528
vt 0.927774 0.000000
vt 0.031660 0.438896
vt 0.031660 0.443419
vt 0.031660 0.434373
vt 0.031660 0.429850
vt 0.031660 0.425328
vt 0.031660 0.420805
vt 0.547443 0.701403
vt 0.542921 0.701403
vt 0.542921 0.701403
vt 0.972863 0.411898
vt 0.968341 0.411898
vt 0.968341 0.411898
vt 0.878023 0.000000
vt 0.873500 0.000000
vt 0.846363 0.000000
vt 0.841841 0.000000
vt 0.538398 0.701403
vt 0.538398 0.701403
vt 0.882546 0.000000
vt 0.850886 0.000000
vt 0.533875 0.701403
vt 0.533875 0.701403
vt 0.887069 0.000000
vt 0.570057 0.701403
vt 0.565535 0.701403
vt 0.565535 0.701403
vt 0.832656 0.764953
vt 0.828134 0.941482
vt 0.828134 0.764953
vt 0.031660 0.366531
vt 0.031660 0.371054
vt 0.031660 0.362009
vt 0.031660 0.357486
vt 0.031660 0.352963
vt 0.031660 0.348440
vt 0.031660 0.343917
vt 0.031660 0.339395
vt 0.031660 0.334872
vt 0.031660 0.330349
vt 0.031660 0.325826
vt 0.031660 0.321303
vt 0.031660 0.316781
vt 0.031660 0.312258
vt 0.031660 0.307735
vt 0.031660 0.303212
vt 0.031660 0.298689
vt 0.031660 0.294167
vt 0.031660 0.289644
vt 0.031660 0.285121
vt 0.031660 0.280598
vt 0.031660 0.276075
vt 0.031660 0.271553
vt 0.031660 0.267030
vt 0.031660 0.262507
vt 0.031660 0.257984
vt 0.031660 0.253461
vt 0.031660 0.248939
vt 0.031660 0.244416
vt 0.036182 0.461510
vt 0.036182 0.466033
vt 0.036182 0.456987
vt 0.036182 0.452464
vt 0.036182 0.447942
vt 0.746723 0.764953
vt 0.742201 0.941482
vt 0.742201 0.764953
vt 0.036182 0.438896
vt 0.036182 0.443419
vt 0.036182 0.434373
vt 0.036182 0.429850
vt 0.036182 0.425328
vt 0.036182 0.420805
vt 0.036182 0.416282
vt 0.031660 0.416282
vt 0.036182 0.411759
vt 0.031660 0.411759
vt 0.036182 0.407237
vt 0.031660 0.407237
vt 0.036182 0.402714
vt 0.031660 0.402714
vt 0.036182 0.398191
vt 0.031660 0.398191
vt 0.036182 0.393668
vt 0.031660 0.393668
vt 0.036182 0.389145
vt 0.031660 0.389145
vt 0.036182 0.384623
vt 0.031660 0.384623
vt 0.036182 0.380100
vt 0.031660 0.380100
vt 0.036182 0.375577
vt 0.941342 0.176528
vt 0.941342 0.000000
vt 0.036182 0.366531
vt 0.036182 0.371054
vt 0.036182 0.362009
vt 0.036182 0.357486
vt 0.036182 0.352963
vt 0.036182 0.348440
vt 0.036182 0.343917
vt 0.036182 0.339395
vt 0.036182 0.334872
vt 0.036182 0.330349
vt 0.036182 0.325826
vt 0.036182 0.321303
vt 0.036182 0.316781
vt 0.036182 0.312258
vt 0.036182 0.307735
vt 0.036182 0.303212
vt 0.036182 0.298689
vt 0.036182 0.294167
vt 0.036182 0.289644
vt 0.036182 0.285121
vt 0.036182 0.280598
vt 0.036182 0.276075
vt 0.036182 0.271553
vt 0.036182 0.267030
vt 0.036182 0.262507
vt 0.036182 0.257984
vt 0.036182 0.253461
vt 0.036182 0.248939
vt 0.036182 0.244416
vt 0.040705 0.461510
vt 0.040705 0.466033
vt 0.040705 0.456987
vt 0.040705 0.452464
vt 0.040705 0.447942
vt 0.764814 0.764953
vt 0.760292 0.941482
vt 0.760292 0.764953
vt 0.040705 0.438896
vt 0.040705 0.443419
vt 0.040705 0.434373
vt 0.040705 0.429850
vt 0.040705 0.425328
vt 0.040705 0.420805
vt 0.040705 0.416282
vt 0.040705 0.411759
vt 0.040705 0.407237
vt 0.040705 0.402714
vt 0.040705 0.398191
vt 0.040705 0.393668
vt 0.040705 0.389145
vt 0.040705 0.384623
vt 0.040705 0.380100
vt 0.040705 0.375577
vt 0.791951 0.764953
vt 0.787428 0.941482
vt 0.787428 0.764953
vt 0.850748 0.764953
vt 0.846225 0.941482
vt 0.846225 0.764953
vt 0.828134 0.764953
vt 0.823611 0.941482
vt 0.823611 0.764953
vt 0.040705 0.357486
vt 0.040705 0.362009
vt 0.040705 0.352963
vt 0.040705 0.348440
vt 0.040705 0.343917
vt 0.040705 0.339395
vt 0.040705 0.334872
vt 0.040705 0.330349
vt 0.040705 0.325826
vt 0.040705 0.321303
vt 0.040705 0.316781
vt 0.040705 0.312258
vt 0.040705 0.307735
vt 0.040705 0.303212
vt 0.040705 0.298689
vt 0.040705 0.294167
vt 0.040705 0.289644
vt 0.040705 0.285121
vt 0.040705 0.280598
vt 0.040705 0.276075
vt 0.040705 0.271553
vt 0.040705 0.267030
vt 0.040705 0.262507
vt 0.040705 0.257984
vt 0.040705 0.253461
vt 0.040705 0.248939
vt 0.040705 0.244416
vt 0.045228 0.461510
vt 0.045228 0.466033
vt 0.045228 0.456987
vt 0.045228 0.452464
vt 0.045228 0.447942
vt 0.936681 0.235370
vt 0.932158 0.411898
vt 0.932158 0.235370
vt 0.045228 0.438896
vt 0.045228 0.443419
vt 0.045228 0.434373
vt 0.045228 0.429850
vt 0.045228 0.425328
vt 0.045228 0.420805
vt 0.045228 0.416282
vt 0.045228 0.411759
vt 0.045228 0.407237
vt 0.045228 0.402714
vt 0.045228 0.398191
vt 0.045228 0.393668
vt 0.045228 0.389145
vt 0.045228 0.384623
vt 0.045228 0.380100
vt 0.045228 0.375577
vt 0.045228 0.371054
vt 0.040705 0.371054
vt 0.045228 0.366531
vt 0.850748 0.941482
vt 0.850748 0.764954
vt 0.045228 0.357486
vt 0.045228 0.362009
vt 0.045228 0.352963
vt 0.045228 0.348440
vt 0.045228 0.343917
vt 0.045228 0.339395
vt 0.045228 0.334872
vt 0.045228 0.330349
vt 0.045228 0.325826
vt 0.045228 0.321303
vt 0.045228 0.316781
vt 0.045228 0.312258
vt 0.045228 0.307735
vt 0.045228 0.303212
vt 0.045228 0.298689
vt 0.045228 0.294167
vt 0.045228 0.289644
vt 0.045228 0.285121
vt 0.045228 0.280598
vt 0.045228 0.276075
vt 0.045228 0.271553
vt 0.045228 0.267030
vt 0.045228 0.262507
vt 0.045228 0.257984
vt 0.045228 0.253461
vt 0.045228 0.248939
vt 0.045228 0.244416
vt 0.049751 0.461510
vt 0.049751 0.466033
vt 0.049751 0.456987
vt 0.049751 0.452464
vt 0.049751 0.447942
vt 0.588149 0.701403
vt 0.583626 0.877931
vt 0.583626 0.701403
vt 0.049751 0.438896
vt 0.049751 0.443419
vt 0.049751 0.434373
vt 0.049751 0.429850
vt 0.049751 0.425328
vt 0.049751 0.420805
vt 0.049751 0.416282
vt 0.049751 0.411759
vt 0.049751 0.407237
vt 0.049751 0.402714
vt 0.049751 0.398191
vt 0.049751 0.393668
vt 0.049751 0.389145
vt 0.049751 0.384623
vt 0.049751 0.380100
vt 0.049751 0.375577
vt 0.049751 0.371054
vt 0.049751 0.366531
vt 0.805520 0.941482
vt 0.805520 0.764953
vt 0.049751 0.357486
vt 0.049751 0.362009
vt 0.049751 0.352963
vt 0.049751 0.348440
vt 0.049751 0.343917
vt 0.049751 0.339395
vt 0.049751 0.334872
vt 0.049751 0.330349
vt 0.049751 0.325826
vt 0.049751 0.321303
vt 0.049751 0.316781
vt 0.049751 0.312258
vt 0.049751 0.307735
vt 0.049751 0.303212
vt 0.049751 0.298689
vt 0.049751 0.294167
vt 0.049751 0.289644
vt 0.049751 0.285121
vt 0.049751 0.280598
vt 0.049751 0.276075
vt 0.049751 0.271553
vt 0.049751 0.267030
vt 0.049751 0.262507
vt 0.049751 0.257984
vt 0.049751 0.253461
vt 0.049751 0.248939
vt 0.049751 0.244416
vt 0.054274 0.461510
vt 0.054274 0.466033
vt 0.054274 0.456987
vt 0.054274 0.452464
vt 0.054274 0.447942
vt 0.737678 0.764953
vt 0.733155 0.941482
vt 0.733155 0.764953
vt 0.782906 0.764953
vt 0.778383 0.941482
vt 0.054274 0.434373
vt 0.054274 0.438896
vt 0.054274 0.429850
vt 0.054274 0.425328
vt 0.054274 0.420805
vt 0.054274 0.416282
vt 0.054274 0.411759
vt 0.054274 0.407237
vt 0.054274 0.402714
vt 0.054274 0.398191
vt 0.054274 0.393668
vt 0.054274 0.389145
vt 0.054274 0.384623
vt 0.054274 0.380100
vt 0.054274 0.375577
vt 0.054274 0.371054
vt 0.054274 0.366531
vt 0.968341 0.235370
vt 0.963818 0.411898
vt 0.963818 0.235370
vt 0.054274 0.357486
vt 0.054274 0.362009
vt 0.054274 0.352963
vt 0.054274 0.348440
vt 0.054274 0.343917
vt 0.054274 0.339395
vt 0.054274 0.334872
vt 0.054274 0.330349
vt 0.054274 0.325826
vt 0.054274 0.321303
vt 0.054274 0.316781
vt 0.054274 0.312258
vt 0.054274 0.307735
vt 0.054274 0.303212
vt 0.054274 0.298689
vt 0.054274 0.294167
vt 0.054274 0.289644
vt 0.054274 0.285121
vt 0.054274 0.280598
vt 0.054274 0.276075
vt 0.054274 0.271553
vt 0.054274 0.267030
vt 0.054274 0.262507
vt 0.054274 0.257984
vt 0.054274 0.253461
vt 0.054274 0.248939
vt 0.054274 0.244416
vt 0.058796 0.461510
vt 0.058796 0.466033
vt 0.058796 0.456987
vt 0.058796 0.452464
vt 0.058796 0.447942
vt 0.058796 0.443419
vt 0.715064 0.941482
vt 0.715064 0.764953
vt 0.058796 0.434373
vt 0.058796 0.438896
vt 0.058796 0.429850
vt 0.058796 0.425328
vt 0.058796 0.420805
vt 0.058796 0.416282
vt 0.058796 0.411759
vt 0.058796 0.407237
vt 0.058796 0.402714
vt 0.058796 0.398191
vt 0.058796 0.393668
vt 0.058796 0.389145
vt 0.058796 0.384623
vt 0.058796 0.380100
vt 0.058796 0.375577
vt 0.058796 0.371054
vt 0.058796 0.366531
vt 0.837179 0.764953
vt 0.832656 0.941482
vt 0.058796 0.357486
vt 0.058796 0.362009
vt 0.058796 0.352963
vt 0.058796 0.348440
vt 0.058796 0.343917
vt 0.058796 0.339395
vt 0.058796 0.334872
vt 0.058796 0.330349
vt 0.058796 0.325826
vt 0.058796 0.321303
vt 0.058796 0.316781
vt 0.058796 0.312258
vt 0.058796 0.307735
vt 0.058796 0.303212
vt 0.058796 0.298689
vt 0.058796 0.294167
vt 0.058796 0.289644
vt 0.058796 0.285121
vt 0.058796 0.280598
vt 0.058796 0.276075
vt 0.058796 0.271553
vt 0.058796 0.267030
vt 0.058796 0.262507
vt 0.058796 0.257984
vt 0.058796 0.253461
vt 0.058796 0.248939
vt 0.058796 0.244416
vt 0.063319 0.461510
vt 0.063319 0.466033
vt 0.063319 0.456987
vt 0.063319 0.452464
vt 0.063319 0.447942
vt 0.063319 0.443419
vt 0.923251 0.176528
vt 0.923251 0.000000
vt 0.063319 0.434373
vt 0.063319 0.438896
vt 0.063319 0.429850
vt 0.063319 0.425328
vt 0.063319 0.420805
vt 0.063319 0.416282
vt 0.063319 0.411759
vt 0.063319 0.407237
vt 0.063319 0.402714
vt 0.063319 0.398191
vt 0.063319 0.393668
vt 0.063319 0.389145
vt 0.063319 0.384623
vt 0.063319 0.380100
vt 0.063319 0.375577
vt 0.063319 0.371054
vt 0.063319 0.366531
vt 0.063319 0.362009
vt 0.063319 0.357486
vt 0.063319 0.352963
vt 0.063319 0.348440
vt 0.063319 0.343917
vt 0.063319 0.339395
vt 0.063319 0.334872
vt 0.063319 0.330349
vt 0.063319 0.325826
vt 0.063319 0.321303
vt 0.063319 0.316781
vt 0.063319 0.312258
vt 0.063319 0.307735
vt 0.063319 0.303212
vt 0.063319 0.298689
vt 0.063319 0.294167
vt 0.063319 0.289644
vt 0.063319 0.285121
vt 0.063319 0.280598
vt 0.063319 0.276075
vt 0.063319 0.271553
vt 0.063319 0.267030
vt 0.063319 0.262507
vt 0.063319 0.257984
vt 0.063319 0.253461
vt 0.063319 0.248939
vt 0.063319 0.244416
vt 0.067842 0.461510
vt 0.067842 0.466033
vt 0.067842 0.456987
vt 0.067842 0.452464
vt 0.067842 0.447942
vt 0.067842 0.443419
vt 0.972863 0.588426
vt 0.968341 0.764954
vt 0.968341 0.588426
vt 0.067842 0.434373
vt 0.067842 0.438896
vt 0.067842 0.429850
vt 0.067842 0.425328
vt 0.067842 0.420805
vt 0.067842 0.416282
vt 0.067842 0.411759
vt 0.067842 0.407237
vt 0.067842 0.402714
vt 0.067842 0.398191
vt 0.067842 0.393668
vt 0.067842 0.389145
vt 0.067842 0.384623
vt 0.067842 0.380100
vt 0.067842 0.375577
vt 0.067842 0.371054
vt 0.067842 0.366531
vt 0.067842 0.362009
vt 0.067842 0.357486
vt 0.067842 0.352963
vt 0.067842 0.348440
vt 0.067842 0.343917
vt 0.067842 0.339395
vt 0.067842 0.334872
vt 0.067842 0.330349
vt 0.067842 0.325826
vt 0.067842 0.321303
vt 0.067842 0.316781
vt 0.067842 0.312258
vt 0.067842 0.307735
vt 0.067842 0.303212
vt 0.067842 0.298689
vt 0.067842 0.294167
vt 0.067842 0.289644
vt 0.067842 0.285121
vt 0.067842 0.280598
vt 0.067842 0.276075
vt 0.067842 0.271553
vt 0.067842 0.267030
vt 0.067842 0.262507
vt 0.067842 0.257984
vt 0.067842 0.253461
vt 0.067842 0.248939
vt 0.067842 0.244416
vt 0.072365 0.461510
vt 0.072365 0.466033
vt 0.072365 0.456987
vt 0.072365 0.452464
vt 0.072365 0.447942
vt 0.072365 0.443419
vt 0.972863 0.764954
vt 0.968341 0.941482
vt 0.072365 0.434373
vt 0.072365 0.438896
vt 0.072365 0.429850
vt 0.072365 0.425328
vt 0.072365 0.420805
vt 0.072365 0.416282
vt 0.072365 0.411759
vt 0.072365 0.407237
vt 0.072365 0.402714
vt 0.072365 0.398191
vt 0.072365 0.393668
vt 0.072365 0.389145
vt 0.072365 0.384623
vt 0.072365 0.380100
vt 0.072365 0.375577
vt 0.072365 0.371054
vt 0.072365 0.366531
vt 0.072365 0.362009
vt 0.072365 0.357486
vt 0.072365 0.352963
vt 0.072365 0.348440
vt 0.072365 0.343917
vt 0.072365 0.339395
vt 0.072365 0.334872
vt 0.072365 0.330349
vt 0.072365 0.325826
vt 0.072365 0.321303
vt 0.072365 0.316781
vt 0.072365 0.312258
vt 0.072365 0.307735
vt 0.072365 0.303212
vt 0.072365 0.298689
vt 0.072365 0.294167
vt 0.072365 0.289644
vt 0.072365 0.285121
vt 0.072365 0.280598
vt 0.072365 0.276075
vt 0.072365 0.271553
vt 0.072365 0.267030
vt 0.072365 0.262507
vt 0.072365 0.257984
vt 0.072365 0.253461
vt 0.072365 0.248939
vt 0.072365 0.244416
vt 0.076888 0.461510
vt 0.076888 0.466033
vt 0.076888 0.456987
vt 0.076888 0.452464
vt 0.873362 0.588426
vt 0.868839 0.764954
vt 0.868839 0.588426
vt 0.959295 0.411898
vt 0.954772 0.588426
vt 0.954772 0.411898
vt 0.896114 0.000000
vt 0.891591 0.176528
vt 0.891591 0.000000
vt 0.954911 0.000000
vt 0.950388 0.176528
vt 0.864316 0.764954
vt 0.864316 0.588426
vt 0.900637 0.000000
vt 0.896114 0.176528
vt 0.859793 0.588426
vt 0.905160 0.000000
vt 0.900637 0.176528
vt 0.733155 0.235370
vt 0.728632 0.411898
vt 0.728632 0.235370
vt 0.045228 0.696696
vt 0.040705 0.873224
vt 0.040705 0.696696
vt 0.724109 0.411898
vt 0.724109 0.235370
vt 0.049751 0.696696
vt 0.045228 0.873224
vt 0.719586 0.411898
vt 0.719586 0.235370
vt 0.181050 0.466033
vt 0.176528 0.642561
vt 0.054274 0.696696
vt 0.049751 0.873224
vt 0.977525 0.000000
vt 0.973002 0.176528
vt 0.973002 0.000000
vt 0.185573 0.466033
vt 0.181050 0.642561
vt 0.715064 0.411898
vt 0.715064 0.235370
vt 0.190096 0.466033
vt 0.185573 0.642561
vt 0.298689 0.701403
vt 0.294167 0.877931
vt 0.294167 0.701403
vt 0.058796 0.696696
vt 0.054274 0.873224
vt 0.194619 0.466033
vt 0.190096 0.642561
vt 0.076888 0.348440
vt 0.076888 0.352963
vt 0.076888 0.343917
vt 0.076888 0.339395
vt 0.076888 0.334872
vt 0.076888 0.330349
vt 0.990955 0.411897
vt 0.986432 0.588425
vt 0.986432 0.411897
vt 0.706018 0.588426
vt 0.701495 0.764953
vt 0.701495 0.588426
vt 0.683404 0.588426
vt 0.678881 0.764953
vt 0.678881 0.588426
vt 0.764814 0.588426
vt 0.760292 0.764953
vt 0.760292 0.588426
vt 0.624608 0.588426
vt 0.620085 0.764953
vt 0.696972 0.764953
vt 0.696972 0.588426
vt 0.755769 0.764953
vt 0.755769 0.588426
vt 0.629130 0.588426
vt 0.624608 0.764953
vt 0.778383 0.588426
vt 0.773860 0.764953
vt 0.773860 0.588426
vt 0.692450 0.764953
vt 0.692450 0.588426
vt 0.751246 0.764953
vt 0.751246 0.588426
vt 0.633653 0.588426
vt 0.629130 0.764953
vt 0.592948 0.588426
vt 0.588425 0.764953
vt 0.588425 0.588426
vt 0.687927 0.764953
vt 0.687927 0.588426
vt 0.746723 0.764953
vt 0.746723 0.588426
vt 0.638176 0.588426
vt 0.633653 0.764953
vt 0.683404 0.764953
vt 0.683404 0.588426
vt 0.742200 0.764953
vt 0.742200 0.588426
vt 0.642699 0.588426
vt 0.638176 0.764953
vt 0.737678 0.588426
vt 0.081410 0.461510
vt 0.081410 0.466033
vt 0.081410 0.456987
vt 0.081410 0.452464
vt 0.855270 0.588426
vt 0.891453 0.588426
vt 0.886930 0.764954
vt 0.886930 0.588426
vt 0.909683 0.000000
vt 0.905160 0.176528
vt 0.882407 0.764954
vt 0.882407 0.588426
vt 0.914205 0.000000
vt 0.909683 0.176528
vt 0.877884 0.764954
vt 0.877884 0.588426
vt 0.918728 0.000000
vt 0.914205 0.176528
vt 0.950249 0.588426
vt 0.950249 0.411898
vt 0.289644 0.877931
vt 0.289644 0.701403
vt 0.076888 0.411759
vt 0.081410 0.407237
vt 0.081410 0.411759
vt 0.076888 0.407237
vt 0.081410 0.402714
vt 0.076888 0.402714
vt 0.081410 0.398191
vt 0.076888 0.398191
vt 0.081410 0.393668
vt 0.076888 0.393668
vt 0.081410 0.389145
vt 0.076888 0.389145
vt 0.081410 0.384623
vt 0.076888 0.384623
vt 0.081410 0.380100
vt 0.076888 0.380100
vt 0.081410 0.375577
vt 0.076888 0.375577
vt 0.081410 0.371054
vt 0.076888 0.371054
vt 0.081410 0.366531
vt 0.076888 0.366531
vt 0.081410 0.362009
vt 0.076888 0.362009
vt 0.081410 0.357486
vt 0.076888 0.357486
vt 0.081410 0.352963
vt 0.081410 0.348440
vt 0.081410 0.343917
vt 0.081410 0.339395
vt 0.081410 0.334872
vt 0.081410 0.330349
vt 0.122116 0.696696
vt 0.117593 0.873223
vt 0.117593 0.696696
vt 0.076888 0.325826
vt 0.081410 0.321303
vt 0.081410 0.325826
vt 0.076888 0.321303
vt 0.081410 0.316781
vt 0.076888 0.316781
vt 0.081410 0.312258
vt 0.076888 0.312258
vt 0.081410 0.307735
vt 0.076888 0.307735
vt 0.081410 0.303212
vt 0.076888 0.303212
vt 0.081410 0.298689
vt 0.076888 0.298689
vt 0.081410 0.294167
vt 0.076888 0.294167
vt 0.081410 0.289644
vt 0.076888 0.289644
vt 0.081410 0.285121
vt 0.076888 0.285121
vt 0.081410 0.280598
vt 0.076888 0.280598
vt 0.081410 0.276075
vt 0.076888 0.276075
vt 0.081410 0.271553
vt 0.076888 0.271553
vt 0.081410 0.267030
vt 0.076888 0.267030
vt 0.081410 0.262507
vt 0.076888 0.262507
vt 0.081410 0.257984
vt 0.076888 0.257984
vt 0.081410 0.253461
vt 0.076888 0.253461
vt 0.081410 0.248939
vt 0.076888 0.248939
vt 0.081410 0.244416
vt 0.076888 0.244416
vt 0.085933 0.461510
vt 0.085933 0.466033
vt 0.085933 0.456987
vt 0.085933 0.452464
vt 0.085933 0.447942
vt 0.081410 0.447942
vt 0.085933 0.443419
vt 0.081410 0.443419
vt 0.085933 0.438896
vt 0.081410 0.438896
vt 0.085933 0.434373
vt 0.081410 0.434373
vt 0.085933 0.429850
vt 0.081410 0.429850
vt 0.085933 0.425328
vt 0.081410 0.425328
vt 0.085933 0.420805
vt 0.081410 0.420805
vt 0.085933 0.416282
vt 0.710541 0.411898
vt 0.710541 0.235370
vt 0.085933 0.407237
vt 0.085933 0.411759
vt 0.085933 0.402714
vt 0.085933 0.398191
vt 0.085933 0.393668
vt 0.085933 0.389145
vt 0.085933 0.384623
vt 0.085933 0.380100
vt 0.085933 0.375577
vt 0.085933 0.371054
vt 0.085933 0.366531
vt 0.085933 0.362009
vt 0.085933 0.357486
vt 0.085933 0.352963
vt 0.085933 0.348440
vt 0.085933 0.343917
vt 0.085933 0.339395
vt 0.085933 0.334872
vt 0.085933 0.330349
vt 0.180912 0.696696
vt 0.176389 0.873223
vt 0.176389 0.696696
vt 0.085933 0.321303
vt 0.085933 0.325826
vt 0.085933 0.316781
vt 0.085933 0.312258
vt 0.085933 0.307735
vt 0.085933 0.303212
vt 0.085933 0.298689
vt 0.085933 0.294167
vt 0.085933 0.289644
vt 0.085933 0.285121
vt 0.085933 0.280598
vt 0.085933 0.276075
vt 0.085933 0.271553
vt 0.085933 0.267030
vt 0.085933 0.262507
vt 0.085933 0.257984
vt 0.085933 0.253461
vt 0.085933 0.248939
vt 0.085933 0.244416
vt 0.090456 0.461510
vt 0.090456 0.466033
vt 0.090456 0.456987
vt 0.090456 0.452464
vt 0.090456 0.447942
vt 0.090456 0.443419
vt 0.090456 0.438896
vt 0.090456 0.434373
vt 0.090456 0.429850
vt 0.090456 0.425328
vt 0.090456 0.420805
vt 0.090456 0.416282
vt 0.199142 0.466033
vt 0.194619 0.642561
vt 0.090456 0.407237
vt 0.090456 0.411759
vt 0.090456 0.402714
vt 0.090456 0.398191
vt 0.090456 0.393668
vt 0.090456 0.389145
vt 0.090456 0.384623
vt 0.090456 0.380100
vt 0.090456 0.375577
vt 0.090456 0.371054
vt 0.090456 0.366531
vt 0.090456 0.362009
vt 0.090456 0.357486
vt 0.090456 0.352963
vt 0.090456 0.348440
vt 0.090456 0.343917
vt 0.090456 0.339395
vt 0.090456 0.334872
vt 0.090456 0.330349
vt 0.981909 0.764954
vt 0.977386 0.941482
vt 0.977386 0.764954
vt 0.090456 0.321303
vt 0.090456 0.325826
vt 0.090456 0.316781
vt 0.090456 0.312258
vt 0.090456 0.307735
vt 0.090456 0.303212
vt 0.090456 0.298689
vt 0.090456 0.294167
vt 0.090456 0.289644
vt 0.090456 0.285121
vt 0.090456 0.280598
vt 0.090456 0.276075
vt 0.090456 0.271553
vt 0.090456 0.267030
vt 0.090456 0.262507
vt 0.090456 0.257984
vt 0.090456 0.253461
vt 0.090456 0.248939
vt 0.090456 0.244416
vt 0.094979 0.461510
vt 0.094979 0.466033
vt 0.094979 0.456987
vt 0.094979 0.452464
vt 0.094979 0.447942
vt 0.094979 0.443419
vt 0.094979 0.438896
vt 0.094979 0.434373
vt 0.094979 0.429850
vt 0.094979 0.425328
vt 0.094979 0.420805
vt 0.094979 0.416282
vt 0.285121 0.877931
vt 0.285121 0.701403
vt 0.094979 0.407237
vt 0.094979 0.411759
vt 0.094979 0.402714
vt 0.094979 0.398191
vt 0.094979 0.393668
vt 0.094979 0.389145
vt 0.094979 0.384623
vt 0.094979 0.380100
vt 0.094979 0.375577
vt 0.094979 0.371054
vt 0.094979 0.366531
vt 0.094979 0.362009
vt 0.094979 0.357486
vt 0.094979 0.352963
vt 0.094979 0.348440
vt 0.094979 0.343917
vt 0.094979 0.339395
vt 0.094979 0.334872
vt 0.094979 0.330349
vt 0.140207 0.696696
vt 0.135684 0.873223
vt 0.135684 0.696696
vt 0.094979 0.321303
vt 0.094979 0.325826
vt 0.094979 0.316781
vt 0.094979 0.312258
vt 0.094979 0.307735
vt 0.094979 0.303212
vt 0.094979 0.298689
vt 0.094979 0.294167
vt 0.094979 0.289644
vt 0.094979 0.285121
vt 0.094979 0.280598
vt 0.094979 0.276075
vt 0.094979 0.271553
vt 0.094979 0.267030
vt 0.094979 0.262507
vt 0.094979 0.257984
vt 0.094979 0.253461
vt 0.094979 0.248939
vt 0.094979 0.244416
vt 0.099502 0.461510
vt 0.099502 0.466033
vt 0.099502 0.456987
vt 0.099502 0.452464
vt 0.099502 0.447942
vt 0.099502 0.443419
vt 0.099502 0.438896
vt 0.099502 0.434373
vt 0.099502 0.429850
vt 0.099502 0.425328
vt 0.099502 0.420805
vt 0.099502 0.416282
vt 0.203664 0.466033
vt 0.199142 0.642561
vt 0.099502 0.407237
vt 0.099502 0.411759
vt 0.099502 0.402714
vt 0.099502 0.398191
vt 0.099502 0.393668
vt 0.099502 0.389145
vt 0.099502 0.384623
vt 0.099502 0.380100
vt 0.099502 0.375577
vt 0.099502 0.371054
vt 0.099502 0.366531
vt 0.099502 0.362009
vt 0.099502 0.357486
vt 0.099502 0.352963
vt 0.099502 0.348440
vt 0.099502 0.343917
vt 0.099502 0.339395
vt 0.099502 0.334872
vt 0.099502 0.330349
vt 0.104024 0.696696
vt 0.099502 0.873223
vt 0.099502 0.696696
vt 0.099502 0.321303
vt 0.099502 0.325826
vt 0.099502 0.316781
vt 0.099502 0.312258
vt 0.099502 0.307735
vt 0.099502 0.303212
vt 0.099502 0.298689
vt 0.099502 0.294167
vt 0.099502 0.289644
vt 0.099502 0.285121
vt 0.099502 0.280598
vt 0.099502 0.276075
vt 0.099502 0.271553
vt 0.099502 0.267030
vt 0.099502 0.262507
vt 0.099502 0.257984
vt 0.099502 0.253461
vt 0.099502 0.248939
vt 0.099502 0.244416
vt 0.104024 0.461510
vt 0.104024 0.466033
vt 0.104024 0.456987
vt 0.104024 0.452464
vt 0.104024 0.447942
vt 0.104024 0.443419
vt 0.104024 0.438896
vt 0.104024 0.434373
vt 0.104024 0.429850
vt 0.104024 0.425328
vt 0.104024 0.420805
vt 0.104024 0.416282
vt 0.063319 0.696696
vt 0.058796 0.873224
vt 0.104024 0.407237
vt 0.104024 0.411759
vt 0.104024 0.402714
vt 0.104024 0.398191
vt 0.104024 0.393668
vt 0.104024 0.389145
vt 0.104024 0.384623
vt 0.927635 0.764954
vt 0.923112 0.941482
vt 0.923112 0.764954
vt 0.104024 0.375577
vt 0.104024 0.380100
vt 0.104024 0.371054
vt 0.104024 0.366531
vt 0.104024 0.362009
vt 0.104024 0.357486
vt 0.104024 0.352963
vt 0.104024 0.348440
vt 0.104024 0.343917
vt 0.104024 0.339395
vt 0.104024 0.334872
vt 0.104024 0.330349
vt 0.199003 0.696696
vt 0.194480 0.873223
vt 0.194480 0.696696
vt 0.104024 0.321303
vt 0.104024 0.325826
vt 0.104024 0.316781
vt 0.104024 0.312258
vt 0.104024 0.307735
vt 0.104024 0.303212
vt 0.104024 0.298689
vt 0.104024 0.294167
vt 0.104024 0.289644
vt 0.104024 0.285121
vt 0.104024 0.280598
vt 0.104024 0.276075
vt 0.104024 0.271553
vt 0.104024 0.267030
vt 0.891453 0.235370
vt 0.886930 0.411898
vt 0.886930 0.235370
vt 0.104024 0.257984
vt 0.104024 0.262507
vt 0.104024 0.253461
vt 0.104024 0.248939
vt 0.104024 0.244416
vt 0.108547 0.461510
vt 0.108547 0.466033
vt 0.108547 0.456987
vt 0.108547 0.452464
vt 0.108547 0.447942
vt 0.108547 0.443419
vt 0.108547 0.438896
vt 0.108547 0.434373
vt 0.108547 0.429850
vt 0.108547 0.425328
vt 0.108547 0.420805
vt 0.108547 0.416282
vt 0.280598 0.877931
vt 0.280598 0.701403
vt 0.108547 0.407237
vt 0.108547 0.411759
vt 0.108547 0.402714
vt 0.108547 0.398191
vt 0.108547 0.393668
vt 0.108547 0.389145
vt 0.108547 0.384623
vt 0.212710 0.642561
vt 0.208187 0.819089
vt 0.208187 0.642561
vt 0.108547 0.375577
vt 0.108547 0.380100
vt 0.108547 0.371054
vt 0.108547 0.366531
vt 0.108547 0.362009
vt 0.108547 0.357486
vt 0.108547 0.352963
vt 0.108547 0.348440
vt 0.108547 0.343917
vt 0.108547 0.339395
vt 0.108547 0.334872
vt 0.108547 0.330349
vt 0.085933 0.696696
vt 0.081410 0.873223
vt 0.081410 0.696696
vt 0.108547 0.321303
vt 0.108547 0.325826
vt 0.108547 0.316781
vt 0.108547 0.312258
vt 0.108547 0.307735
vt 0.108547 0.303212
vt 0.108547 0.298689
vt 0.108547 0.294167
vt 0.108547 0.289644
vt 0.108547 0.285121
vt 0.108547 0.280598
vt 0.108547 0.276075
vt 0.108547 0.271553
vt 0.108547 0.267030
vt 0.226278 0.819089
vt 0.221756 0.995616
vt 0.221756 0.819089
vt 0.108547 0.257984
vt 0.108547 0.262507
vt 0.108547 0.253461
vt 0.108547 0.248939
vt 0.108547 0.244416
vt 0.196162 0.674221
vt 0.200685 0.669698
vt 0.200685 0.674221
vt 0.196162 0.678743
vt 0.200685 0.678743
vt 0.895976 0.588426
vt 0.891453 0.764954
vt 0.923113 0.235370
vt 0.918590 0.411898
vt 0.918590 0.235370
vt 0.927635 0.588426
vt 0.923112 0.764954
vt 0.923112 0.588426
vt 0.941204 0.588426
vt 0.936681 0.764954
vt 0.936681 0.588426
vt 0.927635 0.235370
vt 0.923113 0.411898
vt 0.918590 0.764954
vt 0.918590 0.588426
vt 0.113070 0.425328
vt 0.113070 0.429850
vt 0.113070 0.420805
vt 0.113070 0.416282
vt 0.208187 0.466033
vt 0.203664 0.642561
vt 0.113070 0.407237
vt 0.113070 0.411759
vt 0.113070 0.402714
vt 0.113070 0.398191
vt 0.113070 0.393668
vt 0.113070 0.389145
vt 0.113070 0.384623
vt 0.945726 0.411898
vt 0.941204 0.588426
vt 0.941204 0.411898
vt 0.986432 0.411898
vt 0.981909 0.588426
vt 0.981909 0.411898
vt 0.959295 0.764954
vt 0.954772 0.941482
vt 0.954772 0.764954
vt 0.954772 0.588426
vt 0.950249 0.764953
vt 0.950249 0.588426
vt 0.986432 0.588426
vt 0.981909 0.764954
vt 0.981909 0.588426
vt 0.990955 0.235370
vt 0.986432 0.411897
vt 0.986432 0.235370
vt 0.932158 0.764954
vt 0.927635 0.941482
vt 0.900499 0.764954
vt 0.895976 0.941482
vt 0.895976 0.764954
vt 0.995477 0.764953
vt 0.990954 0.941481
vt 0.990955 0.764953
vt 0.877885 0.764954
vt 0.873362 0.941482
vt 0.873362 0.764954
vt 0.914067 0.764954
vt 0.909544 0.941482
vt 0.909544 0.764954
vt 0.891453 0.941482
vt 0.891453 0.764954
vt 0.167343 0.696696
vt 0.162821 0.873223
vt 0.162821 0.696696
vt 0.113070 0.321303
vt 0.113070 0.325826
vt 0.113070 0.316781
vt 0.113070 0.312258
vt 0.113070 0.307735
vt 0.113070 0.303212
vt 0.113070 0.298689
vt 0.113070 0.294167
vt 0.113070 0.289644
vt 0.113070 0.285121
vt 0.113070 0.280598
vt 0.113070 0.276075
vt 0.113070 0.271553
vt 0.113070 0.267030
vt 0.886930 0.411898
vt 0.882407 0.588426
vt 0.882407 0.411898
vt 0.113070 0.257984
vt 0.113070 0.262507
vt 0.113070 0.253461
vt 0.113070 0.248939
vt 0.113070 0.244416
vt 0.941204 0.941482
vt 0.941204 0.764954
vt 0.932158 0.764954
vt 0.932158 0.588426
vt 0.932158 0.235370
vt 0.927635 0.411898
vt 0.900499 0.235370
vt 0.895976 0.411898
vt 0.895976 0.235370
vt 0.914067 0.764954
vt 0.914067 0.588426
vt 0.927635 0.764954
vt 0.905021 0.235370
vt 0.900499 0.411898
vt 0.909544 0.764954
vt 0.909544 0.588426
vt 0.117593 0.425328
vt 0.117593 0.429850
vt 0.117593 0.420805
vt 0.117593 0.416282
vt 0.706018 0.411898
vt 0.706018 0.235370
vt 0.117593 0.407237
vt 0.117593 0.411759
vt 0.117593 0.402714
vt 0.117593 0.398191
vt 0.117593 0.393668
vt 0.117593 0.389145
vt 0.117593 0.384623
vt 0.117593 0.380100
vt 0.113070 0.380100
vt 0.117593 0.375577
vt 0.113070 0.375577
vt 0.117593 0.371054
vt 0.113070 0.371054
vt 0.117593 0.366531
vt 0.113070 0.366531
vt 0.117593 0.362009
vt 0.113070 0.362009
vt 0.117593 0.357486
vt 0.986432 0.764954
vt 0.981909 0.941482
vt 0.981909 0.764954
vt 0.936681 0.588426
vt 0.936681 0.411898
vt 0.113070 0.348440
vt 0.117593 0.343917
vt 0.117593 0.348440
vt 0.113070 0.343917
vt 0.117593 0.339395
vt 0.113070 0.339395
vt 0.117593 0.334872
vt 0.113070 0.334872
vt 0.117593 0.330349
vt 0.149252 0.696696
vt 0.144729 0.873223
vt 0.144729 0.696696
vt 0.117593 0.321303
vt 0.117593 0.325826
vt 0.117593 0.316781
vt 0.117593 0.312258
vt 0.117593 0.307735
vt 0.117593 0.303212
vt 0.117593 0.298689
vt 0.117593 0.294167
vt 0.117593 0.289644
vt 0.117593 0.285121
vt 0.117593 0.280598
vt 0.117593 0.276075
vt 0.117593 0.271553
vt 0.117593 0.267030
vt 0.868839 0.411898
vt 0.864316 0.588426
vt 0.864316 0.411898
vt 0.117593 0.257984
vt 0.117593 0.262507
vt 0.117593 0.253461
vt 0.117593 0.248939
vt 0.117593 0.244416
vt 0.909544 0.235370
vt 0.905021 0.411898
vt 0.905021 0.764954
vt 0.905021 0.588426
vt 0.936681 0.764954
vt 0.932158 0.941482
vt 0.914067 0.235370
vt 0.909544 0.411898
vt 0.900498 0.764954
vt 0.900498 0.588426
vt 0.914067 0.411898
vt 0.895976 0.764954
vt 0.936681 0.941482
vt 0.122116 0.425328
vt 0.122116 0.429850
vt 0.122116 0.420805
vt 0.122116 0.416282
vt 0.276075 0.877931
vt 0.276075 0.701403
vt 0.122116 0.407237
vt 0.122116 0.411759
vt 0.122116 0.402714
vt 0.122116 0.398191
vt 0.122116 0.393668
vt 0.122116 0.389145
vt 0.122116 0.384623
vt 0.122116 0.380100
vt 0.122116 0.375577
vt 0.122116 0.371054
vt 0.122116 0.366531
vt 0.122116 0.362009
vt 0.122116 0.357486
vt 0.122116 0.352963
vt 0.963818 0.764954
vt 0.959295 0.941482
vt 0.122116 0.343917
vt 0.122116 0.348440
vt 0.122116 0.339395
vt 0.122116 0.334872
vt 0.122116 0.330349
vt 0.185435 0.696696
vt 0.180912 0.873223
vt 0.122116 0.321303
vt 0.122116 0.325826
vt 0.122116 0.316781
vt 0.122116 0.312258
vt 0.122116 0.307735
vt 0.122116 0.303212
vt 0.122116 0.298689
vt 0.122116 0.294167
vt 0.122116 0.289644
vt 0.122116 0.285121
vt 0.122116 0.280598
vt 0.122116 0.276075
vt 0.122116 0.271553
vt 0.122116 0.267030
vt 0.868839 0.235370
vt 0.864316 0.411898
vt 0.864316 0.235370
vt 0.122116 0.257984
vt 0.122116 0.262507
vt 0.122116 0.253461
vt 0.122116 0.248939
vt 0.122116 0.244416
vt 0.122116 0.466033
vt 0.126638 0.461510
vt 0.126638 0.466033
vt 0.122116 0.461510
vt 0.126638 0.456987
vt 0.122116 0.456987
vt 0.126638 0.452464
vt 0.122116 0.452464
vt 0.126638 0.447942
vt 0.122116 0.447942
vt 0.126638 0.443419
vt 0.122116 0.443419
vt 0.126638 0.438896
vt 0.122116 0.438896
vt 0.126638 0.434373
vt 0.122116 0.434373
vt 0.126638 0.429850
vt 0.126638 0.425328
vt 0.126638 0.420805
vt 0.126638 0.416282
vt 0.212710 0.466033
vt 0.208187 0.642561
vt 0.126638 0.407237
vt 0.126638 0.411759
vt 0.126638 0.402714
vt 0.126638 0.398191
vt 0.126638 0.393668
vt 0.126638 0.389145
vt 0.126638 0.384623
vt 0.126638 0.380100
vt 0.126638 0.375577
vt 0.126638 0.371054
vt 0.126638 0.366531
vt 0.126638 0.362009
vt 0.126638 0.357486
vt 0.126638 0.352963
vt 0.918590 0.764954
vt 0.914067 0.941482
vt 0.126638 0.343917
vt 0.126638 0.348440
vt 0.126638 0.339395
vt 0.126638 0.334872
vt 0.126638 0.330349
vt 0.113070 0.873223
vt 0.113070 0.696696
vt 0.126638 0.321303
vt 0.126638 0.325826
vt 0.126638 0.316781
vt 0.126638 0.312258
vt 0.126638 0.307735
vt 0.126638 0.303212
vt 0.126638 0.298689
vt 0.126638 0.294167
vt 0.126638 0.289644
vt 0.126638 0.285121
vt 0.126638 0.280598
vt 0.126638 0.276075
vt 0.126638 0.271553
vt 0.126638 0.267030
vt 0.882407 0.411898
vt 0.882407 0.235370
vt 0.126638 0.257984
vt 0.126638 0.262507
vt 0.126638 0.253461
vt 0.126638 0.248939
vt 0.126638 0.244416
vt 0.131161 0.461510
vt 0.131161 0.466033
vt 0.131161 0.456987
vt 0.131161 0.452464
vt 0.131161 0.447942
vt 0.131161 0.443419
vt 0.131161 0.438896
vt 0.131161 0.434373
vt 0.131161 0.429850
vt 0.131161 0.425328
vt 0.131161 0.420805
vt 0.131161 0.416282
vt 0.018091 0.696696
vt 0.013568 0.873224
vt 0.013568 0.696696
vt 0.131161 0.407237
vt 0.131161 0.411759
vt 0.131161 0.402714
vt 0.131161 0.398191
vt 0.131161 0.393668
vt 0.131161 0.389145
vt 0.131161 0.384623
vt 0.131161 0.380100
vt 0.131161 0.375577
vt 0.131161 0.371054
vt 0.131161 0.366531
vt 0.131161 0.362009
vt 0.131161 0.357486
vt 0.131161 0.352963
vt 0.687927 0.941481
vt 0.131161 0.343917
vt 0.131161 0.348440
vt 0.131161 0.339395
vt 0.131161 0.334872
vt 0.131161 0.330349
vt 0.131161 0.873223
vt 0.131161 0.696696
vt 0.131161 0.321303
vt 0.131161 0.325826
vt 0.131161 0.316781
vt 0.131161 0.312258
vt 0.131161 0.307735
vt 0.131161 0.303212
vt 0.131161 0.298689
vt 0.131161 0.294167
vt 0.131161 0.289644
vt 0.131161 0.285121
vt 0.131161 0.280598
vt 0.131161 0.276075
vt 0.131161 0.271553
vt 0.131161 0.267030
vt 0.891453 0.411898
vt 0.886930 0.588426
vt 0.131161 0.257984
vt 0.131161 0.262507
vt 0.131161 0.253461
vt 0.131161 0.248939
vt 0.131161 0.244416
vt 0.135684 0.461510
vt 0.135684 0.466033
vt 0.135684 0.456987
vt 0.135684 0.452464
vt 0.135684 0.447942
vt 0.135684 0.443419
vt 0.135684 0.438896
vt 0.135684 0.434373
vt 0.135684 0.429850
vt 0.135684 0.425328
vt 0.135684 0.420805
vt 0.135684 0.416282
vt 0.271553 0.877931
vt 0.271553 0.701403
vt 0.135684 0.407237
vt 0.135684 0.411759
vt 0.135684 0.402714
vt 0.135684 0.398191
vt 0.135684 0.393668
vt 0.135684 0.389145
vt 0.135684 0.384623
vt 0.135684 0.380100
vt 0.135684 0.375577
vt 0.135684 0.371054
vt 0.135684 0.366531
vt 0.135684 0.362009
vt 0.135684 0.357486
vt 0.135684 0.352963
vt 0.135684 0.348440
vt 0.135684 0.343917
vt 0.135684 0.339395
vt 0.135684 0.334872
vt 0.135684 0.330349
vt 0.094979 0.873223
vt 0.094979 0.696696
vt 0.135684 0.321303
vt 0.135684 0.325826
vt 0.135684 0.316781
vt 0.135684 0.312258
vt 0.135684 0.307735
vt 0.135684 0.303212
vt 0.135684 0.298689
vt 0.135684 0.294167
vt 0.135684 0.289644
vt 0.135684 0.285121
vt 0.135684 0.280598
vt 0.135684 0.276075
vt 0.135684 0.271553
vt 0.135684 0.267030
vt 0.873362 0.411898
vt 0.868839 0.588426
vt 0.135684 0.257984
vt 0.135684 0.262507
vt 0.135684 0.253461
vt 0.135684 0.248939
vt 0.135684 0.244416
vt 0.140207 0.461510
vt 0.140207 0.466033
vt 0.140207 0.456987
vt 0.140207 0.452464
vt 0.140207 0.447942
vt 0.140207 0.443419
vt 0.140207 0.438896
vt 0.140207 0.434373
vt 0.140207 0.429850
vt 0.140207 0.425328
vt 0.140207 0.420805
vt 0.140207 0.416282
vt 0.067842 0.696696
vt 0.063319 0.873224
vt 0.140207 0.407237
vt 0.140207 0.411759
vt 0.140207 0.402714
vt 0.140207 0.398191
vt 0.140207 0.393668
vt 0.140207 0.389145
vt 0.140207 0.384623
vt 0.140207 0.380100
vt 0.140207 0.375577
vt 0.140207 0.371054
vt 0.140207 0.366531
vt 0.140207 0.362009
vt 0.140207 0.357486
vt 0.140207 0.352963
vt 0.140207 0.348440
vt 0.140207 0.343917
vt 0.140207 0.339395
vt 0.140207 0.334872
vt 0.140207 0.330349
vt 0.203526 0.696696
vt 0.199003 0.873223
vt 0.140207 0.321303
vt 0.140207 0.325826
vt 0.140207 0.316781
vt 0.140207 0.312258
vt 0.140207 0.307735
vt 0.140207 0.303212
vt 0.140207 0.298689
vt 0.140207 0.294167
vt 0.140207 0.289644
vt 0.140207 0.285121
vt 0.140207 0.280598
vt 0.140207 0.276075
vt 0.140207 0.271553
vt 0.140207 0.267030
vt 0.859793 0.411898
vt 0.859793 0.235370
vt 0.140207 0.257984
vt 0.140207 0.262507
vt 0.140207 0.253461
vt 0.140207 0.248939
vt 0.140207 0.244416
vt 0.144729 0.461510
vt 0.144729 0.466033
vt 0.144729 0.456987
vt 0.144729 0.452464
vt 0.144729 0.447942
vt 0.144729 0.443419
vt 0.144729 0.438896
vt 0.144729 0.434373
vt 0.144729 0.429850
vt 0.144729 0.425328
vt 0.144729 0.420805
vt 0.144729 0.416282
vt 0.773860 0.235370
vt 0.769337 0.411898
vt 0.769337 0.235370
vt 0.144729 0.407237
vt 0.144729 0.411759
vt 0.144729 0.402714
vt 0.144729 0.398191
vt 0.144729 0.393668
vt 0.144729 0.389145
vt 0.144729 0.384623
vt 0.144729 0.380100
vt 0.144729 0.375577
vt 0.144729 0.371054
vt 0.144729 0.366531
vt 0.144729 0.362009
vt 0.144729 0.357486
vt 0.144729 0.352963
vt 0.144729 0.348440
vt 0.144729 0.343917
vt 0.144729 0.339395
vt 0.144729 0.334872
vt 0.144729 0.330349
vt 0.153775 0.696696
vt 0.149252 0.873223
vt 0.144729 0.321303
vt 0.144729 0.325826
vt 0.144729 0.316781
vt 0.144729 0.312258
vt 0.144729 0.307735
vt 0.144729 0.303212
vt 0.144729 0.298689
vt 0.144729 0.294167
vt 0.144729 0.289644
vt 0.144729 0.285121
vt 0.144729 0.280598
vt 0.144729 0.276075
vt 0.144729 0.271553
vt 0.144729 0.267030
vt 0.877885 0.411898
vt 0.877885 0.235370
vt 0.144729 0.257984
vt 0.144729 0.262507
vt 0.144729 0.253461
vt 0.144729 0.248939
vt 0.144729 0.244416
vt 0.149252 0.461510
vt 0.149252 0.466033
vt 0.149252 0.456987
vt 0.149252 0.452464
vt 0.149252 0.447942
vt 0.149252 0.443419
vt 0.149252 0.438896
vt 0.149252 0.434373
vt 0.149252 0.429850
vt 0.149252 0.425328
vt 0.149252 0.420805
vt 0.149252 0.416282
vt 0.217233 0.466033
vt 0.212710 0.642561
vt 0.149252 0.407237
vt 0.149252 0.411759
vt 0.149252 0.402714
vt 0.149252 0.398191
vt 0.149252 0.393668
vt 0.149252 0.389145
vt 0.773998 0.000000
vt 0.769476 0.176528
vt 0.769476 0.000000
vt 0.832795 0.000000
vt 0.828272 0.176528
vt 0.828272 0.000000
vt 0.990955 0.588426
vt 0.986432 0.764953
vt 0.986432 0.588426
vt 0.805520 0.235370
vt 0.800997 0.411898
vt 0.800997 0.235370
vt 0.764953 0.176528
vt 0.764953 0.000000
vt 0.823749 0.176528
vt 0.823749 0.000000
vt 0.810043 0.235370
vt 0.805520 0.411898
vt 0.819227 0.176528
vt 0.819227 0.000000
vt 0.814565 0.235370
vt 0.810043 0.411898
vt 0.814704 0.176528
vt 0.814704 0.000000
vt 0.819088 0.235370
vt 0.814565 0.411898
vt 0.810181 0.176528
vt 0.810181 0.000000
vt 0.823611 0.235370
vt 0.819088 0.411898
vt 0.805658 0.176528
vt 0.805658 0.000000
vt 0.828134 0.235370
vt 0.823611 0.411898
vt 0.801135 0.176528
vt 0.801135 0.000000
vt 0.832657 0.235370
vt 0.828134 0.411898
vt 0.149252 0.307735
vt 0.149252 0.312258
vt 0.149252 0.303212
vt 0.149252 0.298689
vt 0.149252 0.294167
vt 0.438896 0.701403
vt 0.434373 0.877931
vt 0.434373 0.701403
vt 0.524829 0.701403
vt 0.520307 0.877931
vt 0.520307 0.701403
vt 0.470556 0.701403
vt 0.466033 0.877931
vt 0.466033 0.701403
vt 0.493170 0.701403
vt 0.488647 0.877931
vt 0.488647 0.701403
vt 0.429851 0.877931
vt 0.429851 0.701403
vt 0.461510 0.877931
vt 0.461510 0.701403
vt 0.497692 0.701403
vt 0.493170 0.877931
vt 0.425328 0.877931
vt 0.425328 0.701403
vt 0.456987 0.877931
vt 0.456987 0.701403
vt 0.502215 0.701403
vt 0.497692 0.877931
vt 0.977386 0.411898
vt 0.972863 0.588426
vt 0.149252 0.244416
vt 0.153775 0.461510
vt 0.153775 0.466033
vt 0.153775 0.456987
vt 0.153775 0.452464
vt 0.153775 0.447942
vt 0.927635 0.411898
vt 0.923112 0.411898
vt 0.611039 0.764953
vt 0.606516 0.941481
vt 0.606516 0.764953
vt 0.918590 0.411898
vt 0.611039 0.941481
vt 0.914067 0.411898
vt 0.615562 0.941481
vt 0.909544 0.411898
vt 0.620085 0.941481
vt 0.153775 0.407237
vt 0.153775 0.411759
vt 0.153775 0.402714
vt 0.153775 0.398191
vt 0.153775 0.393668
vt 0.153775 0.389145
vt 0.153775 0.384623
vt 0.149252 0.384623
vt 0.153775 0.380100
vt 0.149252 0.380100
vt 0.153775 0.375577
vt 0.149252 0.375577
vt 0.153775 0.371054
vt 0.149252 0.371054
vt 0.153775 0.366531
vt 0.149252 0.366531
vt 0.153775 0.362009
vt 0.149252 0.362009
vt 0.153775 0.357486
vt 0.149252 0.357486
vt 0.153775 0.352963
vt 0.149252 0.352963
vt 0.153775 0.348440
vt 0.149252 0.348440
vt 0.153775 0.343917
vt 0.149252 0.343917
vt 0.153775 0.339395
vt 0.149252 0.339395
vt 0.153775 0.334872
vt 0.149252 0.334872
vt 0.153775 0.330349
vt 0.149252 0.330349
vt 0.153775 0.325826
vt 0.149252 0.325826
vt 0.153775 0.321303
vt 0.149252 0.321303
vt 0.153775 0.316781
vt 0.149252 0.316781
vt 0.153775 0.312258
vt 0.153775 0.307735
vt 0.153775 0.303212
vt 0.153775 0.298689
vt 0.153775 0.294167
vt 0.153775 0.289644
vt 0.149252 0.289644
vt 0.153775 0.285121
vt 0.149252 0.285121
vt 0.153775 0.280598
vt 0.149252 0.280598
vt 0.153775 0.276075
vt 0.149252 0.276075
vt 0.153775 0.271553
vt 0.149252 0.271553
vt 0.153775 0.267030
vt 0.149252 0.267030
vt 0.153775 0.262507
vt 0.149252 0.262507
vt 0.153775 0.257984
vt 0.149252 0.257984
vt 0.153775 0.253461
vt 0.149252 0.253461
vt 0.153775 0.248939
vt 0.149252 0.248939
vt 0.153775 0.244416
vt 0.158298 0.461510
vt 0.158298 0.466033
vt 0.158298 0.456987
vt 0.158298 0.452464
vt 0.158298 0.447942
vt 0.158298 0.443419
vt 0.153775 0.443419
vt 0.158298 0.438896
vt 0.153775 0.438896
vt 0.158298 0.434373
vt 0.153775 0.434373
vt 0.158298 0.429851
vt 0.153775 0.429850
vt 0.158298 0.425328
vt 0.153775 0.425328
vt 0.158298 0.420805
vt 0.153775 0.420805
vt 0.158298 0.416282
vt 0.153775 0.416282
vt 0.158298 0.411759
vt 0.158298 0.407237
vt 0.158298 0.402714
vt 0.158298 0.398191
vt 0.158298 0.393668
vt 0.158298 0.389145
vt 0.158298 0.384623
vt 0.158298 0.380100
vt 0.158298 0.375577
vt 0.158298 0.371054
vt 0.158298 0.366531
vt 0.158298 0.362009
vt 0.158298 0.357486
vt 0.158298 0.352963
vt 0.158298 0.348440
vt 0.158298 0.343917
vt 0.158298 0.339395
vt 0.158298 0.334872
vt 0.158298 0.330349
vt 0.158298 0.325826
vt 0.158298 0.321303
vt 0.158298 0.316781
vt 0.158298 0.312258
vt 0.158298 0.307735
vt 0.158298 0.303212
vt 0.158298 0.298689
vt 0.158298 0.294167
vt 0.158298 0.289644
vt 0.158298 0.285121
vt 0.158298 0.280598
vt 0.158298 0.276075
vt 0.158298 0.271553
vt 0.158298 0.267030
vt 0.158298 0.262507
vt 0.158298 0.257984
vt 0.158298 0.253461
vt 0.158298 0.248939
vt 0.158298 0.244416
vt 0.162821 0.461510
vt 0.162821 0.466033
vt 0.162821 0.456987
vt 0.162821 0.452464
vt 0.162821 0.447942
vt 0.162821 0.443419
vt 0.162821 0.438896
vt 0.162821 0.434373
vt 0.162821 0.429851
vt 0.162821 0.425328
vt 0.162821 0.420805
vt 0.162821 0.416282
vt 0.162821 0.411759
vt 0.162821 0.407237
vt 0.162821 0.402714
vt 0.162821 0.398191
vt 0.162821 0.393668
vt 0.162821 0.389145
vt 0.162821 0.384623
vt 0.162821 0.380100
vt 0.162821 0.375577
vt 0.162821 0.371054
vt 0.162821 0.366531
vt 0.162821 0.362009
vt 0.162821 0.357486
vt 0.162821 0.352963
vt 0.162821 0.348440
vt 0.162821 0.343917
vt 0.162821 0.339395
vt 0.162821 0.334872
vt 0.162821 0.330349
vt 0.162821 0.325826
vt 0.162821 0.321303
vt 0.162821 0.316781
vt 0.162821 0.312258
vt 0.162821 0.307735
vt 0.162821 0.303212
vt 0.162821 0.298689
vt 0.162821 0.294167
vt 0.162821 0.289644
vt 0.162821 0.285121
vt 0.162821 0.280598
vt 0.162821 0.276075
vt 0.162821 0.271553
vt 0.162821 0.267030
vt 0.162821 0.262507
vt 0.162821 0.257984
vt 0.162821 0.253461
vt 0.162821 0.248939
vt 0.162821 0.244416
vt 0.167343 0.461510
vt 0.167343 0.466033
vt 0.167343 0.456987
vt 0.167343 0.452464
vt 0.167343 0.447942
vt 0.167343 0.443419
vt 0.167343 0.438896
vt 0.167343 0.434373
vt 0.167343 0.429851
vt 0.167343 0.425328
vt 0.167343 0.420805
vt 0.167343 0.416282
vt 0.167343 0.411759
vt 0.167343 0.407237
vt 0.167343 0.402714
vt 0.167343 0.398191
vt 0.167343 0.393668
vt 0.167343 0.389145
vt 0.167343 0.384623
vt 0.167343 0.380100
vt 0.167343 0.375577
vt 0.167343 0.371054
vt 0.167343 0.366531
vt 0.167343 0.362009
vt 0.167343 0.357486
vt 0.167343 0.352963
vt 0.167343 0.348440
vt 0.167343 0.343917
vt 0.167343 0.339395
vt 0.167343 0.334872
vt 0.167343 0.330349
vt 0.167343 0.325826
vt 0.167343 0.321303
vt 0.167343 0.316781
vt 0.167343 0.312258
vt 0.167343 0.307735
vt 0.167343 0.303212
vt 0.167343 0.298689
vt 0.167343 0.294167
vt 0.167343 0.289644
vt 0.167343 0.285121
vt 0.167343 0.280598
vt 0.167343 0.276075
vt 0.167343 0.271553
vt 0.167343 0.267030
vt 0.167343 0.262507
vt 0.167343 0.257984
vt 0.167343 0.253461
vt 0.167343 0.248939
vt 0.167343 0.244416
vt 0.171866 0.461510
vt 0.171866 0.466033
vt 0.171866 0.456987
vt 0.171866 0.452464
vt 0.171866 0.447942
vt 0.171866 0.443419
vt 0.171866 0.438896
vt 0.171866 0.434373
vt 0.171866 0.429851
vt 0.171866 0.425328
vt 0.171866 0.420805
vt 0.171866 0.416282
vt 0.171866 0.411759
vt 0.171866 0.407237
vt 0.171866 0.402714
vt 0.171866 0.398191
vt 0.171866 0.393668
vt 0.171866 0.389145
vt 0.171866 0.384623
vt 0.171866 0.380100
vt 0.171866 0.375577
vt 0.171866 0.371054
vt 0.171866 0.366531
vt 0.171866 0.362009
vt 0.171866 0.357486
vt 0.171866 0.352963
vt 0.171866 0.348440
vt 0.171866 0.343917
vt 0.171866 0.339395
vt 0.171866 0.334872
vt 0.171866 0.330349
vt 0.171866 0.325826
vt 0.171866 0.321303
vt 0.171866 0.316781
vt 0.171866 0.312258
vt 0.171866 0.307735
vt 0.171866 0.303212
vt 0.171866 0.298689
vt 0.171866 0.294167
vt 0.171866 0.289644
vt 0.171866 0.285121
vt 0.171866 0.280598
vt 0.171866 0.276075
vt 0.171866 0.271553
vt 0.171866 0.267030
vt 0.171866 0.262507
vt 0.171866 0.257984
vt 0.171866 0.253461
vt 0.171866 0.248939
vt 0.171866 0.244416
vt 0.176389 0.461510
vt 0.176389 0.466033
vt 0.176389 0.456987
vt 0.176389 0.452464
vt 0.176389 0.447942
vt 0.176389 0.443419
vt 0.176389 0.438896
vt 0.176389 0.434373
vt 0.176389 0.429851
vt 0.176389 0.425328
vt 0.176389 0.420805
vt 0.176389 0.416282
vt 0.176389 0.411759
vt 0.176389 0.407237
vt 0.176389 0.402714
vt 0.176389 0.398191
vt 0.176389 0.393668
vt 0.176389 0.389145
vt 0.176389 0.384623
vt 0.176389 0.380100
vt 0.176389 0.375577
vt 0.176389 0.371054
vt 0.176389 0.366531
vt 0.176389 0.362009
vt 0.176389 0.357486
vt 0.176389 0.352963
vt 0.176389 0.348440
vt 0.176389 0.343917
vt 0.176389 0.339395
vt 0.176389 0.334872
vt 0.176389 0.330349
vt 0.176389 0.325826
vt 0.176389 0.321303
vt 0.176389 0.316781
vt 0.176389 0.312258
vt 0.176389 0.307735
vt 0.176389 0.303212
vt 0.176389 0.298689
vt 0.176389 0.294167
vt 0.176389 0.289644
vt 0.176389 0.285121
vt 0.176389 0.280598
vt 0.176389 0.276075
vt 0.176389 0.271553
vt 0.176389 0.267030
vt 0.176389 0.262507
vt 0.176389 0.257984
vt 0.176389 0.253461
vt 0.176389 0.248939
vt 0.176389 0.244416
vt 0.180912 0.461510
vt 0.180912 0.466033
vt 0.180912 0.456987
vt 0.180912 0.452464
vt 0.180912 0.447942
vt 0.180912 0.443419
vt 0.180912 0.438896
vt 0.180912 0.434373
vt 0.180912 0.429851
vt 0.180912 0.425328
vt 0.180912 0.420805
vt 0.180912 0.416282
vt 0.180912 0.411759
vt 0.180912 0.407237
vt 0.180912 0.402714
vt 0.180912 0.398191
vt 0.180912 0.393668
vt 0.180912 0.389145
vt 0.180912 0.384623
vt 0.180912 0.380100
vt 0.180912 0.375577
vt 0.180912 0.371054
vt 0.180912 0.366531
vt 0.180912 0.362009
vt 0.180912 0.357486
vt 0.180912 0.352963
vt 0.180912 0.348440
vt 0.180912 0.343917
vt 0.180912 0.339395
vt 0.180912 0.334872
vt 0.180912 0.330349
vt 0.180912 0.325826
vt 0.180912 0.321303
vt 0.180912 0.316781
vt 0.180912 0.312258
vt 0.180912 0.307735
vt 0.180912 0.303212
vt 0.180912 0.298689
vt 0.180912 0.294167
vt 0.180912 0.289644
vt 0.180912 0.285121
vt 0.180912 0.280598
vt 0.180912 0.276075
vt 0.180912 0.271553
vt 0.180912 0.267030
vt 0.180912 0.262507
vt 0.180912 0.257984
vt 0.180912 0.253461
vt 0.180912 0.248939
vt 0.180912 0.244416
vt 0.647222 0.764953
vt 0.642699 0.941482
vt 0.642699 0.764953
vt 0.674358 0.941482
vt 0.674358 0.764953
vt 0.981909 0.235370
vt 0.977386 0.235370
vt 0.638176 0.941482
vt 0.678881 0.941482
vt 0.633653 0.941482
vt 0.683404 0.941482
vt 0.837179 0.588426
vt 0.832656 0.588426
vt 0.810042 0.588426
vt 0.810042 0.411898
vt 0.841702 0.588426
vt 0.782906 0.588426
vt 0.778383 0.764953
vt 0.805520 0.588426
vt 0.805520 0.411898
vt 0.846225 0.588426
vt 0.841702 0.764953
vt 0.787428 0.588426
vt 0.782906 0.764953
vt 0.800997 0.588426
vt 0.850748 0.588426
vt 0.791951 0.588426
vt 0.796474 0.588426
vt 0.796474 0.411898
vt 0.850748 0.764953
vt 0.791951 0.411898
vt 0.855270 0.411898
vt 0.850748 0.588426
vt 0.850748 0.411898
vt 0.796474 0.764953
vt 0.787428 0.411898
vt 0.185435 0.352963
vt 0.185435 0.357486
vt 0.185435 0.348440
vt 0.185435 0.343917
vt 0.696972 0.235370
vt 0.692450 0.411898
vt 0.692450 0.235370
vt 0.660790 0.235370
vt 0.656267 0.411898
vt 0.656267 0.235370
vt 0.647222 0.411898
vt 0.642699 0.411898
vt 0.592948 0.411898
vt 0.592948 0.235370
vt 0.588425 0.411898
vt 0.651744 0.411898
vt 0.651744 0.235370
vt 0.647222 0.588426
vt 0.647222 0.235370
vt 0.651744 0.588426
vt 0.642699 0.235370
vt 0.972863 0.941482
vt 0.660790 0.411898
vt 0.656267 0.588426
vt 0.601994 0.411898
vt 0.597471 0.588426
vt 0.638176 0.411898
vt 0.638176 0.235370
vt 0.665313 0.411898
vt 0.660790 0.588426
vt 0.606516 0.411898
vt 0.601994 0.588426
vt 0.633653 0.411898
vt 0.633653 0.235370
vt 0.212710 0.819089
vt 0.208187 0.995616
vt 0.208187 0.819089
vt 0.669836 0.411898
vt 0.665313 0.588426
vt 0.611039 0.411898
vt 0.606516 0.588426
vt 0.629130 0.411898
vt 0.629130 0.235370
vt 0.185435 0.466033
vt 0.189957 0.461510
vt 0.189957 0.466033
vt 0.185435 0.461510
vt 0.189957 0.456987
vt 0.185435 0.456987
vt 0.189957 0.452464
vt 0.185435 0.452464
vt 0.189957 0.447942
vt 0.185435 0.447942
vt 0.189957 0.443419
vt 0.185435 0.443419
vt 0.189957 0.438896
vt 0.185435 0.438896
vt 0.189957 0.434373
vt 0.185435 0.434373
vt 0.189957 0.429851
vt 0.185435 0.429851
vt 0.189957 0.425328
vt 0.185435 0.425328
vt 0.189957 0.420805
vt 0.185435 0.420805
vt 0.189957 0.416282
vt 0.185435 0.416282
vt 0.189957 0.411759
vt 0.185435 0.411759
vt 0.189957 0.407237
vt 0.185435 0.407237
vt 0.189957 0.402714
vt 0.185435 0.402714
vt 0.189957 0.398191
vt 0.185435 0.398191
vt 0.189957 0.393668
vt 0.185435 0.393668
vt 0.189957 0.389145
vt 0.185435 0.389145
vt 0.189957 0.384623
vt 0.185435 0.384623
vt 0.189957 0.380100
vt 0.185435 0.380100
vt 0.189957 0.375577
vt 0.185435 0.375577
vt 0.189957 0.371054
vt 0.185435 0.371054
vt 0.189957 0.366531
vt 0.185435 0.366531
vt 0.189957 0.362009
vt 0.185435 0.362009
vt 0.189957 0.357486
vt 0.189957 0.352963
vt 0.189957 0.348440
vt 0.189957 0.343917
vt 0.189957 0.339395
vt 0.185435 0.339395
vt 0.189957 0.334872
vt 0.185435 0.334872
vt 0.189957 0.330349
vt 0.185435 0.330349
vt 0.189957 0.325826
vt 0.185435 0.325826
vt 0.189957 0.321303
vt 0.185435 0.321303
vt 0.189957 0.316781
vt 0.185435 0.316781
vt 0.189957 0.312258
vt 0.185435 0.312258
vt 0.189957 0.307735
vt 0.185435 0.307735
vt 0.189957 0.303212
vt 0.185435 0.303212
vt 0.189957 0.298689
vt 0.185435 0.298689
vt 0.189957 0.294167
vt 0.185435 0.294167
vt 0.189957 0.289644
vt 0.185435 0.289644
vt 0.189957 0.285121
vt 0.185435 0.285121
vt 0.189957 0.280598
vt 0.185435 0.280598
vt 0.189957 0.276075
vt 0.185435 0.276075
vt 0.189957 0.271553
vt 0.185435 0.271553
vt 0.189957 0.267030
vt 0.185435 0.267030
vt 0.189957 0.262507
vt 0.185435 0.262507
vt 0.189957 0.257984
vt 0.185435 0.257984
vt 0.189957 0.253461
vt 0.185435 0.253461
vt 0.189957 0.248939
vt 0.185435 0.248939
vt 0.189957 0.244416
vt 0.185435 0.244416
vt 0.194480 0.461510
vt 0.194480 0.466033
vt 0.194480 0.456987
vt 0.194480 0.452464
vt 0.194480 0.447942
vt 0.194480 0.443419
vt 0.194480 0.438896
vt 0.194480 0.434373
vt 0.194480 0.429851
vt 0.194480 0.425328
vt 0.194480 0.420805
vt 0.194480 0.416282
vt 0.194480 0.411759
vt 0.194480 0.407237
vt 0.194480 0.402714
vt 0.194480 0.398191
vt 0.194480 0.393668
vt 0.194480 0.389145
vt 0.194480 0.384623
vt 0.194480 0.380100
vt 0.194480 0.375577
vt 0.194480 0.371054
vt 0.194480 0.366531
vt 0.194480 0.362009
vt 0.194480 0.357486
vt 0.194480 0.352963
vt 0.194480 0.348440
vt 0.194480 0.343917
vt 0.194480 0.339395
vt 0.194480 0.334872
vt 0.194480 0.330349
vt 0.194480 0.325826
vt 0.194480 0.321303
vt 0.194480 0.316781
vt 0.194480 0.312258
vt 0.194480 0.307735
vt 0.194480 0.303212
vt 0.194480 0.298689
vt 0.194480 0.294167
vt 0.194480 0.289644
vt 0.194480 0.285121
vt 0.194480 0.280598
vt 0.194480 0.276075
vt 0.194480 0.271553
vt 0.194480 0.267030
vt 0.194480 0.262507
vt 0.194480 0.257984
vt 0.194480 0.253461
vt 0.194480 0.248939
vt 0.194480 0.244416
vt 0.199003 0.461510
vt 0.199003 0.466033
vt 0.199003 0.456987
vt 0.199003 0.452464
vt 0.199003 0.447942
vt 0.199003 0.443419
vt 0.199003 0.438896
vt 0.199003 0.434373
vt 0.199003 0.429851
vt 0.199003 0.425328
vt 0.199003 0.420805
vt 0.199003 0.416282
vt 0.199003 0.411759
vt 0.199003 0.407237
vt 0.199003 0.402714
vt 0.199003 0.398191
vt 0.199003 0.393668
vt 0.199003 0.389145
vt 0.199003 0.384623
vt 0.199003 0.380100
vt 0.199003 0.375577
vt 0.199003 0.371054
vt 0.199003 0.366531
vt 0.199003 0.362009
vt 0.199003 0.357486
vt 0.199003 0.352963
vt 0.199003 0.348440
vt 0.199003 0.343917
vt 0.199003 0.339395
vt 0.199003 0.334872
vt 0.199003 0.330349
vt 0.199003 0.325826
vt 0.199003 0.321303
vt 0.199003 0.316781
vt 0.199003 0.312258
vt 0.199003 0.307735
vt 0.199003 0.303212
vt 0.199003 0.298689
vt 0.199003 0.294167
vt 0.199003 0.289644
vt 0.199003 0.285121
vt 0.199003 0.280598
vt 0.199003 0.276075
vt 0.199003 0.271553
vt 0.199003 0.267030
vt 0.199003 0.262507
vt 0.199003 0.257984
vt 0.199003 0.253461
vt 0.199003 0.248939
vt 0.199003 0.244416
vt 0.203526 0.461510
vt 0.203526 0.466033
vt 0.203526 0.456987
vt 0.203526 0.452464
vt 0.203526 0.447942
vt 0.203526 0.443419
vt 0.203526 0.438896
vt 0.203526 0.434373
vt 0.203526 0.429851
vt 0.203526 0.425328
vt 0.203526 0.420805
vt 0.203526 0.416282
vt 0.203526 0.411759
vt 0.203526 0.407237
vt 0.203526 0.402714
vt 0.203526 0.398191
vt 0.203526 0.393668
vt 0.203526 0.389145
vt 0.203526 0.384623
vt 0.203526 0.380100
vt 0.203526 0.375577
vt 0.203526 0.371054
vt 0.203526 0.366531
vt 0.203526 0.362009
vt 0.203526 0.357486
vt 0.203526 0.352963
vt 0.203526 0.348440
vt 0.203526 0.343917
vt 0.203526 0.339395
vt 0.203526 0.334872
vt 0.203526 0.330349
vt 0.203526 0.325826
vt 0.203526 0.321303
vt 0.203526 0.316781
vt 0.203526 0.312258
vt 0.203526 0.307735
vt 0.203526 0.303212
vt 0.203526 0.298689
vt 0.203526 0.294167
vt 0.203526 0.289644
vt 0.203526 0.285121
vt 0.203526 0.280598
vt 0.203526 0.276075
vt 0.203526 0.271553
vt 0.203526 0.267030
vt 0.203526 0.262507
vt 0.203526 0.257984
vt 0.203526 0.253461
vt 0.203526 0.248939
vt 0.203526 0.244416
vt 0.208049 0.461510
vt 0.208049 0.466033
vt 0.208049 0.456987
vt 0.208049 0.452464
vt 0.208049 0.447942
vt 0.208049 0.443419
vt 0.208049 0.438896
vt 0.208049 0.434373
vt 0.208049 0.429851
vt 0.208049 0.425328
vt 0.208049 0.420805
vt 0.208049 0.416282
vt 0.208049 0.411759
vt 0.208049 0.407237
vt 0.208049 0.402714
vt 0.208049 0.398191
vt 0.208049 0.393668
vt 0.208049 0.389145
vt 0.208049 0.384623
vt 0.208049 0.380100
vt 0.208049 0.375577
vt 0.208049 0.371054
vt 0.208049 0.366531
vt 0.208049 0.362009
vt 0.208049 0.357486
vt 0.208049 0.352963
vt 0.208049 0.348440
vt 0.208049 0.343917
vt 0.208049 0.339395
vt 0.208049 0.334872
vt 0.208049 0.330349
vt 0.208049 0.325826
vt 0.208049 0.321303
vt 0.208049 0.316781
vt 0.208049 0.312258
vt 0.208049 0.307735
vt 0.208049 0.303212
vt 0.208049 0.298689
vt 0.208049 0.294167
vt 0.208049 0.289644
vt 0.208049 0.285121
vt 0.208049 0.280598
vt 0.208049 0.276075
vt 0.208049 0.271553
vt 0.208049 0.267030
vt 0.208049 0.262507
vt 0.208049 0.257984
vt 0.208049 0.253461
vt 0.208049 0.248939
vt 0.208049 0.244416
vt 0.334872 0.701403
vt 0.330349 0.877931
vt 0.330349 0.701403
vt 0.402714 0.701403
vt 0.398191 0.877931
vt 0.398191 0.701403
vt 0.339395 0.701403
vt 0.334872 0.877931
vt 0.393668 0.877931
vt 0.393668 0.701403
vt 0.343917 0.701403
vt 0.339395 0.877931
vt 0.212572 0.366531
vt 0.212572 0.371054
vt 0.389145 0.877931
vt 0.389145 0.701403
vt 0.212572 0.375577
vt 0.348440 0.701403
vt 0.343917 0.877931
vt 0.212572 0.380100
vt 0.384623 0.877931
vt 0.384623 0.701403
vt 0.352963 0.701403
vt 0.348440 0.877931
vt 0.212572 0.384623
vt 0.212572 0.362009
vt 0.212572 0.357486
vt 0.212572 0.352963
vt 0.212572 0.348440
vt 0.212572 0.343917
vt 0.380100 0.877931
vt 0.380100 0.701403
vt 0.357486 0.701403
vt 0.352963 0.877931
vt 0.212572 0.389145
vt 0.375577 0.877931
vt 0.375577 0.701403
vt 0.362009 0.701403
vt 0.357486 0.877931
vt 0.371054 0.877931
vt 0.371054 0.701403
vt 0.366531 0.877931
vt 0.366531 0.701403
vt 0.362009 0.877931
vt 0.362009 0.701403
vt 0.212572 0.393668
vt 0.235324 0.819089
vt 0.230801 0.995616
vt 0.230801 0.819089
vt 0.212572 0.276075
vt 0.212572 0.280598
vt 0.212572 0.271553
vt 0.212572 0.267030
vt 0.212572 0.262507
vt 0.212572 0.257984
vt 0.212572 0.253461
vt 0.212572 0.248939
vt 0.212572 0.244416
vt 0.217094 0.466033
vt 0.212572 0.461510
vt 0.217094 0.461510
vt 0.212572 0.456987
vt 0.217094 0.456987
vt 0.212572 0.452464
vt 0.217094 0.452464
vt 0.212572 0.447942
vt 0.217094 0.447942
vt 0.212572 0.443419
vt 0.217094 0.443419
vt 0.212572 0.438896
vt 0.217094 0.438896
vt 0.212572 0.434373
vt 0.217094 0.434373
vt 0.212572 0.429851
vt 0.217094 0.429851
vt 0.217094 0.425328
vt 0.212572 0.425328
vt 0.217094 0.420805
vt 0.212572 0.420805
vt 0.217094 0.416282
vt 0.212572 0.416282
vt 0.217094 0.411759
vt 0.212572 0.411759
vt 0.217094 0.407237
vt 0.212572 0.407237
vt 0.217094 0.402714
vt 0.212572 0.402714
vt 0.217094 0.398191
vt 0.212572 0.398191
vt 0.217094 0.393668
vt 0.217094 0.389145
vt 0.217094 0.384623
vt 0.217094 0.380100
vt 0.217094 0.375577
vt 0.217094 0.371054
vt 0.217094 0.366531
vt 0.217094 0.362009
vt 0.217094 0.357486
vt 0.217094 0.352963
vt 0.217094 0.348440
vt 0.217094 0.343917
vt 0.217094 0.339395
vt 0.212572 0.339395
vt 0.217094 0.334872
vt 0.212572 0.334872
vt 0.217094 0.330349
vt 0.212572 0.330349
vt 0.217094 0.325826
vt 0.212572 0.325826
vt 0.217094 0.321303
vt 0.212572 0.321303
vt 0.217094 0.316781
vt 0.212572 0.316781
vt 0.217094 0.312258
vt 0.212572 0.312258
vt 0.217094 0.307735
vt 0.212572 0.307735
vt 0.217094 0.303212
vt 0.212572 0.303212
vt 0.217094 0.298689
vt 0.212572 0.298689
vt 0.217094 0.294167
vt 0.212572 0.294167
vt 0.217094 0.289644
vt 0.212572 0.289644
vt 0.217094 0.285121
vt 0.212572 0.285121
vt 0.217094 0.280598
vt 0.217094 0.276075
vt 0.217094 0.271553
vt 0.217094 0.267030
vt 0.217094 0.262507
vt 0.217094 0.257984
vt 0.217094 0.253461
vt 0.217094 0.248939
vt 0.217094 0.244416
vt 0.221617 0.461510
vt 0.221617 0.466033
vt 0.221617 0.456987
vt 0.221617 0.452464
vt 0.221617 0.447942
vt 0.221617 0.443419
vt 0.221617 0.438896
vt 0.221617 0.434373
vt 0.221617 0.429851
vt 0.221617 0.425328
vt 0.221617 0.420805
vt 0.221617 0.416282
vt 0.221617 0.411759
vt 0.221617 0.407237
vt 0.221617 0.402714
vt 0.221617 0.398191
vt 0.221617 0.393668
vt 0.221617 0.389145
vt 0.221617 0.384623
vt 0.221617 0.380100
vt 0.221617 0.375577
vt 0.221617 0.371054
vt 0.221617 0.366531
vt 0.221617 0.362009
vt 0.221617 0.357486
vt 0.221617 0.352963
vt 0.221617 0.348440
vt 0.221617 0.343917
vt 0.221617 0.339395
vt 0.221617 0.334872
vt 0.221617 0.330349
vt 0.221617 0.325826
vt 0.221617 0.321303
vt 0.221617 0.316781
vt 0.221617 0.312258
vt 0.221617 0.307735
vt 0.221617 0.303212
vt 0.221617 0.298689
vt 0.221617 0.294167
vt 0.221617 0.289644
vt 0.221617 0.285121
vt 0.221617 0.280598
vt 0.221617 0.276075
vt 0.221617 0.271553
vt 0.221617 0.267030
vt 0.221617 0.262507
vt 0.221617 0.257984
vt 0.221617 0.253461
vt 0.221617 0.248939
vt 0.221617 0.244416
vt 0.226140 0.461510
vt 0.226140 0.466033
vt 0.226140 0.456987
vt 0.226140 0.452464
vt 0.226140 0.447942
vt 0.226140 0.443419
vt 0.226140 0.438896
vt 0.226140 0.434373
vt 0.226140 0.429851
vt 0.226140 0.425328
vt 0.226140 0.420805
vt 0.226140 0.416282
vt 0.226140 0.411759
vt 0.226140 0.407237
vt 0.226140 0.402714
vt 0.226140 0.398191
vt 0.226140 0.393668
vt 0.226140 0.389145
vt 0.226140 0.384623
vt 0.226140 0.380100
vt 0.226140 0.375577
vt 0.226140 0.371054
vt 0.226140 0.366531
vt 0.226140 0.362009
vt 0.226140 0.357486
vt 0.226140 0.352963
vt 0.226140 0.348440
vt 0.226140 0.343917
vt 0.226140 0.339395
vt 0.226140 0.334872
vt 0.226140 0.330349
vt 0.226140 0.325826
vt 0.226140 0.321303
vt 0.226140 0.316781
vt 0.226140 0.312258
vt 0.226140 0.307735
vt 0.226140 0.303212
vt 0.226140 0.298689
vt 0.226140 0.294167
vt 0.226140 0.289644
vt 0.226140 0.285121
vt 0.226140 0.280598
vt 0.226140 0.276075
vt 0.226140 0.271553
vt 0.226140 0.267030
vt 0.226140 0.262507
vt 0.226140 0.257984
vt 0.226140 0.253461
vt 0.226140 0.248939
vt 0.226140 0.244416
vt 0.230663 0.461510
vt 0.230663 0.466033
vt 0.230663 0.456987
vt 0.230663 0.452464
vt 0.230663 0.447942
vt 0.230663 0.443419
vt 0.230663 0.438896
vt 0.230663 0.434373
vt 0.230663 0.429851
vt 0.230663 0.425328
vt 0.230663 0.420805
vt 0.230663 0.416282
vt 0.230663 0.411759
vt 0.230663 0.407237
vt 0.230663 0.402714
vt 0.230663 0.398191
vt 0.230663 0.393668
vt 0.230663 0.389145
vt 0.230663 0.384623
vt 0.230663 0.380100
vt 0.230663 0.375577
vt 0.230663 0.371054
vt 0.230663 0.366531
vt 0.230663 0.362009
vt 0.230663 0.357486
vt 0.230663 0.352963
vt 0.230663 0.348440
vt 0.230663 0.343917
vt 0.230663 0.339395
vt 0.230663 0.334872
vt 0.230663 0.330349
vt 0.230663 0.325826
vt 0.230663 0.321303
vt 0.230663 0.316781
vt 0.230663 0.312258
vt 0.230663 0.307735
vt 0.230663 0.303212
vt 0.230663 0.298689
vt 0.230663 0.294167
vt 0.230663 0.289644
vt 0.230663 0.285121
vt 0.230663 0.280598
vt 0.230663 0.276075
vt 0.230663 0.271553
vt 0.230663 0.267030
vt 0.230663 0.262507
vt 0.230663 0.257984
vt 0.230663 0.253461
vt 0.230663 0.248939
vt 0.230663 0.244416
vt 0.764953 0.004523
vt 0.588425 0.000000
vt 0.764953 0.000000
vt 0.764953 0.009046
vt 0.588425 0.004523
vt 0.764953 0.013568
vt 0.588425 0.009046
vt 0.764953 0.018091
vt 0.588425 0.013568
vt 0.764953 0.022614
vt 0.588425 0.018091
vt 0.764953 0.027137
vt 0.588425 0.022614
vt 0.764953 0.031660
vt 0.588425 0.027137
vt 0.764953 0.036182
vt 0.588425 0.031660
vt 0.764953 0.040705
vt 0.588425 0.036182
vt 0.764953 0.045228
vt 0.588425 0.040705
vt 0.764953 0.049751
vt 0.588425 0.045228
vt 0.764953 0.054274
vt 0.588425 0.049751
vt 0.764953 0.058796
vt 0.588425 0.054274
vt 0.764953 0.063319
vt 0.588425 0.058796
vt 0.764953 0.067842
vt 0.588425 0.063319
vt 0.764953 0.072365
vt 0.588425 0.067842
vt 0.764953 0.076888
vt 0.588425 0.072365
vt 0.764953 0.081410
vt 0.588425 0.076888
vt 0.764953 0.085933
vt 0.588425 0.081410
vt 0.764953 0.090456
vt 0.588425 0.085933
vt 0.764953 0.094979
vt 0.588425 0.090456
vt 0.764953 0.099502
vt 0.588425 0.094979
vt 0.764953 0.104024
vt 0.588425 0.099502
vt 0.764953 0.108547
vt 0.588425 0.104024
vt 0.764953 0.113070
vt 0.588425 0.108547
vt 0.764953 0.117593
vt 0.588425 0.113070
vt 0.764953 0.122116
vt 0.588425 0.117593
vt 0.764953 0.126638
vt 0.588425 0.122116
vt 0.764953 0.131161
vt 0.588425 0.126638
vt 0.764953 0.135684
vt 0.588425 0.131161
vt 0.764953 0.140207
vt 0.588425 0.135684
vt 0.764953 0.144729
vt 0.588425 0.140207
vt 0.764953 0.149252
vt 0.588425 0.144729
vt 0.764953 0.153775
vt 0.588425 0.149252
vt 0.764953 0.158298
vt 0.588425 0.153775
vt 0.764953 0.162821
vt 0.588425 0.158298
vt 0.764953 0.167343
vt 0.588425 0.162821
vt 0.764953 0.171866
vt 0.588425 0.167343
vt 0.764953 0.176389
vt 0.588425 0.171866
vt 0.764953 0.180912
vt 0.588425 0.176389
vt 0.764953 0.185435
vt 0.588425 0.180912
vt 0.764953 0.189957
vt 0.588425 0.185435
vt 0.764953 0.194480
vt 0.588425 0.189957
vt 0.764953 0.199003
vt 0.588425 0.194480
vt 0.764953 0.203526
vt 0.588425 0.199003
vt 0.764953 0.208049
vt 0.588425 0.203526
vt 0.764953 0.212572
vt 0.588425 0.208049
vt 0.764953 0.217094
vt 0.588425 0.212572
vt 0.764953 0.221617
vt 0.588425 0.217094
vt 0.588425 0.221617
vt 0.588425 0.475263
vt 0.411898 0.470740
vt 0.588425 0.470740
vt 0.588425 0.479786
vt 0.411898 0.475263
vt 0.588425 0.484309
vt 0.411898 0.479786
vt 0.588425 0.488831
vt 0.411898 0.484309
vt 0.588425 0.493354
vt 0.411898 0.488831
vt 0.588425 0.497877
vt 0.411898 0.493354
vt 0.588425 0.502400
vt 0.411898 0.497877
vt 0.588425 0.506923
vt 0.411898 0.502400
vt 0.588425 0.511445
vt 0.411898 0.506923
vt 0.588425 0.515968
vt 0.411898 0.511445
vt 0.588425 0.520491
vt 0.411898 0.515968
vt 0.588425 0.525014
vt 0.411898 0.520491
vt 0.588425 0.529537
vt 0.411898 0.525014
vt 0.588425 0.534059
vt 0.411898 0.529537
vt 0.588425 0.538582
vt 0.411898 0.534059
vt 0.588425 0.543105
vt 0.411898 0.538582
vt 0.588425 0.547628
vt 0.411898 0.543105
vt 0.588425 0.552151
vt 0.411898 0.547628
vt 0.588425 0.556673
vt 0.411898 0.552151
vt 0.588425 0.561196
vt 0.411898 0.556673
vt 0.588425 0.565719
vt 0.411898 0.561196
vt 0.588425 0.570242
vt 0.411898 0.565719
vt 0.588425 0.574765
vt 0.411898 0.570242
vt 0.588425 0.579287
vt 0.411898 0.574765
vt 0.588425 0.583810
vt 0.411898 0.579287
vt 0.588425 0.588333
vt 0.411898 0.583810
vt 0.588425 0.592856
vt 0.411898 0.588333
vt 0.588425 0.597379
vt 0.411898 0.592856
vt 0.588425 0.601901
vt 0.411898 0.597379
vt 0.588425 0.606424
vt 0.411898 0.601901
vt 0.588425 0.610947
vt 0.411898 0.606424
vt 0.588425 0.615470
vt 0.411898 0.610947
vt 0.588425 0.619993
vt 0.411898 0.615470
vt 0.588425 0.624515
vt 0.411898 0.619993
vt 0.588425 0.629038
vt 0.411898 0.624515
vt 0.588425 0.633561
vt 0.411898 0.629038
vt 0.588425 0.638084
vt 0.411898 0.633561
vt 0.588425 0.642606
vt 0.411898 0.638084
vt 0.588425 0.647129
vt 0.411898 0.642606
vt 0.588425 0.651652
vt 0.411898 0.647129
vt 0.588425 0.656175
vt 0.411898 0.651652
vt 0.588425 0.660698
vt 0.411898 0.656175
vt 0.588425 0.665220
vt 0.411898 0.660698
vt 0.588425 0.669743
vt 0.411898 0.665220
vt 0.588425 0.674266
vt 0.411898 0.669743
vt 0.588425 0.678789
vt 0.411898 0.674266
vt 0.588425 0.683312
vt 0.411898 0.678789
vt 0.588425 0.687835
vt 0.411898 0.683312
vt 0.588425 0.692357
vt 0.411898 0.687835
vt 0.411898 0.692357
vt 0.000000 0.004615
vt 0.000000 0.000000
vt 0.002354 0.006877
vt 0.000000 0.009230
vt 0.002354 0.011399
vt 0.000000 0.013845
vt 0.002354 0.015922
vt 0.000000 0.018460
vt 0.002354 0.020445
vt 0.000000 0.023076
vt 0.002354 0.024968
vt 0.000000 0.027691
vt 0.002354 0.029490
vt 0.000000 0.032306
vt 0.002354 0.034013
vt 0.000000 0.036921
vt 0.002354 0.038536
vt 0.000000 0.041536
vt 0.002354 0.043059
vt 0.000000 0.046151
vt 0.002354 0.047582
vt 0.000000 0.050766
vt 0.002354 0.052104
vt 0.000000 0.055381
vt 0.002354 0.056627
vt 0.000000 0.059996
vt 0.002354 0.061150
vt 0.000000 0.064611
vt 0.002354 0.065673
vt 0.000000 0.069227
vt 0.002354 0.070196
vt 0.000000 0.073842
vt 0.002354 0.074718
vt 0.000000 0.078457
vt 0.002354 0.079241
vt 0.000000 0.083072
vt 0.002354 0.083764
vt 0.000000 0.087687
vt 0.002354 0.088287
vt 0.000000 0.092302
vt 0.002354 0.092810
vt 0.000000 0.096917
vt 0.002354 0.097332
vt 0.000000 0.101532
vt 0.002354 0.101855
vt 0.000000 0.106147
vt 0.002354 0.106378
vt 0.000000 0.110762
vt 0.002354 0.110901
vt 0.000000 0.115377
vt 0.002354 0.119946
vt 0.002354 0.115424
vt 0.002354 0.124469
vt 0.000000 0.119993
vt 0.002354 0.128992
vt 0.000000 0.124608
vt 0.002354 0.133515
vt 0.000000 0.129223
vt 0.002354 0.138038
vt 0.000000 0.133838
vt 0.002354 0.142560
vt 0.000000 0.138453
vt 0.002354 0.147083
vt 0.000000 0.143068
vt 0.002354 0.151606
vt 0.000000 0.147683
vt 0.002354 0.156129
vt 0.000000 0.152298
vt 0.002354 0.160652
vt 0.000000 0.156913
vt 0.002354 0.165174
vt 0.000000 0.161528
vt 0.002354 0.169697
vt 0.000000 0.166144
vt 0.002354 0.174220
vt 0.000000 0.170759
vt 0.002354 0.178743
vt 0.000000 0.175374
vt 0.002354 0.183266
vt 0.000000 0.179989
vt 0.002354 0.187788
vt 0.000000 0.184604
vt 0.002354 0.192311
vt 0.000000 0.189219
vt 0.002354 0.196834
vt 0.000000 0.193834
vt 0.002354 0.201357
vt 0.000000 0.198449
vt 0.002354 0.205880
vt 0.000000 0.203064
vt 0.002354 0.210402
vt 0.000000 0.207679
vt 0.002354 0.214925
vt 0.000000 0.212295
vt 0.002354 0.219448
vt 0.000000 0.216910
vt 0.002354 0.223971
vt 0.000000 0.221525
vt 0.000000 0.226140
vt 0.235370 0.230755
vt 0.235370 0.235370
vt 0.233016 0.228494
vt 0.235370 0.226140
vt 0.233016 0.223971
vt 0.235370 0.221525
vt 0.233016 0.219448
vt 0.235370 0.216910
vt 0.233016 0.214925
vt 0.235370 0.212295
vt 0.233016 0.210402
vt 0.235370 0.207679
vt 0.233016 0.205880
vt 0.235370 0.203064
vt 0.233016 0.201357
vt 0.235370 0.198449
vt 0.233016 0.196834
vt 0.235370 0.193834
vt 0.233016 0.192311
vt 0.235370 0.189219
vt 0.233016 0.187788
vt 0.235370 0.184604
vt 0.233016 0.183266
vt 0.235370 0.179989
vt 0.233016 0.178743
vt 0.235370 0.175374
vt 0.233016 0.174220
vt 0.235370 0.170759
vt 0.233016 0.169697
vt 0.235370 0.166144
vt 0.233016 0.165174
vt 0.235370 0.161528
vt 0.233016 0.160652
vt 0.235370 0.156913
vt 0.233016 0.156129
vt 0.235370 0.152298
vt 0.233016 0.151606
vt 0.235370 0.147683
vt 0.233016 0.147083
vt 0.235370 0.143068
vt 0.233016 0.142560
vt 0.235370 0.138453
vt 0.233016 0.138038
vt 0.235370 0.133838
vt 0.233016 0.133515
vt 0.235370 0.129223
vt 0.233016 0.128992
vt 0.235370 0.124608
vt 0.233016 0.124469
vt 0.235370 0.119993
vt 0.233016 0.115424
vt 0.233016 0.119946
vt 0.233016 0.110901
vt 0.235370 0.115378
vt 0.233016 0.106378
vt 0.235370 0.110762
vt 0.233016 0.101855
vt 0.235370 0.106147
vt 0.233016 0.097332
vt 0.235370 0.101532
vt 0.233016 0.092810
vt 0.235370 0.096917
vt 0.233016 0.088287
vt 0.235370 0.092302
vt 0.233016 0.083764
vt 0.235370 0.087687
vt 0.233016 0.079241
vt 0.235370 0.083072
vt 0.233016 0.074718
vt 0.235370 0.078457
vt 0.233016 0.070196
vt 0.235370 0.073842
vt 0.233016 0.065673
vt 0.235370 0.069227
vt 0.233016 0.061150
vt 0.235370 0.064611
vt 0.233016 0.056627
vt 0.235370 0.059996
vt 0.233016 0.052104
vt 0.235370 0.055381
vt 0.233016 0.047582
vt 0.235370 0.050766
vt 0.233016 0.043059
vt 0.235370 0.046151
vt 0.233016 0.038536
vt 0.235370 0.041536
vt 0.233016 0.034013
vt 0.235370 0.036921
vt 0.233016 0.029491
vt 0.235370 0.032306
vt 0.233016 0.024968
vt 0.235370 0.027691
vt 0.233016 0.020445
vt 0.235370 0.023076
vt 0.233016 0.015922
vt 0.235370 0.018460
vt 0.233016 0.011399
vt 0.235370 0.013845
vt 0.235370 0.009230
vt 0.411898 0.239985
vt 0.411898 0.235370
vt 0.411898 0.244600
vt 0.235370 0.239985
vt 0.411898 0.249215
vt 0.235370 0.244600
vt 0.411898 0.253831
vt 0.235370 0.249215
vt 0.411898 0.258446
vt 0.235370 0.253831
vt 0.411898 0.263061
vt 0.235370 0.258446
vt 0.411898 0.267676
vt 0.235370 0.263061
vt 0.411898 0.272291
vt 0.235370 0.267676
vt 0.411898 0.276906
vt 0.235370 0.272291
vt 0.411898 0.281521
vt 0.235370 0.276906
vt 0.411898 0.286136
vt 0.235370 0.281521
vt 0.411898 0.290751
vt 0.235370 0.286136
vt 0.411898 0.295366
vt 0.235370 0.290751
vt 0.411898 0.299982
vt 0.235370 0.295366
vt 0.411898 0.304597
vt 0.235370 0.299982
vt 0.411898 0.309212
vt 0.235370 0.304597
vt 0.411898 0.313827
vt 0.235370 0.309212
vt 0.411898 0.318442
vt 0.235370 0.313827
vt 0.411898 0.323057
vt 0.235370 0.318442
vt 0.411898 0.327672
vt 0.235370 0.323057
vt 0.411898 0.332287
vt 0.235370 0.327672
vt 0.411898 0.336902
vt 0.235370 0.332287
vt 0.411898 0.341518
vt 0.235370 0.336902
vt 0.411898 0.346133
vt 0.235370 0.341518
vt 0.411898 0.350748
vt 0.235370 0.346133
vt 0.411898 0.355363
vt 0.235370 0.350748
vt 0.411898 0.359978
vt 0.235370 0.355363
vt 0.411898 0.364593
vt 0.235370 0.359978
vt 0.411898 0.369208
vt 0.235370 0.364593
vt 0.411898 0.373823
vt 0.235370 0.369208
vt 0.411898 0.378438
vt 0.235370 0.373823
vt 0.411898 0.383053
vt 0.235370 0.378438
vt 0.411898 0.387668
vt 0.235370 0.383053
vt 0.411898 0.392284
vt 0.235370 0.387668
vt 0.411898 0.396899
vt 0.235370 0.392284
vt 0.411898 0.401514
vt 0.235370 0.396899
vt 0.411898 0.406129
vt 0.235370 0.401514
vt 0.411898 0.410744
vt 0.235370 0.406129
vt 0.411898 0.415359
vt 0.235370 0.410744
vt 0.411898 0.419974
vt 0.235370 0.415359
vt 0.411898 0.424589
vt 0.235370 0.419974
vt 0.411898 0.429204
vt 0.235370 0.424589
vt 0.411898 0.433820
vt 0.235370 0.429204
vt 0.411898 0.438435
vt 0.235370 0.433820
vt 0.411898 0.443050
vt 0.235370 0.438435
vt 0.411898 0.447665
vt 0.235370 0.443050
vt 0.411898 0.452280
vt 0.235370 0.447665
vt 0.411898 0.456895
vt 0.235370 0.452280
vt 0.411898 0.461510
vt 0.235370 0.456895
vt 0.235370 0.461510
vt 0.411898 0.004615
vt 0.411898 0.000000
vt 0.411898 0.009230
vt 0.411898 0.013845
vt 0.411898 0.018460
vt 0.411898 0.023076
vt 0.411898 0.027691
vt 0.411898 0.032306
vt 0.235370 0.027691
vt 0.411898 0.036921
vt 0.411898 0.041536
vt 0.235370 0.036921
vt 0.411898 0.046151
vt 0.235370 0.041536
vt 0.411898 0.050766
vt 0.235370 0.046151
vt 0.411898 0.055381
vt 0.235370 0.050766
vt 0.411898 0.059996
vt 0.235370 0.055381
vt 0.411898 0.064611
vt 0.235370 0.059996
vt 0.411898 0.069227
vt 0.235370 0.064611
vt 0.411898 0.073842
vt 0.235370 0.069227
vt 0.411898 0.078457
vt 0.235370 0.073842
vt 0.411898 0.083072
vt 0.235370 0.078457
vt 0.411898 0.087687
vt 0.235370 0.083072
vt 0.411898 0.092302
vt 0.235370 0.087687
vt 0.411898 0.096917
vt 0.235370 0.092302
vt 0.411898 0.101532
vt 0.235370 0.096917
vt 0.411898 0.106147
vt 0.235370 0.101532
vt 0.411898 0.110762
vt 0.235370 0.106147
vt 0.411898 0.115377
vt 0.235370 0.110762
vt 0.411898 0.119993
vt 0.235370 0.115377
vt 0.411898 0.124608
vt 0.235370 0.119993
vt 0.411898 0.129223
vt 0.235370 0.124608
vt 0.411898 0.133838
vt 0.235370 0.129223
vt 0.411898 0.138453
vt 0.235370 0.133838
vt 0.411898 0.143068
vt 0.235370 0.138453
vt 0.411898 0.147683
vt 0.235370 0.143068
vt 0.411898 0.152298
vt 0.235370 0.147683
vt 0.411898 0.156913
vt 0.235370 0.152298
vt 0.411898 0.161528
vt 0.235370 0.156913
vt 0.411898 0.166144
vt 0.235370 0.161528
vt 0.411898 0.170759
vt 0.235370 0.166144
vt 0.411898 0.175374
vt 0.235370 0.170759
vt 0.411898 0.179989
vt 0.235370 0.175374
vt 0.411898 0.184604
vt 0.235370 0.179989
vt 0.411898 0.189219
vt 0.235370 0.184604
vt 0.411898 0.193834
vt 0.235370 0.189219
vt 0.411898 0.198449
vt 0.235370 0.193834
vt 0.411898 0.203064
vt 0.235370 0.198449
vt 0.411898 0.207679
vt 0.235370 0.203064
vt 0.411898 0.212295
vt 0.235370 0.207679
vt 0.411898 0.216910
vt 0.235370 0.212295
vt 0.411898 0.221525
vt 0.235370 0.216910
vt 0.411898 0.226140
vt 0.235370 0.221525
vt 0.235370 0.226140
vt 0.000000 0.466033
vt 0.000000 0.461510
vt 0.000000 0.456987
vt 0.000000 0.452464
vt 0.000000 0.447942
vt 0.000000 0.443419
vt 0.000000 0.438896
vt 0.000000 0.434373
vt 0.000000 0.429850
vt 0.000000 0.425328
vt 0.000000 0.420805
vt 0.000000 0.416282
vt 0.000000 0.411759
vt 0.000000 0.407237
vt 0.000000 0.402714
vt 0.000000 0.398191
vt 0.000000 0.393668
vt 0.000000 0.389145
vt 0.000000 0.384623
vt 0.004523 0.380100
vt 0.959295 0.235370
vt 0.954772 0.411898
vt 0.954772 0.235370
vt 0.000000 0.375577
vt 0.000000 0.371054
vt 0.000000 0.366531
vt 0.000000 0.362009
vt 0.000000 0.357486
vt 0.000000 0.352963
vt 0.000000 0.348440
vt 0.000000 0.343917
vt 0.000000 0.339395
vt 0.000000 0.334872
vt 0.000000 0.330349
vt 0.000000 0.325826
vt 0.000000 0.321303
vt 0.000000 0.316781
vt 0.000000 0.312258
vt 0.000000 0.307735
vt 0.000000 0.303212
vt 0.000000 0.298689
vt 0.000000 0.294167
vt 0.000000 0.289644
vt 0.000000 0.285121
vt 0.000000 0.280598
vt 0.000000 0.276075
vt 0.000000 0.271553
vt 0.000000 0.267030
vt 0.000000 0.262507
vt 0.000000 0.257984
vt 0.000000 0.253461
vt 0.000000 0.248939
vt 0.000000 0.244416
vt 0.739012 0.479879
vt 0.743535 0.475356
vt 0.743535 0.479879
vt 0.739012 0.475356
vt 0.743535 0.470833
vt 0.739012 0.470833
vt 0.743535 0.466310
vt 0.739012 0.466310
vt 0.743535 0.461787
vt 0.739012 0.461787
vt 0.743535 0.457265
vt 0.739012 0.457265
vt 0.743535 0.452742
vt 0.739012 0.452742
vt 0.743535 0.448219
vt 0.739012 0.448219
vt 0.743535 0.443696
vt 0.739012 0.443696
vt 0.743535 0.439173
vt 0.739012 0.439173
vt 0.743535 0.434651
vt 0.739012 0.434651
vt 0.743535 0.430128
vt 0.739012 0.430128
vt 0.743535 0.425605
vt 0.739012 0.425605
vt 0.743535 0.421082
vt 0.739012 0.421082
vt 0.743535 0.416559
vt 0.407237 0.701403
vt 0.402714 0.877931
vt 0.325826 0.877931
vt 0.325826 0.701403
vt 1.000000 0.235370
vt 0.995477 0.411897
vt 0.995477 0.235370
vt 0.411759 0.701403
vt 0.407237 0.877931
vt 0.321303 0.877931
vt 0.321303 0.701403
vt 0.416282 0.701403
vt 0.411759 0.877931
vt 0.316781 0.877931
vt 0.316781 0.701403
vt 0.420805 0.701403
vt 0.416282 0.877931
vt 0.312258 0.877931
vt 0.312258 0.701403
vt 0.420805 0.877931
vt 0.629130 0.941482
vt 0.307735 0.877931
vt 0.307735 0.701403
vt 0.660790 0.764953
vt 0.656267 0.941482
vt 0.656267 0.764953
vt 0.624608 0.941482
vt 0.303212 0.877931
vt 0.303212 0.701403
vt 0.981909 0.411898
vt 0.977386 0.588426
vt 0.977386 0.411898
vt 0.665313 0.764953
vt 0.660790 0.941482
vt 0.298689 0.877931
vt 0.298689 0.701403
vt 0.656267 0.764953
vt 0.651744 0.941482
vt 0.651744 0.764953
vt 0.669836 0.764953
vt 0.665313 0.941482
vt 0.647222 0.941482
vt 0.669836 0.941482
vt 0.715687 0.419563
vt 0.720210 0.415040
vt 0.720210 0.419563
vt 0.715687 0.424086
vt 0.720210 0.424086
vt 0.715687 0.428609
vt 0.720210 0.428609
vt 0.715687 0.433131
vt 0.720210 0.433131
vt 0.715687 0.437654
vt 0.720210 0.437654
vt 0.715687 0.442177
vt 0.720210 0.442177
vt 0.729967 0.493447
vt 0.734490 0.488924
vt 0.734490 0.493447
vt 0.729967 0.488924
vt 0.734490 0.484401
vt 0.729967 0.484401
vt 0.734490 0.479879
vt 0.729967 0.479879
vt 0.734490 0.475356
vt 0.729967 0.475356
vt 0.734490 0.470833
vt 0.729967 0.470833
vt 0.734490 0.466310
vt 0.729967 0.466310
vt 0.734490 0.461787
vt 0.729967 0.461787
vt 0.734490 0.457265
vt 0.729967 0.457265
vt 0.734490 0.452742
vt 0.729967 0.452742
vt 0.734490 0.448219
vt 0.729967 0.448219
vt 0.734490 0.443696
vt 0.729967 0.443696
vt 0.734490 0.439173
vt 0.729967 0.439173
vt 0.734490 0.434651
vt 0.729967 0.434651
vt 0.734490 0.430128
vt 0.729967 0.430128
vt 0.734490 0.425605
vt 0.729967 0.425605
vt 0.734490 0.421082
vt 0.729967 0.421082
vt 0.734490 0.416559
vt 0.814565 0.588426
vt 0.828134 0.588426
vt 0.819088 0.588426
vt 0.823611 0.764953
vt 0.823611 0.588426
vt 0.217233 0.819089
vt 0.212710 0.995616
vt 0.819088 0.764953
vt 0.832656 0.411898
vt 0.828134 0.588426
vt 0.814565 0.764953
vt 0.837179 0.411898
vt 0.832656 0.588426
vt 0.810042 0.764953
vt 0.841702 0.411898
vt 0.837179 0.588426
vt 0.217233 0.995616
vt 0.782906 0.411898
vt 0.778383 0.411898
vt 0.846225 0.411898
vt 0.841702 0.588426
vt 0.846225 0.588426
vt 0.764814 0.583903
vt 0.760292 0.588426
vt 0.760292 0.583903
vt 0.764814 0.479879
vt 0.760292 0.484401
vt 0.760292 0.479879
vt 0.764814 0.484401
vt 0.760292 0.488924
vt 0.764814 0.488924
vt 0.760292 0.493447
vt 0.764814 0.493447
vt 0.760292 0.497970
vt 0.764814 0.497970
vt 0.760292 0.502493
vt 0.764814 0.502493
vt 0.760292 0.507015
vt 0.764814 0.507015
vt 0.760292 0.511538
vt 0.764814 0.511538
vt 0.760292 0.516061
vt 0.764814 0.516061
vt 0.760292 0.520584
vt 0.764814 0.520584
vt 0.760292 0.525107
vt 0.764814 0.525107
vt 0.760292 0.529629
vt 0.764814 0.529629
vt 0.760292 0.534152
vt 0.764814 0.534152
vt 0.760292 0.538675
vt 0.764814 0.538675
vt 0.760292 0.543198
vt 0.764814 0.543198
vt 0.760292 0.547721
vt 0.764814 0.547721
vt 0.760292 0.552243
vt 0.764814 0.552243
vt 0.760292 0.556766
vt 0.764814 0.556766
vt 0.760292 0.561289
vt 0.764814 0.561289
vt 0.760292 0.565812
vt 0.764814 0.565812
vt 0.760292 0.570335
vt 0.764814 0.570335
vt 0.760292 0.574857
vt 0.764814 0.574857
vt 0.760292 0.579380
vt 0.764814 0.579380
vt 0.665313 0.235370
vt 0.606516 0.235370
vt 0.669836 0.235370
vt 0.696972 0.411898
vt 0.611039 0.235370
vt 0.674358 0.235370
vt 0.687927 0.411898
vt 0.615562 0.235370
vt 0.624608 0.411898
vt 0.678881 0.235370
vt 0.674358 0.411898
vt 0.683404 0.411898
vt 0.620085 0.235370
vt 0.615562 0.411898
vt 0.620085 0.411898
vt 0.683404 0.235370
vt 0.678881 0.411898
vt 0.678881 0.588426
vt 0.624608 0.235370
vt 0.687927 0.235370
vt 0.674358 0.588426
vt 0.674358 0.411898
vt 0.611039 0.588426
vt 0.687927 0.411898
vt 0.669836 0.588426
vt 0.235186 0.411898
vt 0.230663 0.416421
vt 0.230663 0.411898
vt 0.235186 0.416421
vt 0.230663 0.420944
vt 0.235186 0.420944
vt 0.230663 0.425467
vt 0.235186 0.425467
vt 0.230663 0.429990
vt 0.235186 0.429990
vt 0.230663 0.434512
vt 0.235186 0.434512
vt 0.230663 0.439035
vt 0.235186 0.439035
vt 0.230663 0.443558
vt 0.235186 0.443558
vt 0.230663 0.448081
vt 0.235186 0.448081
vt 0.230663 0.452603
vt 0.235186 0.452603
vt 0.230663 0.457126
vt 0.235186 0.457126
vt 0.230663 0.461649
vt 0.484124 0.877931
vt 0.484124 0.701403
vt 0.475078 0.701403
vt 0.470556 0.877931
vt 0.515784 0.877931
vt 0.515784 0.701403
vt 0.990955 0.764954
vt 0.986432 0.941481
vt 0.986432 0.764954
vt 0.443419 0.701403
vt 0.438896 0.877931
vt 0.479601 0.877931
vt 0.479601 0.701403
vt 0.511261 0.877931
vt 0.511261 0.701403
vt 0.447942 0.701403
vt 0.443419 0.877931
vt 0.475078 0.877931
vt 0.506738 0.877931
vt 0.506738 0.701403
vt 0.452464 0.701403
vt 0.447942 0.877931
vt 0.502215 0.877931
vt 0.452464 0.877931
vt 0.725444 0.493447
vt 0.725444 0.488924
vt 0.725444 0.484401
vt 0.725444 0.479879
vt 0.725444 0.475356
vt 0.725444 0.470833
vt 0.725444 0.466310
vt 0.725444 0.461787
vt 0.725444 0.457265
vt 0.725444 0.452742
vt 0.725444 0.448219
vt 0.725444 0.443696
vt 0.725444 0.439173
vt 0.725444 0.434651
vt 0.725444 0.430128
vt 0.725444 0.425605
vt 0.725444 0.421082
vt 0.729967 0.416559
vt 0.796474 0.235370
vt 0.837318 0.000000
vt 0.832795 0.176528
vt 0.778521 0.000000
vt 0.773998 0.176528
vt 0.791951 0.235370
vt 0.837318 0.176528
vt 0.783044 0.000000
vt 0.778521 0.176528
vt 0.787428 0.235370
vt 0.850748 0.235370
vt 0.846225 0.235370
vt 0.982047 0.000000
vt 0.977525 0.176528
vt 0.787567 0.000000
vt 0.783044 0.176528
vt 0.782906 0.235370
vt 0.841702 0.235370
vt 0.792090 0.000000
vt 0.787567 0.176528
vt 0.778383 0.235370
vt 0.837179 0.235370
vt 0.796613 0.000000
vt 0.792090 0.176528
vt 0.773860 0.411898
vt 0.773860 0.235370
vt 0.796613 0.176528
vt 0.711164 0.451223
vt 0.715687 0.446700
vt 0.715687 0.451223
vt 0.711164 0.446700
vt 0.715687 0.442177
vt 0.711164 0.442177
vt 0.715687 0.437654
vt 0.711164 0.437654
vt 0.715687 0.433131
vt 0.711164 0.433131
vt 0.715687 0.428609
vt 0.711164 0.428609
vt 0.715687 0.424086
vt 0.711164 0.424086
vt 0.715687 0.419563
vt 0.711164 0.419563
vt 0.715687 0.415040
vt 0.601994 0.941481
vt 0.601994 0.764953
vt 0.932158 0.411898
vt 0.991093 0.000000
vt 0.986570 0.176528
vt 0.986570 0.000000
vt 0.597471 0.941481
vt 0.597471 0.764953
vt 0.936681 0.411898
vt 0.990955 0.235370
vt 0.905021 0.411898
vt 0.900498 0.411898
vt 0.592948 0.941481
vt 0.592948 0.764953
vt 0.588425 0.941481
vt 0.748058 0.507015
vt 0.743535 0.502492
vt 0.748058 0.502492
vt 0.743535 0.497970
vt 0.748058 0.497970
vt 0.743535 0.493447
vt 0.748058 0.493447
vt 0.743535 0.488924
vt 0.748058 0.488924
vt 0.743535 0.484401
vt 0.748058 0.484401
vt 0.743535 0.479879
vt 0.748058 0.479879
vt 0.743535 0.475356
vt 0.748058 0.475356
vt 0.743535 0.470833
vt 0.748058 0.470833
vt 0.743535 0.466310
vt 0.748058 0.466310
vt 0.743535 0.461787
vt 0.748058 0.461787
vt 0.873362 0.235370
vt 0.868839 0.411898
vt 0.855271 0.235370
vt 0.850748 0.411898
vt 0.850748 0.235370
vt 0.859793 0.588426
vt 0.859793 0.411898
vt 0.877884 0.588426
vt 0.877884 0.411898
vt 0.900498 0.411898
vt 0.895976 0.588426
vt 0.895976 0.411898
vt 0.895976 0.235370
vt 0.891453 0.411898
vt 0.873362 0.411898
vt 0.855271 0.411898
vt 0.855270 0.588426
vt 0.226278 0.995616
vt 0.873362 0.588426
vt 0.891453 0.588426
vt 0.725444 0.507015
vt 0.720921 0.511538
vt 0.720921 0.507015
vt 0.725444 0.416559
vt 0.720921 0.421082
vt 0.720921 0.416559
vt 0.720921 0.425605
vt 0.720921 0.430128
vt 0.720921 0.434651
vt 0.720921 0.439173
vt 0.725444 0.439173
vt 0.720921 0.443696
vt 0.725444 0.443696
vt 0.720921 0.448219
vt 0.725444 0.448219
vt 0.720921 0.452742
vt 0.725444 0.452742
vt 0.720921 0.457265
vt 0.725444 0.457265
vt 0.720921 0.461787
vt 0.725444 0.461787
vt 0.720921 0.466310
vt 0.725444 0.466310
vt 0.720921 0.470833
vt 0.720921 0.475356
vt 0.720921 0.479879
vt 0.720921 0.484401
vt 0.720921 0.488924
vt 0.720921 0.493447
vt 0.720921 0.497970
vt 0.725444 0.497970
vt 0.720921 0.502492
vt 0.725444 0.502492
vt 0.769337 0.588426
vt 0.764814 0.764953
vt 0.674358 0.588426
vt 0.710541 0.588426
vt 0.706018 0.764953
vt 0.769337 0.764953
vt 0.669836 0.588426
vt 0.715064 0.588426
vt 0.710541 0.764953
vt 0.665313 0.588426
vt 0.719586 0.588426
vt 0.995477 0.411897
vt 0.990955 0.588425
vt 0.660790 0.764953
vt 0.724109 0.588426
vt 0.656267 0.588426
vt 0.728632 0.588426
vt 0.651744 0.764953
vt 0.651744 0.588426
vt 0.733155 0.588426
vt 0.728632 0.764953
vt 0.739012 0.421082
vt 0.739012 0.425605
vt 0.739012 0.430128
vt 0.739012 0.434651
vt 0.734490 0.439173
vt 0.734490 0.443696
vt 0.739012 0.448219
vt 0.739012 0.452742
vt 0.739012 0.457265
vt 0.739012 0.461787
vt 0.739012 0.466310
vt 0.739012 0.470833
vt 0.739012 0.475356
vt 0.739012 0.479879
vt 0.739012 0.484401
vt 0.986432 0.235370
vt 0.981909 0.411897
vt 0.981909 0.235370
vt 0.140207 0.873223
vt 0.140207 0.696696
vt 0.158298 0.873223
vt 0.158298 0.696696
vt 0.090456 0.696696
vt 0.085933 0.873223
vt 0.189957 0.873223
vt 0.189957 0.696696
vt 0.108547 0.696696
vt 0.104024 0.873223
vt 0.171866 0.873223
vt 0.171866 0.696696
vt 0.126638 0.696696
vt 0.122116 0.873223
vt 0.076888 0.696696
vt 0.072365 0.873223
vt 0.072365 0.696696
vt 0.153775 0.873223
vt 0.208049 0.696696
vt 0.203526 0.873223
vt 0.090456 0.873223
vt 0.185435 0.873223
vt 0.108547 0.873223
vt 0.167343 0.873223
vt 0.126638 0.873223
vt 0.076888 0.873223
vt 0.696972 0.511538
vt 0.701495 0.516061
vt 0.696972 0.516061
vt 0.701495 0.511538
vt 0.706018 0.516061
vt 0.706018 0.511538
vt 0.710541 0.516061
vt 0.710541 0.511538
vt 0.715064 0.516061
vt 0.715064 0.511538
vt 0.719586 0.516061
vt 0.719586 0.511538
vt 0.724109 0.516061
vt 0.724109 0.511538
vt 0.728632 0.516061
vt 0.728632 0.511538
vt 0.733155 0.516061
vt 0.733155 0.511538
vt 0.737678 0.516061
vt 0.737678 0.511538
vt 0.742200 0.516061
vt 0.742200 0.511538
vt 0.746723 0.516061
vt 0.746723 0.511538
vt 0.751246 0.516061
vt 0.751246 0.511538
vt 0.755769 0.516061
vt 0.755769 0.511538
vt 0.701495 0.520584
vt 0.696972 0.520584
vt 0.701495 0.525107
vt 0.696972 0.525107
vt 0.701495 0.529629
vt 0.696972 0.529629
vt 0.701495 0.534152
vt 0.696972 0.534152
vt 0.701495 0.538675
vt 0.696972 0.538675
vt 0.701495 0.543198
vt 0.696972 0.543198
vt 0.701495 0.547720
vt 0.696972 0.547720
vt 0.701495 0.552243
vt 0.696972 0.552243
vt 0.701495 0.556766
vt 0.696972 0.556766
vt 0.701495 0.561289
vt 0.696972 0.561289
vt 0.701495 0.565812
vt 0.696972 0.565812
vt 0.701495 0.570334
vt 0.696972 0.570334
vt 0.701495 0.574857
vt 0.696972 0.574857
vt 0.701495 0.579380
vt 0.696972 0.579380
vt 0.701495 0.583903
vt 0.696972 0.583903
vt 0.972863 0.235370
vt 0.036182 0.873224
vt 0.036182 0.696696
vt 0.737678 0.235370
vt 0.733155 0.411898
vt 0.031660 0.873224
vt 0.031660 0.696696
vt 0.239893 0.701403
vt 0.235370 0.877931
vt 0.235370 0.701403
vt 0.742200 0.235370
vt 0.737678 0.411898
vt 0.760292 0.235370
vt 0.755769 0.411898
vt 0.755769 0.235370
vt 0.244416 0.701403
vt 0.239893 0.877931
vt 0.027137 0.873224
vt 0.027137 0.696696
vt 0.009046 0.873224
vt 0.009046 0.696696
vt 0.248939 0.701403
vt 0.244416 0.877931
vt 0.746723 0.235370
vt 0.742200 0.411898
vt 0.253461 0.701403
vt 0.248939 0.877931
vt 0.764814 0.235370
vt 0.760292 0.411898
vt 0.022614 0.873224
vt 0.022614 0.696696
vt 0.235324 0.466033
vt 0.230801 0.642561
vt 0.230801 0.466033
vt 0.004523 0.873224
vt 0.004523 0.696696
vt 0.257984 0.701403
vt 0.253461 0.877931
vt 0.226278 0.642561
vt 0.226278 0.466033
vt 0.701495 0.235370
vt 0.696972 0.411898
vt 0.696972 0.235370
vt 0.751246 0.235370
vt 0.746723 0.411898
vt 0.262507 0.701403
vt 0.257984 0.877931
vt 0.764814 0.411898
vt 0.221756 0.642561
vt 0.221756 0.466033
vt 0.067842 0.873224
vt 0.018091 0.873224
vt 0.267030 0.701403
vt 0.262507 0.877931
vt 0.217233 0.642561
vt 0.000000 0.873224
vt 0.000000 0.696696
vt 0.701495 0.411898
vt 0.267030 0.877931
vt 0.751246 0.411898
vt 0.184381 0.689684
vt 0.186064 0.683513
vt 0.188308 0.687440
vt 0.189991 0.681269
vt 0.192235 0.685196
vt 0.193918 0.679025
vt 0.196162 0.682952
vt 0.191674 0.675098
vt 0.187747 0.677342
vt 0.189430 0.671171
vt 0.185503 0.673415
vt 0.187186 0.667244
vt 0.183259 0.669488
vt 0.184942 0.663317
vt 0.181015 0.665561
vt 0.182698 0.659391
vt 0.178771 0.661634
vt 0.180454 0.655464
vt 0.184381 0.653220
vt 0.186625 0.657147
vt 0.182137 0.649293
vt 0.186064 0.647049
vt 0.188308 0.650976
vt 0.189991 0.644805
vt 0.192235 0.648732
vt 0.193918 0.642561
vt 0.196162 0.646488
vt 0.217233 0.642561
vt 0.212710 0.819089
vt 0.221756 0.642561
vt 0.217233 0.819089
vt 0.710541 0.941481
vt 0.226278 0.642561
vt 0.221756 0.819089
vt 0.950249 0.411898
vt 0.945726 0.588426
vt 0.945727 0.588426
vt 0.941204 0.764953
vt 0.941204 0.588426
vt 0.706018 0.941481
vt 0.230801 0.642561
vt 0.918590 0.941482
vt 0.701495 0.941481
vt 0.235324 0.642561
vt 0.995477 0.588425
vt 0.990955 0.764953
vt 0.696972 0.941481
vt 0.982047 0.176528
vt 0.982047 0.000000
vt 0.692450 0.941481
vt 0.945727 0.764953
vt 0.739012 0.488924
vt 0.739012 0.493447
vt 0.734490 0.497970
vt 0.739012 0.497970
vt 0.734490 0.502492
vt 0.739012 0.502492
vt 0.734490 0.507015
vt 0.886930 0.941482
vt 0.886930 0.764954
vt 0.868839 0.941482
vt 0.868839 0.764954
vt 0.905021 0.764954
vt 0.900498 0.941482
vt 0.882407 0.941482
vt 0.882407 0.764954
vt 0.995616 0.000000
vt 0.991093 0.176528
vt 0.905021 0.941482
vt 0.877885 0.941482
vt 0.715687 0.446700
vt 0.720210 0.446700
vt 0.709390 0.511538
vt 0.705842 0.506216
vt 0.710277 0.507103
vt 0.706729 0.501781
vt 0.711164 0.502668
vt 0.702294 0.500894
vt 0.703181 0.496459
vt 0.707616 0.497346
vt 0.704068 0.492024
vt 0.708503 0.492911
vt 0.704955 0.487589
vt 0.709390 0.488476
vt 0.705842 0.483154
vt 0.710277 0.484041
vt 0.706729 0.478719
vt 0.711164 0.479606
vt 0.702294 0.477832
vt 0.701407 0.482267
vt 0.697859 0.476945
vt 0.698746 0.472510
vt 0.703181 0.473397
vt 0.699633 0.468075
vt 0.704068 0.468962
vt 0.700520 0.463640
vt 0.704955 0.464527
vt 0.701407 0.459206
vt 0.705842 0.460092
vt 0.954772 0.235370
vt 0.950249 0.411898
vt 0.950249 0.235370
vt 0.968341 0.411898
vt 0.963818 0.588426
vt 0.841702 0.941482
vt 0.841702 0.764953
vt 0.782906 0.941482
vt 0.945727 0.411898
vt 0.945727 0.235370
vt 0.819088 0.764953
vt 0.814565 0.941482
vt 0.950249 0.941482
vt 0.968479 0.000000
vt 0.963956 0.176528
vt 0.963956 0.000000
vt 0.859793 0.941482
vt 0.796474 0.941482
vt 0.977386 0.764954
vt 0.837179 0.941482
vt 0.968341 0.588426
vt 0.963818 0.764954
vt 0.963818 0.588426
vt 0.819088 0.941482
vt 0.864316 0.941482
vt 0.791951 0.941482
vt 0.696972 0.459206
vt 0.701495 0.454683
vt 0.701495 0.459206
vt 0.696972 0.454683
vt 0.701495 0.450160
vt 0.696972 0.450160
vt 0.701495 0.445637
vt 0.696972 0.445637
vt 0.701495 0.441114
vt 0.696972 0.441114
vt 0.701495 0.436592
vt 0.696972 0.436592
vt 0.701495 0.432069
vt 0.696972 0.432069
vt 0.701495 0.427546
vt 0.696972 0.427546
vt 0.701495 0.423023
vt 0.706018 0.454683
vt 0.706018 0.459206
vt 0.706018 0.450160
vt 0.706018 0.445637
vt 0.706018 0.441114
vt 0.706018 0.436592
vt 0.706018 0.432069
vt 0.706018 0.427546
vt 0.706018 0.423023
vt 0.710541 0.454683
vt 0.710541 0.459206
vt 0.710541 0.450160
vt 0.710541 0.445637
vt 0.710541 0.441114
vt 0.710541 0.436592
vt 0.710541 0.432069
vt 0.710541 0.427546
vt 0.710541 0.423023
vt 0.196162 0.669698
vt 0.200685 0.665175
vt 0.196162 0.665175
vt 0.200685 0.660652
vt 0.196162 0.660652
vt 0.200685 0.656129
vt 0.196162 0.656129
vt 0.200685 0.651607
vt 0.196162 0.651607
vt 0.200685 0.647084
vt 0.196162 0.647084
vt 0.200685 0.642561
vt 0.205207 0.674221
vt 0.205207 0.678743
vt 0.205207 0.669698
vt 0.205207 0.665175
vt 0.205207 0.660652
vt 0.205207 0.656129
vt 0.205207 0.651607
vt 0.205207 0.647084
vt 0.205207 0.642561
vt 0.887069 0.176528
vt 0.923251 0.000000
vt 0.918728 0.176528
vt 0.959433 0.000000
vt 0.954911 0.176528
vt 0.873362 0.764954
vt 0.717373 0.511538
vt 0.713825 0.506216
vt 0.718260 0.507103
vt 0.714712 0.501781
vt 0.719147 0.502668
vt 0.715599 0.497346
vt 0.720034 0.498233
vt 0.716486 0.492911
vt 0.720921 0.493798
vt 0.712051 0.492024
vt 0.712938 0.487589
vt 0.717373 0.488476
vt 0.713825 0.483154
vt 0.718260 0.484041
vt 0.714712 0.478719
vt 0.719147 0.479606
vt 0.715599 0.474284
vt 0.720034 0.475171
vt 0.716486 0.469849
vt 0.720921 0.470736
vt 0.712051 0.468962
vt 0.712938 0.464527
vt 0.717373 0.465414
vt 0.713825 0.460092
vt 0.718260 0.460979
vt 0.714712 0.455657
vt 0.719147 0.456545
vt 0.715599 0.451223
vt 0.720034 0.452110
vt 0.968479 0.176528
vt 0.737678 0.941482
vt 0.737678 0.764953
vt 0.235186 0.235370
vt 0.230663 0.235370
vt 0.936819 0.000000
vt 0.932296 0.176528
vt 0.724109 0.941482
vt 0.579103 0.701403
vt 0.574580 0.877931
vt 0.959433 0.176528
vt 0.769337 0.941482
vt 0.769337 0.764953
vt 0.751246 0.941482
vt 0.751246 0.764953
vt 0.945727 0.235370
vt 0.941204 0.411898
vt 0.941204 0.235370
vt 0.972863 0.411898
vt 0.941342 0.000000
vt 0.936819 0.176528
vt 0.728632 0.941482
vt 0.579103 0.877931
vt 0.764814 0.941482
vt 0.746723 0.941482
vt 0.936681 0.411898
vt 0.547443 0.701403
vt 0.542921 0.877931
vt 0.859932 0.000000
vt 0.855409 0.176528
vt 0.855409 0.000000
vt 0.538398 0.877931
vt 0.977386 0.588426
vt 0.972863 0.588426
vt 0.864455 0.000000
vt 0.859932 0.176528
vt 0.533875 0.877931
vt 0.570057 0.701403
vt 0.565535 0.877931
vt 0.868977 0.000000
vt 0.864455 0.176528
vt 0.529352 0.877931
vt 0.529352 0.701403
vt 0.561012 0.877931
vt 0.561012 0.701403
vt 0.551966 0.701403
vt 0.556489 0.701403
vt 0.551966 0.701403
vt 0.561012 0.701403
vt 0.556489 0.701403
vt 0.529352 0.701403
vt 0.524829 0.701403
vt 0.524829 0.701403
vt 0.743535 0.461787
vt 0.748058 0.457265
vt 0.748058 0.461787
vt 0.743535 0.457265
vt 0.748058 0.452742
vt 0.748058 0.448219
vt 0.748058 0.443696
vt 0.748058 0.439173
vt 0.748058 0.434651
vt 0.743535 0.434651
vt 0.748058 0.430128
vt 0.743535 0.430128
vt 0.748058 0.425605
vt 0.743535 0.425605
vt 0.748058 0.421082
vt 0.743535 0.421082
vt 0.748058 0.416559
vt 0.850886 0.176528
vt 0.882546 0.176528
vt 0.547443 0.877931
vt 0.846363 0.176528
vt 0.878023 0.176528
vt 0.551966 0.877931
vt 0.841841 0.176528
vt 0.873500 0.176528
vt 0.556489 0.877931
vt 0.524829 0.877931
vt 0.868977 0.176528
vt 0.196162 0.683266
vt 0.200685 0.687789
vt 0.196162 0.687789
vt 0.196162 0.678743
vt 0.200685 0.683266
vt 0.959295 0.588426
vt 0.954772 0.764954
vt 0.968341 0.764954
vt 0.963818 0.941482
vt 0.963818 0.764954
vt 0.959295 0.764954
vt 0.963818 0.235370
vt 0.212572 0.466033
vt 0.235370 0.235370
vt 0.235370 0.470740
vt 0.235370 0.701403
vt 0.411898 0.701403
vt 0.411898 0.235370
vt 0.588425 0.230663
vt 0.411898 0.470740
vt 0.185435 0.235370
vt 0.076888 0.235370
vt 0.963818 0.588426
vt 0.805520 0.941482
vt 0.760292 0.941482
vt 0.018091 0.375577
vt 0.031660 0.447942
vt 0.031660 0.375577
vt 0.850748 0.941482
vt 0.828134 0.941482
vt 0.040705 0.366531
vt 0.588149 0.877931
vt 0.737678 0.941482
vt 0.782906 0.941482
vt 0.054274 0.443419
vt 0.972863 0.941482
vt 0.959295 0.588426
vt 0.977525 0.176528
vt 0.298689 0.877931
vt 0.891453 0.764954
vt 0.081410 0.416282
vt 0.981909 0.941482
vt 0.140207 0.873223
vt 0.941204 0.764954
vt 0.986432 0.588426
vt 0.954772 0.764953
vt 0.990955 0.411897
vt 0.932158 0.941482
vt 0.995477 0.941481
vt 0.945726 0.941482
vt 0.113070 0.357486
vt 0.986432 0.941482
vt 0.113070 0.330349
vt 0.117593 0.352963
vt 0.963818 0.941482
vt 0.773860 0.411898
vt 0.990955 0.764953
vt 0.524829 0.877931
vt 0.977386 0.588426
vt 0.624608 0.941481
vt 0.687927 0.941482
vt 0.855270 0.764953
vt 0.855270 0.588426
vt 0.362009 0.877931
vt 0.235324 0.995616
vt 0.000000 0.380100
vt 0.739012 0.416559
vt 1.000000 0.411897
vt 0.425328 0.877931
vt 0.656267 0.941482
vt 0.715687 0.415040
vt 0.221756 0.995616
vt 0.764814 0.588426
vt 0.235186 0.461649
vt 0.990955 0.941481
vt 0.841841 0.176528
vt 0.982047 0.176528
vt 0.711164 0.415040
vt 0.743535 0.507015
vt 0.900498 0.588426
vt 0.895976 0.411898
vt 0.230801 0.995616
vt 0.725444 0.511538
vt 0.739012 0.416559
vt 0.208049 0.873223
vt 0.235324 0.642561
vt 0.072365 0.873224
vt 0.182137 0.685757
vt 0.176528 0.657708
vt 0.178210 0.651537
vt 0.715064 0.941481
vt 0.950249 0.588426
vt 0.995477 0.764953
vt 0.739012 0.507015
vt 0.995616 0.176528
vt 0.704955 0.510651
vt 0.701407 0.505329
vt 0.696972 0.481380
vt 0.968340 0.588426
vt 0.954772 0.941482
vt 0.968479 0.176528
vt 0.981909 0.764954
vt 0.968341 0.764954
vt 0.868839 0.941482
vt 0.696972 0.423023
vt 0.196162 0.642561
vt 0.923251 0.176528
vt 0.959433 0.176528
vt 0.712938 0.510651
vt 0.711164 0.496459
vt 0.711164 0.473397
vt 0.973002 0.176528
vt 0.963956 0.176528
vt 0.945727 0.411898
vt 0.941342 0.176528
vt 0.570057 0.877931
vt 0.743535 0.416559
vt 0.887069 0.176528
vt 0.200685 0.678743
vt 0.968341 0.941482
s 0
usemtl Material.003
f 820/1/1 271/2/1 3499/3/1
f 9/4/1 621/4/1 521/4/1
f 10/4/1 121/4/1 21/4/1
f 11/4/1 671/4/1 571/4/1
f 12/4/1 171/4/1 71/4/1
f 10/5/2 870/6/2 570/7/2
f 12/8/3 920/9/3 620/10/3
f 6/11/4 421/12/4 221/13/4
f 8/14/5 471/15/5 271/16/5
f 17/17/1 821/18/1 921/19/1
f 18/20/1 321/21/1 421/22/1
f 19/23/1 871/24/1 971/25/1
f 20/26/1 371/27/1 471/28/1
f 7/29/2 971/30/2 771/31/2
f 9/32/4 420/33/4 120/34/4
f 5/35/3 921/36/3 721/37/3
f 11/38/5 370/39/5 70/40/5
f 21/41/5 14/42/5 10/43/5
f 22/44/5 321/45/5 21/41/5
f 23/46/5 322/47/5 22/44/5
f 24/48/5 323/49/5 23/46/5
f 25/50/5 324/51/5 24/48/5
f 26/52/5 325/53/5 25/50/5
f 27/54/5 326/55/5 26/52/5
f 28/56/5 327/57/5 27/54/5
f 29/58/5 328/59/5 28/56/5
f 30/60/5 329/61/5 29/58/5
f 31/62/5 330/63/5 30/60/5
f 32/64/5 331/65/5 31/62/5
f 33/66/5 332/67/5 32/64/5
f 34/68/5 333/69/5 33/66/5
f 35/70/5 334/71/5 34/68/5
f 36/72/5 335/73/5 35/70/5
f 37/74/5 336/75/5 36/72/5
f 38/76/5 337/77/5 37/74/5
f 39/78/5 338/79/5 38/76/5
f 40/80/5 339/81/5 39/78/5
f 41/82/5 340/83/5 40/80/5
f 42/84/5 341/85/5 41/82/5
f 43/86/5 342/87/5 42/84/5
f 44/88/5 343/89/5 43/86/5
f 45/90/5 344/91/5 44/88/5
f 46/92/5 345/93/5 45/90/5
f 47/94/5 346/95/5 46/92/5
f 48/96/5 347/97/5 47/94/5
f 49/98/5 348/99/5 48/96/5
f 50/100/5 349/101/5 49/98/5
f 51/102/5 350/103/5 50/100/5
f 52/104/5 351/105/5 51/102/5
f 53/106/5 352/107/5 52/104/5
f 54/108/5 353/109/5 53/106/5
f 55/110/5 354/111/5 54/108/5
f 56/112/5 355/113/5 55/110/5
f 57/114/5 356/115/5 56/112/5
f 58/116/5 357/117/5 57/114/5
f 59/118/5 358/119/5 58/116/5
f 60/120/5 359/121/5 59/118/5
f 61/122/5 360/123/5 60/120/5
f 62/124/5 361/125/5 61/122/5
f 63/126/5 362/127/5 62/124/5
f 64/128/5 363/129/5 63/126/5
f 65/130/5 364/131/5 64/128/5
f 66/132/5 365/133/5 65/130/5
f 67/134/5 366/135/5 66/132/5
f 68/136/5 367/137/5 67/134/5
f 69/138/5 368/139/5 68/136/5
f 70/40/5 369/140/5 69/138/5
f 71/141/4 16/142/4 12/143/4
f 72/144/4 371/145/4 71/141/4
f 73/146/4 372/147/4 72/144/4
f 74/148/4 373/149/4 73/146/4
f 75/150/4 374/151/4 74/148/4
f 76/152/4 375/153/4 75/150/4
f 77/154/4 376/155/4 76/152/4
f 78/156/4 377/157/4 77/154/4
f 79/158/4 378/159/4 78/156/4
f 80/160/4 379/161/4 79/158/4
f 81/162/4 380/163/4 80/160/4
f 82/164/4 381/165/4 81/162/4
f 83/166/4 382/167/4 82/164/4
f 84/168/4 383/169/4 83/166/4
f 85/170/4 384/171/4 84/168/4
f 86/172/4 385/173/4 85/170/4
f 87/174/4 386/175/4 86/172/4
f 88/176/4 387/177/4 87/174/4
f 89/178/4 388/179/4 88/176/4
f 90/180/4 389/181/4 89/178/4
f 91/182/4 390/183/4 90/180/4
f 92/184/4 391/185/4 91/182/4
f 93/186/4 392/187/4 92/184/4
f 94/188/4 393/189/4 93/186/4
f 95/190/4 394/191/4 94/188/4
f 96/192/4 395/193/4 95/190/4
f 97/194/4 396/195/4 96/192/4
f 98/196/4 397/197/4 97/194/4
f 99/198/4 398/199/4 98/196/4
f 100/200/4 399/201/4 99/198/4
f 101/202/4 400/203/4 100/200/4
f 102/204/4 401/205/4 101/202/4
f 103/206/4 402/207/4 102/204/4
f 104/208/4 403/209/4 103/206/4
f 105/210/4 404/211/4 104/208/4
f 106/212/4 405/213/4 105/210/4
f 107/214/4 406/215/4 106/212/4
f 108/216/4 407/217/4 107/214/4
f 109/218/4 408/219/4 108/216/4
f 110/220/4 409/221/4 109/218/4
f 111/222/4 410/223/4 110/220/4
f 112/224/4 411/225/4 111/222/4
f 113/226/4 412/227/4 112/224/4
f 114/228/4 413/229/4 113/226/4
f 115/230/4 414/231/4 114/228/4
f 116/232/4 415/233/4 115/230/4
f 117/234/4 416/235/4 116/232/4
f 118/236/4 417/237/4 117/234/4
f 119/238/4 418/239/4 118/236/4
f 120/34/4 419/240/4 119/238/4
f 17/17/1 420/241/1 13/242/1
f 520/243/1 419/244/1 420/241/1
f 519/245/1 418/246/1 419/244/1
f 518/247/1 417/248/1 418/246/1
f 517/249/1 416/250/1 417/248/1
f 516/251/1 415/252/1 416/250/1
f 515/253/1 414/254/1 415/252/1
f 514/255/1 413/256/1 414/254/1
f 513/257/1 412/258/1 413/256/1
f 512/259/1 411/260/1 412/258/1
f 511/261/1 410/262/1 411/260/1
f 510/263/1 409/264/1 410/262/1
f 509/265/1 408/266/1 409/264/1
f 508/267/1 407/268/1 408/266/1
f 507/269/1 406/270/1 407/268/1
f 506/271/1 405/272/1 406/270/1
f 505/273/1 404/274/1 405/272/1
f 504/275/1 403/276/1 404/274/1
f 503/277/1 402/278/1 403/276/1
f 502/279/1 401/280/1 402/278/1
f 501/281/1 400/282/1 401/280/1
f 500/283/1 399/284/1 400/282/1
f 499/285/1 398/286/1 399/284/1
f 498/287/1 397/288/1 398/286/1
f 497/289/1 396/290/1 397/288/1
f 495/291/1 396/290/1 496/292/1
f 494/293/1 395/294/1 495/291/1
f 493/295/1 394/296/1 494/293/1
f 492/297/1 393/298/1 493/295/1
f 491/299/1 392/300/1 492/297/1
f 490/301/1 391/302/1 491/299/1
f 489/303/1 390/304/1 490/301/1
f 488/305/1 389/306/1 489/303/1
f 487/307/1 388/308/1 488/305/1
f 486/309/1 387/310/1 487/307/1
f 485/311/1 386/312/1 486/309/1
f 484/313/1 385/314/1 485/311/1
f 483/315/1 384/316/1 484/313/1
f 482/317/1 383/318/1 483/315/1
f 481/319/1 382/320/1 482/317/1
f 480/321/1 381/322/1 481/319/1
f 479/323/1 380/324/1 480/321/1
f 478/325/1 379/326/1 479/323/1
f 477/327/1 378/328/1 478/325/1
f 476/329/1 377/330/1 477/327/1
f 475/331/1 376/332/1 476/329/1
f 474/333/1 375/334/1 475/331/1
f 473/335/1 374/336/1 474/333/1
f 472/337/1 373/338/1 473/335/1
f 471/28/1 372/339/1 472/337/1
f 19/23/1 370/340/1 15/341/1
f 470/342/1 369/343/1 370/340/1
f 469/344/1 368/345/1 369/343/1
f 468/346/1 367/347/1 368/345/1
f 467/348/1 366/349/1 367/347/1
f 466/350/1 365/351/1 366/349/1
f 465/352/1 364/353/1 365/351/1
f 464/354/1 363/355/1 364/353/1
f 463/356/1 362/357/1 363/355/1
f 462/358/1 361/359/1 362/357/1
f 461/360/1 360/361/1 361/359/1
f 460/362/1 359/363/1 360/361/1
f 459/364/1 358/365/1 359/363/1
f 458/366/1 357/367/1 358/365/1
f 457/368/1 356/369/1 357/367/1
f 456/370/1 355/371/1 356/369/1
f 455/372/1 354/373/1 355/371/1
f 454/374/1 353/375/1 354/373/1
f 453/376/1 352/377/1 353/375/1
f 452/378/1 351/379/1 352/377/1
f 451/380/1 350/381/1 351/379/1
f 450/382/1 349/383/1 350/381/1
f 449/384/1 348/385/1 349/383/1
f 448/386/1 347/387/1 348/385/1
f 447/388/1 346/389/1 347/387/1
f 445/390/1 346/389/1 446/391/1
f 444/392/1 345/393/1 445/390/1
f 443/394/1 344/395/1 444/392/1
f 442/396/1 343/397/1 443/394/1
f 441/398/1 342/399/1 442/396/1
f 440/400/1 341/401/1 441/398/1
f 439/402/1 340/403/1 440/400/1
f 438/404/1 339/405/1 439/402/1
f 437/406/1 338/407/1 438/404/1
f 436/408/1 337/409/1 437/406/1
f 435/410/1 336/411/1 436/408/1
f 434/412/1 335/413/1 435/410/1
f 433/414/1 334/415/1 434/412/1
f 432/416/1 333/417/1 433/414/1
f 431/418/1 332/419/1 432/416/1
f 430/420/1 331/421/1 431/418/1
f 429/422/1 330/423/1 430/420/1
f 428/424/1 329/425/1 429/422/1
f 427/426/1 328/427/1 428/424/1
f 426/428/1 327/429/1 427/426/1
f 425/430/1 326/431/1 426/428/1
f 424/432/1 325/433/1 425/430/1
f 423/434/1 324/435/1 424/432/1
f 422/436/1 323/437/1 423/434/1
f 421/22/1 322/438/1 422/436/1
f 320/439/5 17/440/5 5/441/5
f 319/442/5 520/443/5 320/439/5
f 318/444/5 519/445/5 319/442/5
f 317/446/5 518/447/5 318/444/5
f 316/448/5 517/449/5 317/446/5
f 315/450/5 516/451/5 316/448/5
f 314/452/5 515/453/5 315/450/5
f 313/454/5 514/455/5 314/452/5
f 312/456/5 513/457/5 313/454/5
f 311/458/5 512/459/5 312/456/5
f 310/460/5 511/461/5 311/458/5
f 309/462/5 510/463/5 310/460/5
f 308/464/5 509/465/5 309/462/5
f 307/466/5 508/467/5 308/464/5
f 306/468/5 507/469/5 307/466/5
f 305/470/5 506/471/5 306/468/5
f 304/472/5 505/473/5 305/470/5
f 303/474/5 504/475/5 304/472/5
f 302/476/5 503/477/5 303/474/5
f 301/478/5 502/479/5 302/476/5
f 300/480/5 501/481/5 301/478/5
f 299/482/5 500/483/5 300/480/5
f 298/484/5 499/485/5 299/482/5
f 297/486/5 498/487/5 298/484/5
f 296/488/5 497/489/5 297/486/5
f 295/490/5 496/491/5 296/488/5
f 294/492/5 495/493/5 295/490/5
f 293/494/5 494/495/5 294/492/5
f 292/496/5 493/497/5 293/494/5
f 291/498/5 492/499/5 292/496/5
f 290/500/5 491/501/5 291/498/5
f 289/502/5 490/503/5 290/500/5
f 288/504/5 489/505/5 289/502/5
f 287/506/5 488/507/5 288/504/5
f 286/508/5 487/509/5 287/506/5
f 285/510/5 486/511/5 286/508/5
f 284/512/5 485/513/5 285/510/5
f 283/514/5 484/515/5 284/512/5
f 282/516/5 483/517/5 283/514/5
f 281/518/5 482/519/5 282/516/5
f 280/520/5 481/521/5 281/518/5
f 279/522/5 480/523/5 280/520/5
f 278/524/5 479/525/5 279/522/5
f 277/526/5 478/527/5 278/524/5
f 276/528/5 477/529/5 277/526/5
f 275/530/5 476/531/5 276/528/5
f 274/532/5 475/533/5 275/530/5
f 273/534/5 474/535/5 274/532/5
f 272/536/5 473/537/5 273/534/5
f 271/16/5 472/538/5 272/536/5
f 270/539/4 19/540/4 7/541/4
f 269/542/4 470/543/4 270/539/4
f 268/544/4 469/545/4 269/542/4
f 267/546/4 468/547/4 268/544/4
f 266/548/4 467/549/4 267/546/4
f 265/550/4 466/551/4 266/548/4
f 264/552/4 465/553/4 265/550/4
f 263/554/4 464/555/4 264/552/4
f 262/556/4 463/557/4 263/554/4
f 261/558/4 462/559/4 262/556/4
f 260/560/4 461/561/4 261/558/4
f 259/562/4 460/563/4 260/560/4
f 258/564/4 459/565/4 259/562/4
f 257/566/4 458/567/4 258/564/4
f 256/568/4 457/569/4 257/566/4
f 255/570/4 456/571/4 256/568/4
f 254/572/4 455/573/4 255/570/4
f 253/574/4 454/575/4 254/572/4
f 252/576/4 453/577/4 253/574/4
f 251/578/4 452/579/4 252/576/4
f 250/580/4 451/581/4 251/578/4
f 249/582/4 450/583/4 250/580/4
f 248/584/4 449/585/4 249/582/4
f 247/586/4 448/587/4 248/584/4
f 246/588/4 447/589/4 247/586/4
f 245/590/4 446/591/4 246/588/4
f 244/592/4 445/593/4 245/590/4
f 243/594/4 444/595/4 244/592/4
f 242/596/4 443/597/4 243/594/4
f 241/598/4 442/599/4 242/596/4
f 240/600/4 441/601/4 241/598/4
f 239/602/4 440/603/4 240/600/4
f 238/604/4 439/605/4 239/602/4
f 237/606/4 438/607/4 238/604/4
f 236/608/4 437/609/4 237/606/4
f 235/610/4 436/611/4 236/608/4
f 234/612/4 435/613/4 235/610/4
f 233/614/4 434/615/4 234/612/4
f 232/616/4 433/617/4 233/614/4
f 231/618/4 432/619/4 232/616/4
f 230/620/4 431/621/4 231/618/4
f 229/622/4 430/623/4 230/620/4
f 228/624/4 429/625/4 229/622/4
f 227/626/4 428/627/4 228/624/4
f 226/628/4 427/629/4 227/626/4
f 4078/630/4 426/631/4 226/628/4
f 4077/632/4 425/633/4 4078/630/4
f 4077/632/4 423/634/4 424/635/4
f 222/636/4 423/634/4 223/637/4
f 221/13/4 422/638/4 222/636/4
f 120/4/1 3/4/1 9/4/1
f 119/4/1 220/4/1 120/4/1
f 118/4/1 219/4/1 119/4/1
f 117/4/1 218/4/1 118/4/1
f 116/4/1 217/4/1 117/4/1
f 115/4/1 216/4/1 116/4/1
f 114/4/1 215/4/1 115/4/1
f 113/4/1 214/4/1 114/4/1
f 112/4/1 213/4/1 113/4/1
f 111/4/1 212/4/1 112/4/1
f 110/4/1 211/4/1 111/4/1
f 109/4/1 210/4/1 110/4/1
f 108/4/1 209/4/1 109/4/1
f 107/4/1 208/4/1 108/4/1
f 106/4/1 207/4/1 107/4/1
f 105/4/1 206/4/1 106/4/1
f 104/4/1 205/4/1 105/4/1
f 103/4/1 204/4/1 104/4/1
f 102/4/1 203/4/1 103/4/1
f 101/4/1 202/4/1 102/4/1
f 100/4/1 201/4/1 101/4/1
f 99/4/1 200/4/1 100/4/1
f 98/4/1 199/4/1 99/4/1
f 97/4/1 198/4/1 98/4/1
f 96/4/1 197/4/1 97/4/1
f 95/4/1 196/4/1 96/4/1
f 94/4/1 195/4/1 95/4/1
f 93/4/1 194/4/1 94/4/1
f 92/4/1 193/4/1 93/4/1
f 91/4/1 192/4/1 92/4/1
f 90/4/1 191/4/1 91/4/1
f 89/4/1 190/4/1 90/4/1
f 88/4/1 189/4/1 89/4/1
f 87/4/1 188/4/1 88/4/1
f 86/4/1 187/4/1 87/4/1
f 85/4/1 186/4/1 86/4/1
f 84/4/1 185/4/1 85/4/1
f 83/4/1 184/4/1 84/4/1
f 82/4/1 183/4/1 83/4/1
f 81/4/1 182/4/1 82/4/1
f 80/4/1 181/4/1 81/4/1
f 79/4/1 180/4/1 80/4/1
f 78/4/1 179/4/1 79/4/1
f 77/4/1 178/4/1 78/4/1
f 76/4/1 177/4/1 77/4/1
f 75/4/1 176/4/1 76/4/1
f 74/4/1 175/4/1 75/4/1
f 73/4/1 174/4/1 74/4/1
f 72/4/1 173/4/1 73/4/1
f 71/4/1 172/4/1 72/4/1
f 70/4/1 2/4/1 11/4/1
f 69/4/1 170/4/1 70/4/1
f 68/4/1 169/4/1 69/4/1
f 67/4/1 168/4/1 68/4/1
f 66/4/1 167/4/1 67/4/1
f 65/4/1 166/4/1 66/4/1
f 64/4/1 165/4/1 65/4/1
f 63/4/1 164/4/1 64/4/1
f 62/4/1 163/4/1 63/4/1
f 61/4/1 162/4/1 62/4/1
f 60/4/1 161/4/1 61/4/1
f 59/4/1 160/4/1 60/4/1
f 58/4/1 159/4/1 59/4/1
f 57/4/1 158/4/1 58/4/1
f 56/4/1 157/4/1 57/4/1
f 55/4/1 156/4/1 56/4/1
f 54/4/1 155/4/1 55/4/1
f 53/4/1 154/4/1 54/4/1
f 52/4/1 153/4/1 53/4/1
f 51/4/1 152/4/1 52/4/1
f 50/4/1 151/4/1 51/4/1
f 49/4/1 150/4/1 50/4/1
f 48/4/1 149/4/1 49/4/1
f 47/4/1 148/4/1 48/4/1
f 46/4/1 147/4/1 47/4/1
f 45/4/1 146/4/1 46/4/1
f 44/4/1 145/4/1 45/4/1
f 43/4/1 144/4/1 44/4/1
f 42/4/1 143/4/1 43/4/1
f 41/4/1 142/4/1 42/4/1
f 40/4/1 141/4/1 41/4/1
f 39/4/1 140/4/1 40/4/1
f 38/4/1 139/4/1 39/4/1
f 37/4/1 138/4/1 38/4/1
f 36/4/1 137/4/1 37/4/1
f 35/4/1 136/4/1 36/4/1
f 34/4/1 135/4/1 35/4/1
f 33/4/1 134/4/1 34/4/1
f 32/4/1 133/4/1 33/4/1
f 31/4/1 132/4/1 32/4/1
f 30/4/1 131/4/1 31/4/1
f 29/4/1 130/4/1 30/4/1
f 28/4/1 129/4/1 29/4/1
f 27/4/1 128/4/1 28/4/1
f 26/4/1 127/4/1 27/4/1
f 25/4/1 126/4/1 26/4/1
f 24/4/1 125/4/1 25/4/1
f 23/4/1 124/4/1 24/4/1
f 22/4/1 123/4/1 23/4/1
f 21/4/1 122/4/1 22/4/1
f 1070/639/1 5/640/1 721/641/1
f 1120/642/1 320/643/1 1070/639/1
f 1170/644/1 319/645/1 1120/642/1
f 1206/646/1 318/647/1 1170/644/1
f 1256/648/1 317/649/1 1206/646/1
f 1306/650/1 316/651/1 1256/648/1
f 1356/652/1 315/653/1 1306/650/1
f 1406/654/1 314/655/1 1356/652/1
f 1456/656/1 313/657/1 1406/654/1
f 1506/658/1 312/659/1 1456/656/1
f 1536/660/3 3599/661/3 1535/662/3
f 1606/663/1 310/664/1 1556/665/1
f 1656/666/1 309/667/1 1606/663/1
f 1706/668/1 308/669/1 1656/666/1
f 1756/670/1 307/671/1 1706/668/1
f 1806/672/1 306/673/1 1756/670/1
f 1856/674/1 305/675/1 1806/672/1
f 1906/676/1 304/677/1 1856/674/1
f 1956/678/1 303/679/1 1906/676/1
f 2006/680/1 302/681/1 1956/678/1
f 2056/682/1 301/683/1 2006/680/1
f 2106/684/1 300/685/1 2056/682/1
f 2156/686/1 299/687/1 2106/684/1
f 2206/688/1 298/689/1 2156/686/1
f 2256/690/1 297/691/1 2206/688/1
f 2306/692/1 296/693/1 2256/690/1
f 2356/694/1 295/695/1 2306/692/1
f 2406/696/1 294/697/1 2356/694/1
f 2456/698/1 293/699/1 2406/696/1
f 2506/700/1 292/701/1 2456/698/1
f 2556/702/1 291/703/1 2506/700/1
f 2606/704/1 290/705/1 2556/702/1
f 2656/706/1 289/707/1 2606/704/1
f 2699/708/1 288/709/1 2656/706/1
f 2693/710/2 3739/711/2 2694/712/2
f 2799/713/1 286/714/1 2749/715/1
f 2849/716/1 285/717/1 2799/713/1
f 2899/718/1 284/719/1 2849/716/1
f 2949/720/1 283/721/1 2899/718/1
f 2999/722/1 282/723/1 2949/720/1
f 3049/724/1 281/725/1 2999/722/1
f 3099/726/1 280/727/1 3049/724/1
f 3149/728/1 279/729/1 3099/726/1
f 3199/730/1 278/731/1 3149/728/1
f 3249/732/1 277/733/1 3199/730/1
f 3299/734/1 276/735/1 3249/732/1
f 3349/736/1 275/737/1 3299/734/1
f 3399/738/1 274/739/1 3349/736/1
f 3449/740/1 273/741/1 3399/738/1
f 3499/3/1 272/742/1 3449/740/1
f 270/743/1 3400/744/1 269/745/1
f 3450/746/1 3401/747/1 3400/744/1
f 3451/748/1 3402/749/1 3401/747/1
f 3452/750/1 3403/751/1 3402/749/1
f 3453/752/1 3404/753/1 3403/751/1
f 3454/754/1 3405/755/1 3404/753/1
f 3455/756/1 3406/757/1 3405/755/1
f 3456/758/1 3407/759/1 3406/757/1
f 3457/760/1 3408/761/1 3407/759/1
f 3458/762/1 3409/763/1 3408/761/1
f 3459/764/1 3410/765/1 3409/763/1
f 3460/766/1 3411/767/1 3410/765/1
f 3461/768/1 3412/769/1 3411/767/1
f 3462/770/1 3413/771/1 3412/769/1
f 3463/772/1 3414/773/1 3413/771/1
f 3464/774/1 3415/775/1 3414/773/1
f 3465/776/1 3416/777/1 3415/775/1
f 3466/778/1 3417/779/1 3416/777/1
f 3467/780/1 3418/781/1 3417/779/1
f 3418/782/2 4064/783/2 3419/784/2
f 3469/785/1 3420/786/1 3419/787/1
f 3470/788/1 3421/789/1 3420/786/1
f 3471/790/1 3422/791/1 3421/789/1
f 3472/792/1 3423/793/1 3422/791/1
f 3473/794/1 3424/795/1 3423/793/1
f 3474/796/1 3425/797/1 3424/795/1
f 3475/798/1 3426/799/1 3425/797/1
f 3476/800/1 3427/801/1 3426/799/1
f 3477/802/1 3428/803/1 3427/801/1
f 3478/804/1 3429/805/1 3428/803/1
f 3479/806/1 3430/807/1 3429/805/1
f 3480/808/1 3431/809/1 3430/807/1
f 3481/810/1 3432/811/1 3431/809/1
f 3482/812/1 3433/813/1 3432/811/1
f 3483/814/1 3434/815/1 3433/813/1
f 3484/816/1 3435/817/1 3434/815/1
f 3485/818/1 3436/819/1 3435/817/1
f 3486/820/1 3437/821/1 3436/819/1
f 3487/822/1 3438/823/1 3437/821/1
f 3488/824/1 3439/825/1 3438/823/1
f 3489/826/1 3440/827/1 3439/825/1
f 3490/828/1 3441/829/1 3440/827/1
f 3491/830/1 3442/831/1 3441/829/1
f 3492/832/1 3443/833/1 3442/831/1
f 3493/834/1 3444/835/1 3443/833/1
f 3494/836/1 3445/837/1 3444/835/1
f 3495/838/1 3446/839/1 3445/837/1
f 3496/840/1 3447/841/1 3446/839/1
f 3497/842/1 3448/843/1 3447/841/1
f 3498/844/1 3449/740/1 3448/843/1
f 269/745/1 3350/845/1 268/846/1
f 3400/744/1 3351/847/1 3350/845/1
f 3401/747/1 3352/848/1 3351/847/1
f 3402/749/1 3353/849/1 3352/848/1
f 3403/751/1 3354/850/1 3353/849/1
f 3404/753/1 3355/851/1 3354/850/1
f 3405/755/1 3356/852/1 3355/851/1
f 3406/757/1 3357/853/1 3356/852/1
f 3407/759/1 3358/854/1 3357/853/1
f 3408/761/1 3359/855/1 3358/854/1
f 3409/763/1 3360/856/1 3359/855/1
f 3410/765/1 3361/857/1 3360/856/1
f 3411/767/1 3362/858/1 3361/857/1
f 3412/769/1 3363/859/1 3362/858/1
f 3413/771/1 3364/860/1 3363/859/1
f 3414/773/1 3365/861/1 3364/860/1
f 3415/775/1 3366/862/1 3365/861/1
f 3416/777/1 3367/863/1 3366/862/1
f 3417/779/1 3368/864/1 3367/863/1
f 3120/865/4 3923/866/4 3170/867/4
f 3419/787/1 3370/868/1 3369/869/1
f 3420/786/1 3371/870/1 3370/868/1
f 3421/789/1 3372/871/1 3371/870/1
f 3422/791/1 3373/872/1 3372/871/1
f 3423/793/1 3374/873/1 3373/872/1
f 3424/795/1 3375/874/1 3374/873/1
f 3425/797/1 3376/875/1 3375/874/1
f 3426/799/1 3377/876/1 3376/875/1
f 3427/801/1 3378/877/1 3377/876/1
f 3428/803/1 3379/878/1 3378/877/1
f 3429/805/1 3380/879/1 3379/878/1
f 3430/807/1 3381/880/1 3380/879/1
f 3431/809/1 3382/881/1 3381/880/1
f 3432/811/1 3383/882/1 3382/881/1
f 3433/813/1 3384/883/1 3383/882/1
f 3434/815/1 3385/884/1 3384/883/1
f 3435/817/1 3386/885/1 3385/884/1
f 3436/819/1 3387/886/1 3386/885/1
f 3437/821/1 3388/887/1 3387/886/1
f 3438/823/1 3389/888/1 3388/887/1
f 3439/825/1 3390/889/1 3389/888/1
f 3440/827/1 3391/890/1 3390/889/1
f 3441/829/1 3392/891/1 3391/890/1
f 3442/831/1 3393/892/1 3392/891/1
f 3443/833/1 3394/893/1 3393/892/1
f 3444/835/1 3395/894/1 3394/893/1
f 3445/837/1 3396/895/1 3395/894/1
f 3446/839/1 3397/896/1 3396/895/1
f 3447/841/1 3398/897/1 3397/896/1
f 3448/843/1 3399/738/1 3398/897/1
f 268/846/1 3300/898/1 267/899/1
f 3350/845/1 3301/900/1 3300/898/1
f 3351/847/1 3302/901/1 3301/900/1
f 2954/902/4 4000/903/4 3004/904/4
f 3353/849/1 3304/905/1 3303/906/1
f 3354/850/1 3305/907/1 3304/905/1
f 3355/851/1 3306/908/1 3305/907/1
f 3356/852/1 3307/909/1 3306/908/1
f 3357/853/1 3308/910/1 3307/909/1
f 3358/854/1 3309/911/1 3308/910/1
f 3359/855/1 3310/912/1 3309/911/1
f 3360/856/1 3311/913/1 3310/912/1
f 3361/857/1 3312/914/1 3311/913/1
f 3362/858/1 3313/915/1 3312/914/1
f 3363/859/1 3314/916/1 3313/915/1
f 3364/860/1 3315/917/1 3314/916/1
f 3365/861/1 3316/918/1 3315/917/1
f 3366/862/1 3317/919/1 3316/918/1
f 3367/863/1 3318/920/1 3317/919/1
f 2971/921/5 3908/922/5 2921/923/5
f 3169/924/5 3918/925/5 3119/926/5
f 3370/868/1 3321/927/1 3320/928/1
f 3371/870/1 3322/929/1 3321/927/1
f 3372/871/1 3323/930/1 3322/929/1
f 3373/872/1 3324/931/1 3323/930/1
f 3374/873/1 3325/932/1 3324/931/1
f 3375/874/1 3326/933/1 3325/932/1
f 3376/875/1 3327/934/1 3326/933/1
f 3377/876/1 3328/935/1 3327/934/1
f 3378/877/1 3329/936/1 3328/935/1
f 3379/878/1 3330/937/1 3329/936/1
f 3380/879/1 3331/938/1 3330/937/1
f 3381/880/1 3332/939/1 3331/938/1
f 3382/881/1 3333/940/1 3332/939/1
f 3383/882/1 3334/941/1 3333/940/1
f 3384/883/1 3335/942/1 3334/941/1
f 3385/884/1 3336/943/1 3335/942/1
f 3386/885/1 3337/944/1 3336/943/1
f 3387/886/1 3338/945/1 3337/944/1
f 3388/887/1 3339/946/1 3338/945/1
f 3389/888/1 3340/947/1 3339/946/1
f 3390/889/1 3341/948/1 3340/947/1
f 3391/890/1 3342/949/1 3341/948/1
f 3392/891/1 3343/950/1 3342/949/1
f 3393/892/1 3344/951/1 3343/950/1
f 3394/893/1 3345/952/1 3344/951/1
f 3395/894/1 3346/953/1 3345/952/1
f 3396/895/1 3347/954/1 3346/953/1
f 3397/896/1 3348/955/1 3347/954/1
f 3398/897/1 3349/736/1 3348/955/1
f 267/899/1 3250/956/1 266/957/1
f 3300/898/1 3251/958/1 3250/956/1
f 3301/900/1 3252/959/1 3251/958/1
f 2755/960/4 3990/961/4 2805/962/4
f 3303/906/1 3254/963/1 3253/964/1
f 3304/905/1 3255/965/1 3254/963/1
f 3305/907/1 3256/966/1 3255/965/1
f 3306/908/1 3257/967/1 3256/966/1
f 3307/909/1 3258/968/1 3257/967/1
f 3308/910/1 3259/969/1 3258/968/1
f 3309/911/1 3260/970/1 3259/969/1
f 3310/912/1 3261/971/1 3260/970/1
f 3311/913/1 3262/972/1 3261/971/1
f 3312/914/1 3263/973/1 3262/972/1
f 3313/915/1 3264/974/1 3263/973/1
f 3314/916/1 3265/975/1 3264/974/1
f 3315/917/1 3266/976/1 3265/975/1
f 3316/918/1 3267/977/1 3266/976/1
f 3317/919/1 3268/978/1 3267/977/1
f 3318/920/1 3269/979/1 3268/978/1
f 3368/980/5 3928/981/5 3318/982/5
f 3320/928/1 3271/983/1 3270/984/1
f 3321/927/1 3272/985/1 3271/983/1
f 3322/929/1 3273/986/1 3272/985/1
f 3323/930/1 3274/987/1 3273/986/1
f 3324/931/1 3275/988/1 3274/987/1
f 3325/932/1 3276/989/1 3275/988/1
f 3326/933/1 3277/990/1 3276/989/1
f 3327/934/1 3278/991/1 3277/990/1
f 3328/935/1 3279/992/1 3278/991/1
f 3329/936/1 3280/993/1 3279/992/1
f 3330/937/1 3281/994/1 3280/993/1
f 3331/938/1 3282/995/1 3281/994/1
f 3332/939/1 3283/996/1 3282/995/1
f 3333/940/1 3284/997/1 3283/996/1
f 3334/941/1 3285/998/1 3284/997/1
f 3335/942/1 3286/999/1 3285/998/1
f 3336/943/1 3287/1000/1 3286/999/1
f 3337/944/1 3288/1001/1 3287/1000/1
f 3338/945/1 3289/1002/1 3288/1001/1
f 3339/946/1 3290/1003/1 3289/1002/1
f 3340/947/1 3291/1004/1 3290/1003/1
f 3341/948/1 3292/1005/1 3291/1004/1
f 3342/949/1 3293/1006/1 3292/1005/1
f 3343/950/1 3294/1007/1 3293/1006/1
f 3344/951/1 3295/1008/1 3294/1007/1
f 3345/952/1 3296/1009/1 3295/1008/1
f 3346/953/1 3297/1010/1 3296/1009/1
f 3347/954/1 3298/1011/1 3297/1010/1
f 3348/955/1 3299/734/1 3298/1011/1
f 266/957/1 3200/1012/1 265/1013/1
f 3250/956/1 3201/1014/1 3200/1012/1
f 3251/958/1 3202/1015/1 3201/1014/1
f 3202/1016/5 4005/1017/5 3152/1018/5
f 3253/964/1 3204/1019/1 3203/1020/1
f 3254/963/1 3205/1021/1 3204/1019/1
f 3255/965/1 3206/1022/1 3205/1021/1
f 3256/966/1 3207/1023/1 3206/1022/1
f 3257/967/1 3208/1024/1 3207/1023/1
f 3258/968/1 3209/1025/1 3208/1024/1
f 3259/969/1 3210/1026/1 3209/1025/1
f 3260/970/1 3211/1027/1 3210/1026/1
f 3261/971/1 3212/1028/1 3211/1027/1
f 3262/972/1 3213/1029/1 3212/1028/1
f 3263/973/1 3214/1030/1 3213/1029/1
f 3264/974/1 3215/1031/1 3214/1030/1
f 3265/975/1 3216/1032/1 3215/1031/1
f 3266/976/1 3217/1033/1 3216/1032/1
f 3267/977/1 3218/1034/1 3217/1033/1
f 3268/978/1 3219/1035/1 3218/1034/1
f 3122/1036/3 3920/1037/3 3121/1038/3
f 3270/984/1 3221/1039/1 3220/1040/1
f 3271/983/1 3222/1041/1 3221/1039/1
f 3272/985/1 3223/1042/1 3222/1041/1
f 3273/986/1 3224/1043/1 3223/1042/1
f 3274/987/1 3225/1044/1 3224/1043/1
f 3275/988/1 3226/1045/1 3225/1044/1
f 3276/989/1 3227/1046/1 3226/1045/1
f 3277/990/1 3228/1047/1 3227/1046/1
f 3278/991/1 3229/1048/1 3228/1047/1
f 3279/992/1 3230/1049/1 3229/1048/1
f 3280/993/1 3231/1050/1 3230/1049/1
f 3281/994/1 3232/1051/1 3231/1050/1
f 3282/995/1 3233/1052/1 3232/1051/1
f 3283/996/1 3234/1053/1 3233/1052/1
f 3284/997/1 3235/1054/1 3234/1053/1
f 3285/998/1 3236/1055/1 3235/1054/1
f 3286/999/1 3237/1056/1 3236/1055/1
f 3287/1000/1 3238/1057/1 3237/1056/1
f 3288/1001/1 3239/1058/1 3238/1057/1
f 3289/1002/1 3240/1059/1 3239/1058/1
f 3290/1003/1 3241/1060/1 3240/1059/1
f 3291/1004/1 3242/1061/1 3241/1060/1
f 3292/1005/1 3243/1062/1 3242/1061/1
f 3293/1006/1 3244/1063/1 3243/1062/1
f 3294/1007/1 3245/1064/1 3244/1063/1
f 3295/1008/1 3246/1065/1 3245/1064/1
f 3296/1009/1 3247/1066/1 3246/1065/1
f 3297/1010/1 3248/1067/1 3247/1066/1
f 3298/1011/1 3249/732/1 3248/1067/1
f 265/1013/1 3150/1068/1 264/1069/1
f 3200/1012/1 3151/1070/1 3150/1068/1
f 3201/1014/1 3152/1071/1 3151/1070/1
f 3003/1072/5 3996/1073/5 2953/1074/5
f 2804/1075/5 3987/1076/5 2754/1077/5
f 3204/1019/1 3155/1078/1 3154/1079/1
f 3205/1021/1 3156/1080/1 3155/1078/1
f 3206/1022/1 3157/1081/1 3156/1080/1
f 3207/1023/1 3158/1082/1 3157/1081/1
f 3208/1024/1 3159/1083/1 3158/1082/1
f 3214/1084/3 4032/1085/3 3213/1086/3
f 3169/1087/4 4038/1088/4 3219/1089/4
f 3161/1090/2 4020/1091/2 3162/1091/2
f 3168/1092/2 4027/1093/2 3169/1093/2
f 3213/1086/3 4031/1094/3 3212/1095/3
f 3160/1096/2 4019/1090/2 3161/1090/2
f 3167/1097/2 4026/1092/2 3168/1092/2
f 3212/1095/3 4030/1098/3 3211/1099/3
f 3159/1100/2 4018/1096/2 3160/1096/2
f 3219/1101/3 4037/1102/3 3218/1103/3
f 3072/1104/4 3921/1105/4 3122/1106/4
f 3220/1040/1 3171/1107/1 3170/1108/1
f 3221/1039/1 3172/1109/1 3171/1107/1
f 3222/1041/1 3173/1110/1 3172/1109/1
f 3223/1042/1 3174/1111/1 3173/1110/1
f 3224/1043/1 3175/1112/1 3174/1111/1
f 3225/1044/1 3176/1113/1 3175/1112/1
f 3226/1045/1 3177/1114/1 3176/1113/1
f 3227/1046/1 3178/1115/1 3177/1114/1
f 3228/1047/1 3179/1116/1 3178/1115/1
f 3229/1048/1 3180/1117/1 3179/1116/1
f 3230/1049/1 3181/1118/1 3180/1117/1
f 3231/1050/1 3182/1119/1 3181/1118/1
f 3232/1051/1 3183/1120/1 3182/1119/1
f 3233/1052/1 3184/1121/1 3183/1120/1
f 3234/1053/1 3185/1122/1 3184/1121/1
f 3235/1054/1 3186/1123/1 3185/1122/1
f 3236/1055/1 3187/1124/1 3186/1123/1
f 3237/1056/1 3188/1125/1 3187/1124/1
f 3238/1057/1 3189/1126/1 3188/1125/1
f 3239/1058/1 3190/1127/1 3189/1126/1
f 3240/1059/1 3191/1128/1 3190/1127/1
f 3241/1060/1 3192/1129/1 3191/1128/1
f 3242/1061/1 3193/1130/1 3192/1129/1
f 3243/1062/1 3194/1131/1 3193/1130/1
f 3244/1063/1 3195/1132/1 3194/1131/1
f 3245/1064/1 3196/1133/1 3195/1132/1
f 3246/1065/1 3197/1134/1 3196/1133/1
f 3247/1066/1 3198/1135/1 3197/1134/1
f 3248/1067/1 3199/730/1 3198/1135/1
f 264/1069/1 3100/1136/1 263/1137/1
f 3150/1068/1 3101/1138/1 3100/1136/1
f 3151/1070/1 3102/1139/1 3101/1138/1
f 3152/1071/1 3103/1140/1 3102/1139/1
f 3104/1141/4 4007/1142/4 3154/1143/4
f 3154/1079/1 3105/1144/1 3104/1145/1
f 3155/1078/1 3106/1146/1 3105/1144/1
f 3156/1080/1 3107/1147/1 3106/1146/1
f 3157/1081/1 3108/1148/1 3107/1147/1
f 3158/1082/1 3109/1149/1 3108/1148/1
f 3159/1083/1 3110/1150/1 3109/1149/1
f 3160/1151/1 3111/1152/1 3110/1150/1
f 3161/1153/1 3112/1154/1 3111/1152/1
f 3162/1155/1 3113/1156/1 3112/1154/1
f 3163/1157/1 3114/1158/1 3113/1156/1
f 3164/1159/1 3115/1160/1 3114/1158/1
f 3165/1161/1 3116/1162/1 3115/1160/1
f 3166/1163/1 3117/1164/1 3116/1162/1
f 3167/1165/1 3118/1166/1 3117/1164/1
f 3168/1167/1 3119/1168/1 3118/1166/1
f 3121/1038/3 3919/1169/3 3120/1170/3
f 3170/1108/1 3121/1171/1 3120/1172/1
f 3171/1107/1 3122/1173/1 3121/1171/1
f 3172/1109/1 3123/1174/1 3122/1173/1
f 3173/1110/1 3124/1175/1 3123/1174/1
f 3174/1111/1 3125/1176/1 3124/1175/1
f 3175/1112/1 3126/1177/1 3125/1176/1
f 3176/1113/1 3127/1178/1 3126/1177/1
f 3177/1114/1 3128/1179/1 3127/1178/1
f 3178/1115/1 3129/1180/1 3128/1179/1
f 3179/1116/1 3130/1181/1 3129/1180/1
f 3180/1117/1 3131/1182/1 3130/1181/1
f 3181/1118/1 3132/1183/1 3131/1182/1
f 3182/1119/1 3133/1184/1 3132/1183/1
f 3183/1120/1 3134/1185/1 3133/1184/1
f 3184/1121/1 3135/1186/1 3134/1185/1
f 3185/1122/1 3136/1187/1 3135/1186/1
f 3186/1123/1 3137/1188/1 3136/1187/1
f 3187/1124/1 3138/1189/1 3137/1188/1
f 3188/1125/1 3139/1190/1 3138/1189/1
f 3189/1126/1 3140/1191/1 3139/1190/1
f 3190/1127/1 3141/1192/1 3140/1191/1
f 3191/1128/1 3142/1193/1 3141/1192/1
f 3192/1129/1 3143/1194/1 3142/1193/1
f 3193/1130/1 3144/1195/1 3143/1194/1
f 3194/1131/1 3145/1196/1 3144/1195/1
f 3195/1132/1 3146/1197/1 3145/1196/1
f 3196/1133/1 3147/1198/1 3146/1197/1
f 3197/1134/1 3148/1199/1 3147/1198/1
f 3198/1135/1 3149/728/1 3148/1199/1
f 263/1137/1 3050/1200/1 262/1201/1
f 3100/1136/1 3051/1202/1 3050/1200/1
f 3101/1138/1 3052/1203/1 3051/1202/1
f 3102/1139/1 3053/1204/1 3052/1203/1
f 2905/1205/4 3998/1206/4 2955/1207/4
f 3104/1145/1 3055/1208/1 3054/1209/1
f 3105/1144/1 3056/1210/1 3055/1208/1
f 3106/1146/1 3057/1211/1 3056/1210/1
f 3107/1147/1 3058/1212/1 3057/1211/1
f 3108/1148/1 3059/1213/1 3058/1212/1
f 3109/1149/1 3060/1214/1 3059/1213/1
f 3110/1150/1 3061/1215/1 3060/1214/1
f 3111/1152/1 3062/1216/1 3061/1215/1
f 3112/1154/1 3063/1217/1 3062/1216/1
f 3113/1156/1 3064/1218/1 3063/1217/1
f 3114/1158/1 3065/1219/1 3064/1218/1
f 3115/1160/1 3066/1220/1 3065/1219/1
f 3116/1162/1 3067/1221/1 3066/1220/1
f 3117/1164/1 3068/1222/1 3067/1221/1
f 3118/1166/1 3069/1223/1 3068/1222/1
f 3270/1224/4 3930/1225/4 3320/1226/4
f 2872/1227/4 3909/1228/4 2922/1229/4
f 3319/1230/5 3926/1231/5 3269/1232/5
f 3122/1173/1 3073/1233/1 3072/1234/1
f 3123/1174/1 3074/1235/1 3073/1233/1
f 3124/1175/1 3075/1236/1 3074/1235/1
f 3125/1176/1 3076/1237/1 3075/1236/1
f 3126/1177/1 3077/1238/1 3076/1237/1
f 3127/1178/1 3078/1239/1 3077/1238/1
f 3128/1179/1 3079/1240/1 3078/1239/1
f 3129/1180/1 3080/1241/1 3079/1240/1
f 3130/1181/1 3081/1242/1 3080/1241/1
f 3131/1182/1 3082/1243/1 3081/1242/1
f 3132/1183/1 3083/1244/1 3082/1243/1
f 3133/1184/1 3084/1245/1 3083/1244/1
f 3134/1185/1 3085/1246/1 3084/1245/1
f 3135/1186/1 3086/1247/1 3085/1246/1
f 3136/1187/1 3087/1248/1 3086/1247/1
f 3137/1188/1 3088/1249/1 3087/1248/1
f 3138/1189/1 3089/1250/1 3088/1249/1
f 3139/1190/1 3090/1251/1 3089/1250/1
f 3140/1191/1 3091/1252/1 3090/1251/1
f 3141/1192/1 3092/1253/1 3091/1252/1
f 3142/1193/1 3093/1254/1 3092/1253/1
f 3143/1194/1 3094/1255/1 3093/1254/1
f 3144/1195/1 3095/1256/1 3094/1255/1
f 3145/1196/1 3096/1257/1 3095/1256/1
f 3146/1197/1 3097/1258/1 3096/1257/1
f 3147/1198/1 3098/1259/1 3097/1258/1
f 3148/1199/1 3099/726/1 3098/1259/1
f 262/1201/1 3000/1260/1 261/1261/1
f 3050/1200/1 3001/1262/1 3000/1260/1
f 3051/1202/1 3002/1263/1 3001/1262/1
f 3052/1203/1 3003/1264/1 3002/1263/1
f 3303/1265/4 4016/1266/4 3353/1267/4
f 3054/1209/1 3005/1268/1 3004/1269/1
f 3055/1208/1 3006/1270/1 3005/1268/1
f 3056/1210/1 3007/1271/1 3006/1270/1
f 3057/1211/1 3008/1272/1 3007/1271/1
f 3058/1212/1 3009/1273/1 3008/1272/1
f 3059/1213/1 3010/1274/1 3009/1273/1
f 3060/1214/1 3011/1275/1 3010/1274/1
f 3061/1215/1 3012/1276/1 3011/1275/1
f 3062/1216/1 3013/1277/1 3012/1276/1
f 3063/1217/1 3014/1278/1 3013/1277/1
f 3064/1218/1 3015/1279/1 3014/1278/1
f 3065/1219/1 3016/1280/1 3015/1279/1
f 3066/1220/1 3017/1281/1 3016/1280/1
f 3067/1221/1 3018/1282/1 3017/1281/1
f 3068/1222/1 3019/1283/1 3018/1282/1
f 3069/1223/1 3020/1284/1 3019/1283/1
f 3070/1285/1 3021/1286/1 3020/1284/1
f 2921/923/5 3906/1287/5 2871/1288/5
f 3072/1234/1 3023/1289/1 3022/1290/1
f 3073/1233/1 3024/1291/1 3023/1289/1
f 3074/1235/1 3025/1292/1 3024/1291/1
f 3075/1236/1 3026/1293/1 3025/1292/1
f 3076/1237/1 3027/1294/1 3026/1293/1
f 3077/1238/1 3028/1295/1 3027/1294/1
f 3078/1239/1 3029/1296/1 3028/1295/1
f 3079/1240/1 3030/1297/1 3029/1296/1
f 3080/1241/1 3031/1298/1 3030/1297/1
f 3081/1242/1 3032/1299/1 3031/1298/1
f 3082/1243/1 3033/1300/1 3032/1299/1
f 3083/1244/1 3034/1301/1 3033/1300/1
f 3084/1245/1 3035/1302/1 3034/1301/1
f 3085/1246/1 3036/1303/1 3035/1302/1
f 3086/1247/1 3037/1304/1 3036/1303/1
f 3087/1248/1 3038/1305/1 3037/1304/1
f 3088/1249/1 3039/1306/1 3038/1305/1
f 3089/1250/1 3040/1307/1 3039/1306/1
f 3090/1251/1 3041/1308/1 3040/1307/1
f 3091/1252/1 3042/1309/1 3041/1308/1
f 3092/1253/1 3043/1310/1 3042/1309/1
f 3093/1254/1 3044/1311/1 3043/1310/1
f 3094/1255/1 3045/1312/1 3044/1311/1
f 3095/1256/1 3046/1313/1 3045/1312/1
f 3096/1257/1 3047/1314/1 3046/1313/1
f 3097/1258/1 3048/1315/1 3047/1314/1
f 3098/1259/1 3049/724/1 3048/1315/1
f 261/1261/1 2950/1316/1 260/1317/1
f 3000/1260/1 2951/1318/1 2950/1316/1
f 3001/1262/1 2952/1319/1 2951/1318/1
f 3002/1263/1 2953/1320/1 2952/1319/1
f 3352/1321/5 4013/1322/5 3302/1323/5
f 3004/1269/1 2955/1324/1 2954/1325/1
f 3005/1268/1 2956/1326/1 2955/1324/1
f 3006/1270/1 2957/1327/1 2956/1326/1
f 3007/1271/1 2958/1328/1 2957/1327/1
f 3008/1272/1 2959/1329/1 2958/1328/1
f 3009/1273/1 2960/1330/1 2959/1329/1
f 3010/1274/1 2961/1331/1 2960/1330/1
f 3011/1275/1 2962/1332/1 2961/1331/1
f 3012/1276/1 2963/1333/1 2962/1332/1
f 3013/1277/1 2964/1334/1 2963/1333/1
f 3014/1278/1 2965/1335/1 2964/1334/1
f 3015/1279/1 2966/1336/1 2965/1335/1
f 3016/1280/1 2967/1337/1 2966/1336/1
f 3017/1281/1 2968/1338/1 2967/1337/1
f 3018/1282/1 2969/1339/1 2968/1338/1
f 3019/1283/1 2970/1340/1 2969/1339/1
f 3020/1284/1 2971/1341/1 2970/1340/1
f 3119/926/5 3914/1342/5 3069/1343/5
f 3022/1290/1 2973/1344/1 2972/1345/1
f 3023/1289/1 2974/1346/1 2973/1344/1
f 3024/1291/1 2975/1347/1 2974/1346/1
f 3025/1292/1 2976/1348/1 2975/1347/1
f 3026/1293/1 2977/1349/1 2976/1348/1
f 3027/1294/1 2978/1350/1 2977/1349/1
f 3028/1295/1 2979/1351/1 2978/1350/1
f 3029/1296/1 2980/1352/1 2979/1351/1
f 3030/1297/1 2981/1353/1 2980/1352/1
f 3031/1298/1 2982/1354/1 2981/1353/1
f 3032/1299/1 2983/1355/1 2982/1354/1
f 3033/1300/1 2984/1356/1 2983/1355/1
f 3034/1301/1 2985/1357/1 2984/1356/1
f 3035/1302/1 2986/1358/1 2985/1357/1
f 3036/1303/1 2987/1359/1 2986/1358/1
f 3037/1304/1 2988/1360/1 2987/1359/1
f 3038/1305/1 2989/1361/1 2988/1360/1
f 3039/1306/1 2990/1362/1 2989/1361/1
f 3040/1307/1 2991/1363/1 2990/1362/1
f 3041/1308/1 2992/1364/1 2991/1363/1
f 3042/1309/1 2993/1365/1 2992/1364/1
f 3043/1310/1 2994/1366/1 2993/1365/1
f 3044/1311/1 2995/1367/1 2994/1366/1
f 3045/1312/1 2996/1368/1 2995/1367/1
f 3046/1313/1 2997/1369/1 2996/1368/1
f 3047/1314/1 2998/1370/1 2997/1369/1
f 3048/1315/1 2999/722/1 2998/1370/1
f 260/1317/1 2900/1371/1 259/1372/1
f 2950/1316/1 2901/1373/1 2900/1371/1
f 2951/1318/1 2902/1374/1 2901/1373/1
f 2952/1319/1 2903/1375/1 2902/1374/1
f 3153/1376/5 4003/1377/5 3103/1378/5
f 2705/1379/4 3988/1380/4 2755/960/4
f 2955/1324/1 2906/1381/1 2905/1382/1
f 2956/1326/1 2907/1383/1 2906/1381/1
f 2957/1327/1 2908/1384/1 2907/1383/1
f 2958/1328/1 2909/1385/1 2908/1384/1
f 2959/1329/1 2910/1386/1 2909/1385/1
f 2960/1330/1 2911/1387/1 2910/1386/1
f 2961/1331/1 2912/1388/1 2911/1387/1
f 2962/1332/1 2913/1389/1 2912/1388/1
f 2963/1333/1 2914/1390/1 2913/1389/1
f 2964/1334/1 2915/1391/1 2914/1390/1
f 2965/1335/1 2916/1392/1 2915/1391/1
f 2966/1336/1 2917/1393/1 2916/1392/1
f 2967/1337/1 2918/1394/1 2917/1393/1
f 2968/1338/1 2919/1395/1 2918/1394/1
f 2969/1339/1 2920/1396/1 2919/1395/1
f 2970/1340/1 2921/1397/1 2920/1396/1
f 3318/1398/2 3929/1399/2 3319/1400/2
f 2972/1345/1 2923/1401/1 2922/1402/1
f 2973/1344/1 2924/1403/1 2923/1401/1
f 2974/1346/1 2925/1404/1 2924/1403/1
f 2975/1347/1 2926/1405/1 2925/1404/1
f 2976/1348/1 2927/1406/1 2926/1405/1
f 2977/1349/1 2928/1407/1 2927/1406/1
f 2978/1350/1 2929/1408/1 2928/1407/1
f 2979/1351/1 2930/1409/1 2929/1408/1
f 2980/1352/1 2931/1410/1 2930/1409/1
f 2981/1353/1 2932/1411/1 2931/1410/1
f 2982/1354/1 2933/1412/1 2932/1411/1
f 2983/1355/1 2934/1413/1 2933/1412/1
f 2984/1356/1 2935/1414/1 2934/1413/1
f 2985/1357/1 2936/1415/1 2935/1414/1
f 2986/1358/1 2937/1416/1 2936/1415/1
f 2987/1359/1 2938/1417/1 2937/1416/1
f 2988/1360/1 2939/1418/1 2938/1417/1
f 2989/1361/1 2940/1419/1 2939/1418/1
f 2990/1362/1 2941/1420/1 2940/1419/1
f 2991/1363/1 2942/1421/1 2941/1420/1
f 2992/1364/1 2943/1422/1 2942/1421/1
f 2993/1365/1 2944/1423/1 2943/1422/1
f 2994/1366/1 2945/1424/1 2944/1423/1
f 2995/1367/1 2946/1425/1 2945/1424/1
f 2996/1368/1 2947/1426/1 2946/1425/1
f 2997/1369/1 2948/1427/1 2947/1426/1
f 2998/1370/1 2949/720/1 2948/1427/1
f 259/1372/1 2850/1428/1 258/1429/1
f 2900/1371/1 2851/1430/1 2850/1428/1
f 2901/1373/1 2852/1431/1 2851/1430/1
f 2902/1374/1 2853/1432/1 2852/1431/1
f 2903/1375/1 2854/1433/1 2853/1432/1
f 2953/1074/5 3993/1434/5 2903/1435/5
f 2905/1382/1 2856/1436/1 2855/1437/1
f 2906/1381/1 2857/1438/1 2856/1436/1
f 2907/1383/1 2858/1439/1 2857/1438/1
f 2908/1384/1 2859/1440/1 2858/1439/1
f 2909/1385/1 2860/1441/1 2859/1440/1
f 2910/1386/1 2861/1442/1 2860/1441/1
f 2911/1387/1 2862/1443/1 2861/1442/1
f 2912/1388/1 2863/1444/1 2862/1443/1
f 2913/1389/1 2864/1445/1 2863/1444/1
f 2914/1390/1 2865/1446/1 2864/1445/1
f 2915/1391/1 2866/1447/1 2865/1446/1
f 2916/1392/1 2867/1448/1 2866/1447/1
f 2917/1393/1 2868/1449/1 2867/1448/1
f 2918/1394/1 2869/1450/1 2868/1449/1
f 2919/1395/1 2870/1451/1 2869/1450/1
f 2920/1396/1 2871/1452/1 2870/1451/1
f 3022/1453/4 3917/1454/4 3072/1104/4
f 2922/1402/1 2873/1455/1 2872/1456/1
f 2923/1401/1 2874/1457/1 2873/1455/1
f 2924/1403/1 2875/1458/1 2874/1457/1
f 2925/1404/1 2876/1459/1 2875/1458/1
f 2926/1405/1 2877/1460/1 2876/1459/1
f 2927/1406/1 2878/1461/1 2877/1460/1
f 2928/1407/1 2879/1462/1 2878/1461/1
f 2929/1408/1 2880/1463/1 2879/1462/1
f 2930/1409/1 2881/1464/1 2880/1463/1
f 2931/1410/1 2882/1465/1 2881/1464/1
f 2932/1411/1 2883/1466/1 2882/1465/1
f 2933/1412/1 2884/1467/1 2883/1466/1
f 2934/1413/1 2885/1468/1 2884/1467/1
f 2935/1414/1 2886/1469/1 2885/1468/1
f 2936/1415/1 2887/1470/1 2886/1469/1
f 2937/1416/1 2888/1471/1 2887/1470/1
f 2938/1417/1 2889/1472/1 2888/1471/1
f 2939/1418/1 2890/1473/1 2889/1472/1
f 2940/1419/1 2891/1474/1 2890/1473/1
f 2941/1420/1 2892/1475/1 2891/1474/1
f 2942/1421/1 2893/1476/1 2892/1475/1
f 2943/1422/1 2894/1477/1 2893/1476/1
f 2944/1423/1 2895/1478/1 2894/1477/1
f 2945/1424/1 2896/1479/1 2895/1478/1
f 2946/1425/1 2897/1480/1 2896/1479/1
f 2947/1426/1 2898/1481/1 2897/1480/1
f 2948/1427/1 2899/718/1 2898/1481/1
f 258/1429/1 2800/1482/1 257/1483/1
f 2850/1428/1 2801/1484/1 2800/1482/1
f 2851/1430/1 2802/1485/1 2801/1484/1
f 2852/1431/1 2803/1486/1 2802/1485/1
f 2853/1432/1 2804/1487/1 2803/1486/1
f 2754/1077/5 3985/1488/5 2704/1489/5
f 2855/1437/1 2806/1490/1 2805/1491/1
f 2856/1436/1 2807/1492/1 2806/1490/1
f 2857/1438/1 2808/1493/1 2807/1492/1
f 2858/1439/1 2809/1494/1 2808/1493/1
f 2859/1440/1 2810/1495/1 2809/1494/1
f 2860/1441/1 2811/1496/1 2810/1495/1
f 2861/1442/1 2812/1497/1 2811/1496/1
f 2862/1443/1 2813/1498/1 2812/1497/1
f 2863/1444/1 2814/1499/1 2813/1498/1
f 2864/1445/1 2815/1500/1 2814/1499/1
f 2865/1446/1 2816/1501/1 2815/1500/1
f 2866/1447/1 2817/1502/1 2816/1501/1
f 2867/1448/1 2818/1503/1 2817/1502/1
f 2868/1449/1 2819/1504/1 2818/1503/1
f 2869/1450/1 2820/1505/1 2819/1504/1
f 2870/1451/1 2821/1506/1 2820/1505/1
f 2871/1452/1 2822/1507/1 2821/1506/1
f 2872/1456/1 2823/1508/1 2822/1507/1
f 2873/1455/1 2824/1509/1 2823/1508/1
f 2874/1457/1 2825/1510/1 2824/1509/1
f 2875/1458/1 2826/1511/1 2825/1510/1
f 2876/1459/1 2827/1512/1 2826/1511/1
f 2877/1460/1 2828/1513/1 2827/1512/1
f 2878/1461/1 2829/1514/1 2828/1513/1
f 2879/1462/1 2830/1515/1 2829/1514/1
f 2880/1463/1 2831/1516/1 2830/1515/1
f 2881/1464/1 2832/1517/1 2831/1516/1
f 2882/1465/1 2833/1518/1 2832/1517/1
f 2883/1466/1 2834/1519/1 2833/1518/1
f 2884/1467/1 2835/1520/1 2834/1519/1
f 2885/1468/1 2836/1521/1 2835/1520/1
f 2886/1469/1 2837/1522/1 2836/1521/1
f 2887/1470/1 2838/1523/1 2837/1522/1
f 2888/1471/1 2839/1524/1 2838/1523/1
f 2889/1472/1 2840/1525/1 2839/1524/1
f 2890/1473/1 2841/1526/1 2840/1525/1
f 2891/1474/1 2842/1527/1 2841/1526/1
f 2892/1475/1 2843/1528/1 2842/1527/1
f 2893/1476/1 2844/1529/1 2843/1528/1
f 2894/1477/1 2845/1530/1 2844/1529/1
f 2895/1478/1 2846/1531/1 2845/1530/1
f 2896/1479/1 2847/1532/1 2846/1531/1
f 2897/1480/1 2848/1533/1 2847/1532/1
f 2898/1481/1 2849/716/1 2848/1533/1
f 257/1483/1 2750/1534/1 256/1535/1
f 2800/1482/1 2751/1536/1 2750/1534/1
f 2801/1484/1 2752/1537/1 2751/1536/1
f 2802/1485/1 2753/1538/1 2752/1537/1
f 2803/1486/1 2754/1539/1 2753/1538/1
f 2903/1540/2 3994/1541/2 2904/1542/2
f 2805/1491/1 2756/1543/1 2755/1544/1
f 2806/1490/1 2757/1545/1 2756/1543/1
f 2807/1492/1 2758/1546/1 2757/1545/1
f 2808/1493/1 2759/1547/1 2758/1546/1
f 2809/1494/1 2760/1548/1 2759/1547/1
f 2810/1495/1 2761/1549/1 2760/1548/1
f 2811/1496/1 2762/1550/1 2761/1549/1
f 2812/1497/1 2763/1551/1 2762/1550/1
f 2813/1498/1 2764/1552/1 2763/1551/1
f 2814/1499/1 2765/1553/1 2764/1552/1
f 2815/1500/1 2766/1554/1 2765/1553/1
f 2816/1501/1 2767/1555/1 2766/1554/1
f 2817/1502/1 2768/1556/1 2767/1555/1
f 2818/1503/1 2769/1557/1 2768/1556/1
f 2819/1504/1 2770/1558/1 2769/1557/1
f 2820/1505/1 2771/1559/1 2770/1558/1
f 2821/1506/1 2772/1560/1 2771/1559/1
f 2822/1507/1 2773/1561/1 2772/1560/1
f 2823/1508/1 2774/1562/1 2773/1561/1
f 2824/1509/1 2775/1563/1 2774/1562/1
f 2825/1510/1 2776/1564/1 2775/1563/1
f 2826/1511/1 2777/1565/1 2776/1564/1
f 2827/1512/1 2778/1566/1 2777/1565/1
f 2828/1513/1 2779/1567/1 2778/1566/1
f 2829/1514/1 2780/1568/1 2779/1567/1
f 2830/1515/1 2781/1569/1 2780/1568/1
f 2831/1516/1 2782/1570/1 2781/1569/1
f 2832/1517/1 2783/1571/1 2782/1570/1
f 2833/1518/1 2784/1572/1 2783/1571/1
f 2834/1519/1 2785/1573/1 2784/1572/1
f 2835/1520/1 2786/1574/1 2785/1573/1
f 2836/1521/1 2787/1575/1 2786/1574/1
f 2837/1522/1 2788/1576/1 2787/1575/1
f 2838/1523/1 2789/1577/1 2788/1576/1
f 2839/1524/1 2790/1578/1 2789/1577/1
f 2840/1525/1 2791/1579/1 2790/1578/1
f 2841/1526/1 2792/1580/1 2791/1579/1
f 2842/1527/1 2793/1581/1 2792/1580/1
f 2843/1528/1 2794/1582/1 2793/1581/1
f 2844/1529/1 2795/1583/1 2794/1582/1
f 2845/1530/1 2796/1584/1 2795/1583/1
f 2846/1531/1 2797/1585/1 2796/1584/1
f 2847/1532/1 2798/1586/1 2797/1585/1
f 2848/1533/1 2799/713/1 2798/1586/1
f 256/1535/1 2700/1587/1 255/1588/1
f 2750/1534/1 2701/1589/1 2700/1587/1
f 2751/1536/1 2702/1590/1 2701/1589/1
f 2752/1537/1 2703/1591/1 2702/1590/1
f 2753/1538/1 2704/1592/1 2703/1591/1
f 2704/1593/2 3986/1594/2 2705/1541/2
f 2755/1544/1 2706/1595/1 2705/1596/1
f 2756/1543/1 2707/1597/1 2706/1595/1
f 2757/1545/1 2708/1598/1 2707/1597/1
f 2758/1546/1 2709/1599/1 2708/1598/1
f 2759/1547/1 2710/1600/1 2709/1599/1
f 2760/1548/1 2711/1601/1 2710/1600/1
f 2761/1549/1 2712/1602/1 2711/1601/1
f 2762/1550/1 2713/1603/1 2712/1602/1
f 2763/1551/1 2714/1604/1 2713/1603/1
f 2764/1552/1 2715/1605/1 2714/1604/1
f 2765/1553/1 2716/1606/1 2715/1605/1
f 2766/1554/1 2717/1607/1 2716/1606/1
f 2767/1555/1 2718/1608/1 2717/1607/1
f 2768/1556/1 2719/1609/1 2718/1608/1
f 2769/1557/1 2720/1610/1 2719/1609/1
f 2770/1558/1 2721/1611/1 2720/1610/1
f 2771/1559/1 2722/1612/1 2721/1611/1
f 2772/1560/1 2723/1613/1 2722/1612/1
f 2773/1561/1 2724/1614/1 2723/1613/1
f 2774/1562/1 2725/1615/1 2724/1614/1
f 2775/1563/1 2726/1616/1 2725/1615/1
f 2776/1564/1 2727/1617/1 2726/1616/1
f 2777/1565/1 2728/1618/1 2727/1617/1
f 2778/1566/1 2729/1619/1 2728/1618/1
f 2779/1567/1 2730/1620/1 2729/1619/1
f 2780/1568/1 2731/1621/1 2730/1620/1
f 2781/1569/1 2732/1622/1 2731/1621/1
f 2782/1570/1 2733/1623/1 2732/1622/1
f 2783/1571/1 2734/1624/1 2733/1623/1
f 2784/1572/1 2735/1625/1 2734/1624/1
f 2785/1573/1 2736/1626/1 2735/1625/1
f 2786/1574/1 2737/1627/1 2736/1626/1
f 2787/1575/1 2738/1628/1 2737/1627/1
f 2788/1576/1 2739/1629/1 2738/1628/1
f 2789/1577/1 2740/1630/1 2739/1629/1
f 2790/1578/1 2741/1631/1 2740/1630/1
f 2791/1579/1 2742/1632/1 2741/1631/1
f 2792/1580/1 2743/1633/1 2742/1632/1
f 2793/1581/1 2744/1634/1 2743/1633/1
f 2794/1582/1 2745/1635/1 2744/1634/1
f 2795/1583/1 2746/1636/1 2745/1635/1
f 2796/1584/1 2747/1637/1 2746/1636/1
f 2797/1585/1 2748/1638/1 2747/1637/1
f 2798/1586/1 2749/715/1 2748/1638/1
f 255/1588/1 2657/1639/1 254/1640/1
f 2700/1587/1 2658/1641/1 2657/1639/1
f 2701/1589/1 2659/1642/1 2658/1641/1
f 2706/1643/3 3979/1644/3 2705/1645/3
f 2617/1646/4 3975/1647/4 2660/1648/4
f 2615/1649/2 2213/1650/2 2616/1651/2
f 2659/1652/5 2263/1653/5 2609/1036/5
f 2705/1645/3 3978/1654/3 2704/1655/3
f 2614/1656/2 2257/1657/2 2615/1649/2
f 2704/1655/3 3977/921/3 2703/1658/3
f 2613/1659/2 2258/1660/2 2614/1656/2
f 2267/1661/5 3810/1662/5 2217/1663/5
f 2168/1664/4 3811/1665/4 2218/1666/4
f 2217/1663/5 3808/1667/5 2167/1668/5
f 2118/1669/4 3809/1670/4 2168/1664/4
f 2167/1668/5 3806/1671/5 2117/1672/5
f 2673/1673/2 3842/1674/2 2674/541/2
f 2068/1675/4 3807/1676/4 2118/1669/4
f 1867/1677/2 3797/1678/2 1868/1679/2
f 2672/1680/2 3841/1681/2 2673/1673/2
f 2117/1672/5 3804/1682/5 2067/1683/5
f 2671/1684/2 3840/1685/2 2672/1680/2
f 2724/1686/3 3856/1687/3 2723/1688/3
f 2018/1689/4 3805/1690/4 2068/1675/4
f 2670/1691/2 3839/1692/2 2671/1684/2
f 2724/1614/1 2675/1693/1 2674/1694/1
f 2725/1615/1 2676/1695/1 2675/1693/1
f 2726/1616/1 2677/1696/1 2676/1695/1
f 2727/1617/1 2678/1697/1 2677/1696/1
f 2728/1618/1 2679/1698/1 2678/1697/1
f 287/1699/4 3720/1700/4 286/1701/4
f 2734/1702/3 3748/1703/3 2733/1704/3
f 2679/1705/2 3725/1706/2 2680/1707/2
f 2747/1708/3 3761/1709/3 2746/1710/3
f 2692/1711/2 3738/1712/2 2693/710/2
f 2733/1704/3 3747/1713/3 2732/1714/3
f 2746/1710/3 3760/1715/3 2745/1716/3
f 2691/1717/2 3737/1718/2 2692/1711/2
f 286/1719/3 3723/1720/3 2749/1721/3
f 2732/1714/3 3746/1722/3 2731/1723/3
f 2745/1716/3 3759/1724/3 2744/1725/3
f 2690/1726/2 3736/1727/2 2691/1717/2
f 2699/1728/2 3721/1729/2 287/1730/2
f 2731/1723/3 3745/1731/3 2730/1732/3
f 2744/1725/3 3758/1733/3 2743/1734/3
f 2689/1735/2 3735/1736/2 2690/1726/2
f 2730/1732/3 3744/1737/3 2729/1738/3
f 2743/1734/3 3757/1739/3 2742/1740/3
f 2688/1741/2 3734/1742/2 2689/1735/2
f 2742/1740/3 3756/1376/3 2741/1743/3
f 254/1640/1 2607/1744/1 253/1745/1
f 2657/1639/1 2608/1746/1 2607/1744/1
f 2658/1641/1 2609/1747/1 2608/1746/1
f 2703/1658/3 3976/923/3 2702/1748/3
f 2710/1749/3 3983/1750/3 2709/1751/3
f 2612/1752/2 2259/1753/2 2613/1659/2
f 2709/1751/3 3982/1754/3 2708/1755/3
f 2611/1756/2 2260/1757/2 2612/1752/2
f 2708/1755/3 3981/1758/3 2707/1759/3
f 2610/1760/2 2261/1761/2 2611/1756/2
f 2660/1648/4 3984/1762/4 2710/1763/4
f 2723/1688/3 3855/1764/3 2722/1765/3
f 2661/1766/1 2619/1767/1 2618/1768/1
f 2662/1769/1 2620/1770/1 2619/1767/1
f 2663/1771/1 2621/1772/1 2620/1770/1
f 2664/1773/1 2622/1774/1 2621/1772/1
f 2665/1775/1 2623/1776/1 2622/1774/1
f 2666/1777/1 2624/1778/1 2623/1776/1
f 2667/1779/1 2625/1780/1 2624/1778/1
f 2668/1781/1 2626/1782/1 2625/1780/1
f 2669/1783/1 2627/1784/1 2626/1782/1
f 2670/1785/1 2628/1786/1 2627/1784/1
f 2671/1787/1 2629/1788/1 2628/1786/1
f 2672/1789/1 2630/1790/1 2629/1788/1
f 2673/1791/1 2631/1792/1 2630/1790/1
f 2674/1694/1 2632/1793/1 2631/1792/1
f 2675/1693/1 2633/1794/1 2632/1793/1
f 2676/1695/1 2634/1795/1 2633/1794/1
f 2677/1696/1 2635/1796/1 2634/1795/1
f 2678/1697/1 2636/1797/1 2635/1796/1
f 2486/1798/5 3784/1799/5 2436/1800/5
f 2680/1801/1 2638/1802/1 2637/1803/1
f 2681/1804/1 2639/1805/1 2638/1802/1
f 2682/1806/1 2640/1807/1 2639/1805/1
f 2683/1808/1 2641/1809/1 2640/1807/1
f 2684/1810/1 2642/1811/1 2641/1809/1
f 2685/1812/1 2643/1813/1 2642/1811/1
f 2686/1814/1 2644/1815/1 2643/1813/1
f 2687/1816/1 2645/1817/1 2644/1815/1
f 2688/1818/1 2646/1819/1 2645/1817/1
f 2689/1820/1 2647/1821/1 2646/1819/1
f 2690/1822/1 2648/1823/1 2647/1821/1
f 2691/1824/1 2649/1825/1 2648/1823/1
f 2692/1826/1 2650/1827/1 2649/1825/1
f 2693/1828/1 2651/1829/1 2650/1827/1
f 2694/1830/1 2652/1831/1 2651/1829/1
f 2695/1832/1 2653/1833/1 2652/1831/1
f 2696/1834/1 2654/1835/1 2653/1833/1
f 2697/1836/1 2655/1837/1 2654/1835/1
f 2698/1838/1 2656/706/1 2655/1837/1
f 253/1745/1 2557/1839/1 252/1840/1
f 2607/1744/1 2558/1841/1 2557/1839/1
f 2608/1746/1 2559/1842/1 2558/1841/1
f 2609/1747/1 2560/1843/1 2559/1842/1
f 2610/1844/1 2561/1845/1 2560/1843/1
f 2611/1846/1 2562/1847/1 2561/1845/1
f 2612/1848/1 2563/1849/1 2562/1847/1
f 2613/1850/1 2564/1851/1 2563/1849/1
f 2614/1852/1 2565/1853/1 2564/1851/1
f 2615/1854/1 2566/1855/1 2565/1853/1
f 2616/1856/1 2567/1857/1 2566/1855/1
f 2067/1683/5 3802/1858/5 2017/1859/5
f 2618/1768/1 2569/1860/1 2568/1861/1
f 2619/1767/1 2570/1862/1 2569/1860/1
f 2620/1770/1 2571/1863/1 2570/1862/1
f 2621/1772/1 2572/1864/1 2571/1863/1
f 2622/1774/1 2573/1865/1 2572/1864/1
f 2623/1776/1 2574/1866/1 2573/1865/1
f 2624/1778/1 2575/1867/1 2574/1866/1
f 2625/1780/1 2576/1868/1 2575/1867/1
f 2626/1782/1 2577/1869/1 2576/1868/1
f 2627/1784/1 2578/1870/1 2577/1869/1
f 2628/1786/1 2579/1871/1 2578/1870/1
f 2629/1788/1 2580/1872/1 2579/1871/1
f 2630/1790/1 2581/1873/1 2580/1872/1
f 2631/1792/1 2582/1874/1 2581/1873/1
f 2632/1793/1 2583/1875/1 2582/1874/1
f 2633/1794/1 2584/1876/1 2583/1875/1
f 2634/1795/1 2585/1877/1 2584/1876/1
f 2635/1796/1 2586/1878/1 2585/1877/1
f 2237/1879/4 3779/1880/4 2287/1881/4
f 2637/1803/1 2588/1882/1 2587/1883/1
f 2638/1802/1 2589/1884/1 2588/1882/1
f 2639/1805/1 2590/1885/1 2589/1884/1
f 2640/1807/1 2591/1886/1 2590/1885/1
f 2641/1809/1 2592/1887/1 2591/1886/1
f 2642/1811/1 2593/1888/1 2592/1887/1
f 2643/1813/1 2594/1889/1 2593/1888/1
f 2644/1815/1 2595/1890/1 2594/1889/1
f 2645/1817/1 2596/1891/1 2595/1890/1
f 2646/1819/1 2597/1892/1 2596/1891/1
f 2647/1821/1 2598/1893/1 2597/1892/1
f 2648/1823/1 2599/1894/1 2598/1893/1
f 2649/1825/1 2600/1895/1 2599/1894/1
f 2650/1827/1 2601/1896/1 2600/1895/1
f 2651/1829/1 2602/1897/1 2601/1896/1
f 2652/1831/1 2603/1898/1 2602/1897/1
f 2653/1833/1 2604/1899/1 2603/1898/1
f 2654/1835/1 2605/1900/1 2604/1899/1
f 2655/1837/1 2606/704/1 2605/1900/1
f 252/1840/1 2507/1901/1 251/1902/1
f 2557/1839/1 2508/1903/1 2507/1901/1
f 2558/1841/1 2509/1904/1 2508/1903/1
f 2559/1842/1 2510/1905/1 2509/1904/1
f 2560/1843/1 2511/1906/1 2510/1905/1
f 2561/1845/1 2512/1907/1 2511/1906/1
f 2562/1847/1 2513/1908/1 2512/1907/1
f 2563/1849/1 2514/1909/1 2513/1908/1
f 2564/1851/1 2515/1910/1 2514/1909/1
f 2565/1853/1 2516/1911/1 2515/1910/1
f 2566/1855/1 2517/1912/1 2516/1911/1
f 2669/1913/2 3838/1914/2 2670/1691/2
f 2568/1861/1 2519/1915/1 2518/1916/1
f 2569/1860/1 2520/1917/1 2519/1915/1
f 2570/1862/1 2521/1918/1 2520/1917/1
f 2571/1863/1 2522/1919/1 2521/1918/1
f 2572/1864/1 2523/1920/1 2522/1919/1
f 2573/1865/1 2524/1921/1 2523/1920/1
f 2574/1866/1 2525/1922/1 2524/1921/1
f 2575/1867/1 2526/1923/1 2525/1922/1
f 2576/1868/1 2527/1924/1 2526/1923/1
f 2577/1869/1 2528/1925/1 2527/1924/1
f 2578/1870/1 2529/1926/1 2528/1925/1
f 2579/1871/1 2530/1927/1 2529/1926/1
f 2580/1872/1 2531/1928/1 2530/1927/1
f 2581/1873/1 2532/1929/1 2531/1928/1
f 2582/1874/1 2533/1930/1 2532/1929/1
f 2583/1875/1 2534/1931/1 2533/1930/1
f 2584/1876/1 2535/1932/1 2534/1931/1
f 2585/1877/1 2536/1933/1 2535/1932/1
f 2680/1934/3 3794/1935/3 2679/1936/3
f 2587/1883/1 2538/1937/1 2537/1938/1
f 2588/1882/1 2539/1939/1 2538/1937/1
f 2589/1884/1 2540/1940/1 2539/1939/1
f 2590/1885/1 2541/1941/1 2540/1940/1
f 2591/1886/1 2542/1942/1 2541/1941/1
f 2592/1887/1 2543/1943/1 2542/1942/1
f 2593/1888/1 2544/1944/1 2543/1943/1
f 2594/1889/1 2545/1945/1 2544/1944/1
f 2595/1890/1 2546/1946/1 2545/1945/1
f 2596/1891/1 2547/1947/1 2546/1946/1
f 2597/1892/1 2548/1948/1 2547/1947/1
f 2598/1893/1 2549/1949/1 2548/1948/1
f 2599/1894/1 2550/1950/1 2549/1949/1
f 2600/1895/1 2551/1951/1 2550/1950/1
f 2601/1896/1 2552/1952/1 2551/1951/1
f 2602/1897/1 2553/1953/1 2552/1952/1
f 2603/1898/1 2554/1954/1 2553/1953/1
f 2604/1899/1 2555/1955/1 2554/1954/1
f 2605/1900/1 2556/702/1 2555/1955/1
f 251/1902/1 2457/1956/1 250/1957/1
f 2507/1901/1 2458/1958/1 2457/1956/1
f 2508/1903/1 2459/1959/1 2458/1958/1
f 2509/1904/1 2460/1960/1 2459/1959/1
f 2510/1905/1 2461/1961/1 2460/1960/1
f 2511/1906/1 2462/1962/1 2461/1961/1
f 2512/1907/1 2463/1963/1 2462/1962/1
f 2513/1908/1 2464/1964/1 2463/1963/1
f 2514/1909/1 2465/1965/1 2464/1964/1
f 2515/1910/1 2466/1966/1 2465/1965/1
f 2516/1911/1 2467/1967/1 2466/1966/1
f 2722/1765/3 3854/1968/3 2721/1969/3
f 2518/1916/1 2469/1970/1 2468/1971/1
f 2519/1915/1 2470/1972/1 2469/1970/1
f 2520/1917/1 2471/1973/1 2470/1972/1
f 2521/1918/1 2472/1974/1 2471/1973/1
f 2522/1919/1 2473/1975/1 2472/1974/1
f 2523/1920/1 2474/1976/1 2473/1975/1
f 2524/1921/1 2475/1977/1 2474/1976/1
f 2525/1922/1 2476/1978/1 2475/1977/1
f 2526/1923/1 2477/1979/1 2476/1978/1
f 2527/1924/1 2478/1980/1 2477/1979/1
f 2528/1925/1 2479/1981/1 2478/1980/1
f 2529/1926/1 2480/1982/1 2479/1981/1
f 2530/1927/1 2481/1983/1 2480/1982/1
f 2531/1928/1 2482/1984/1 2481/1983/1
f 2532/1929/1 2483/1985/1 2482/1984/1
f 2533/1930/1 2484/1986/1 2483/1985/1
f 2534/1931/1 2485/1987/1 2484/1986/1
f 2535/1932/1 2486/1988/1 2485/1987/1
f 2679/1989/5 3792/1990/5 2636/1991/5
f 2537/1938/1 2488/1992/1 2487/1993/1
f 2538/1937/1 2489/1994/1 2488/1992/1
f 2539/1939/1 2490/1995/1 2489/1994/1
f 2540/1940/1 2491/1996/1 2490/1995/1
f 2541/1941/1 2492/1997/1 2491/1996/1
f 2542/1942/1 2493/1998/1 2492/1997/1
f 2543/1943/1 2494/1999/1 2493/1998/1
f 2544/1944/1 2495/2000/1 2494/1999/1
f 2545/1945/1 2496/2001/1 2495/2000/1
f 2546/1946/1 2497/2002/1 2496/2001/1
f 2547/1947/1 2498/2003/1 2497/2002/1
f 2548/1948/1 2499/2004/1 2498/2003/1
f 2549/1949/1 2500/2005/1 2499/2004/1
f 2550/1950/1 2501/2006/1 2500/2005/1
f 2551/1951/1 2502/2007/1 2501/2006/1
f 2552/1952/1 2503/2008/1 2502/2007/1
f 2553/1953/1 2504/2009/1 2503/2008/1
f 2554/1954/1 2505/2010/1 2504/2009/1
f 2555/1955/1 2506/700/1 2505/2010/1
f 250/1957/1 2407/2011/1 249/2012/1
f 2457/1956/1 2408/2013/1 2407/2011/1
f 2458/1958/1 2409/2014/1 2408/2013/1
f 2459/1959/1 2410/2015/1 2409/2014/1
f 2460/1960/1 2411/2016/1 2410/2015/1
f 2461/1961/1 2412/2017/1 2411/2016/1
f 2462/1962/1 2413/2018/1 2412/2017/1
f 2463/1963/1 2414/2019/1 2413/2018/1
f 2464/1964/1 2415/2020/1 2414/2019/1
f 2465/1965/1 2416/2021/1 2415/2020/1
f 2466/1966/1 2417/2022/1 2416/2021/1
f 2668/2023/2 3837/2024/2 2669/1913/2
f 2468/1971/1 2419/2025/1 2418/2026/1
f 2469/1970/1 2420/2027/1 2419/2025/1
f 2470/1972/1 2421/2028/1 2420/2027/1
f 2471/1973/1 2422/2029/1 2421/2028/1
f 2472/1974/1 2423/2030/1 2422/2029/1
f 2473/1975/1 2424/2031/1 2423/2030/1
f 2474/1976/1 2425/2032/1 2424/2031/1
f 2475/1977/1 2426/2033/1 2425/2032/1
f 2476/1978/1 2427/2034/1 2426/2033/1
f 2477/1979/1 2428/2035/1 2427/2034/1
f 2478/1980/1 2429/2036/1 2428/2035/1
f 2479/1981/1 2430/2037/1 2429/2036/1
f 2480/1982/1 2431/2038/1 2430/2037/1
f 2481/1983/1 2432/2039/1 2431/2038/1
f 2482/1984/1 2433/2040/1 2432/2039/1
f 2483/1985/1 2434/2041/1 2433/2040/1
f 2484/1986/1 2435/2042/1 2434/2041/1
f 2485/1987/1 2436/2043/1 2435/2042/1
f 2286/2044/5 3776/2045/5 2236/2046/5
f 2487/1993/1 2438/2047/1 2437/2048/1
f 2488/1992/1 2439/2049/1 2438/2047/1
f 2489/1994/1 2440/2050/1 2439/2049/1
f 2490/1995/1 2441/2051/1 2440/2050/1
f 2491/1996/1 2442/2052/1 2441/2051/1
f 2492/1997/1 2443/2053/1 2442/2052/1
f 2493/1998/1 2444/2054/1 2443/2053/1
f 2494/1999/1 2445/2055/1 2444/2054/1
f 2495/2000/1 2446/2056/1 2445/2055/1
f 2496/2001/1 2447/2057/1 2446/2056/1
f 2497/2002/1 2448/2058/1 2447/2057/1
f 2498/2003/1 2449/2059/1 2448/2058/1
f 2499/2004/1 2450/2060/1 2449/2059/1
f 2500/2005/1 2451/2061/1 2450/2060/1
f 2501/2006/1 2452/2062/1 2451/2061/1
f 2502/2007/1 2453/2063/1 2452/2062/1
f 2503/2008/1 2454/2064/1 2453/2063/1
f 2504/2009/1 2455/2065/1 2454/2064/1
f 2505/2010/1 2456/698/1 2455/2065/1
f 249/2012/1 2357/2066/1 248/2067/1
f 2407/2011/1 2358/2068/1 2357/2066/1
f 2408/2013/1 2359/2069/1 2358/2068/1
f 2409/2014/1 2360/2070/1 2359/2069/1
f 2410/2015/1 2361/2071/1 2360/2070/1
f 2411/2016/1 2362/2072/1 2361/2071/1
f 2412/2017/1 2363/2073/1 2362/2072/1
f 2413/2018/1 2364/2074/1 2363/2073/1
f 2414/2019/1 2365/2075/1 2364/2074/1
f 2415/2020/1 2366/2076/1 2365/2075/1
f 2416/2021/1 2367/2077/1 2366/2076/1
f 1968/2078/4 3803/2079/4 2018/1689/4
f 2418/2026/1 2369/2080/1 2368/2081/1
f 2419/2025/1 2370/2082/1 2369/2080/1
f 2420/2027/1 2371/2083/1 2370/2082/1
f 2421/2028/1 2372/2084/1 2371/2083/1
f 2422/2029/1 2373/2085/1 2372/2084/1
f 2423/2030/1 2374/2086/1 2373/2085/1
f 2132/2087/4 3863/2088/4 2182/2089/4
f 2425/2032/1 2376/2090/1 2375/2091/1
f 2426/2033/1 2377/2092/1 2376/2090/1
f 2427/2034/1 2378/2093/1 2377/2092/1
f 2428/2035/1 2379/2094/1 2378/2093/1
f 2429/2036/1 2380/2095/1 2379/2094/1
f 2430/2037/1 2381/2096/1 2380/2095/1
f 2431/2038/1 2382/2097/1 2381/2096/1
f 2432/2039/1 2383/2098/1 2382/2097/1
f 2433/2040/1 2384/2099/1 2383/2098/1
f 2434/2041/1 2385/2100/1 2384/2099/1
f 2435/2042/1 2386/2101/1 2385/2100/1
f 2037/2102/4 3771/2103/4 2087/2104/4
f 2437/2048/1 2388/2105/1 2387/2106/1
f 2438/2047/1 2389/2107/1 2388/2105/1
f 2439/2049/1 2390/2108/1 2389/2107/1
f 2440/2050/1 2391/2109/1 2390/2108/1
f 2441/2051/1 2392/2110/1 2391/2109/1
f 2442/2052/1 2393/2111/1 2392/2110/1
f 2443/2053/1 2394/2112/1 2393/2111/1
f 2444/2054/1 2395/2113/1 2394/2112/1
f 2445/2055/1 2396/2114/1 2395/2113/1
f 2446/2056/1 2397/2115/1 2396/2114/1
f 2447/2057/1 2398/2116/1 2397/2115/1
f 2448/2058/1 2399/2117/1 2398/2116/1
f 2449/2059/1 2400/2118/1 2399/2117/1
f 2400/2119/5 3714/2120/5 2350/2121/5
f 2451/2061/1 2402/2122/1 2401/2123/1
f 2452/2062/1 2403/2124/1 2402/2122/1
f 2453/2063/1 2404/2125/1 2403/2124/1
f 2454/2064/1 2405/2126/1 2404/2125/1
f 2455/2065/1 2406/696/1 2405/2126/1
f 248/2067/1 2307/2127/1 247/2128/1
f 2357/2066/1 2308/2129/1 2307/2127/1
f 2358/2068/1 2309/2130/1 2308/2129/1
f 2359/2069/1 2310/2131/1 2309/2130/1
f 2360/2070/1 2311/2132/1 2310/2131/1
f 2361/2071/1 2312/2133/1 2311/2132/1
f 2362/2072/1 2313/2134/1 2312/2133/1
f 2363/2073/1 2314/2135/1 2313/2134/1
f 2364/2074/1 2315/2136/1 2314/2135/1
f 2365/2075/1 2316/2137/1 2315/2136/1
f 2366/2076/1 2317/2138/1 2316/2137/1
f 2721/1969/3 3853/2139/3 2720/2140/3
f 2368/2081/1 2319/2141/1 2318/2142/1
f 2369/2080/1 2320/2143/1 2319/2141/1
f 2370/2082/1 2321/2144/1 2320/2143/1
f 2371/2083/1 2322/2145/1 2321/2144/1
f 2372/2084/1 2323/2146/1 2322/2145/1
f 2373/2085/1 2324/2147/1 2323/2146/1
f 2326/2148/3 3877/2149/3 2325/2150/3
f 2375/2091/1 2326/2151/1 2325/2152/1
f 2376/2090/1 2327/2153/1 2326/2151/1
f 2377/2092/1 2328/2154/1 2327/2153/1
f 2378/2093/1 2329/2155/1 2328/2154/1
f 2379/2094/1 2330/2156/1 2329/2155/1
f 2380/2095/1 2331/2157/1 2330/2156/1
f 2381/2096/1 2332/2158/1 2331/2157/1
f 2382/2097/1 2333/2159/1 2332/2158/1
f 2383/2098/1 2334/2160/1 2333/2159/1
f 2384/2099/1 2335/2161/1 2334/2160/1
f 2385/2100/1 2336/2162/1 2335/2161/1
f 2086/2163/5 3768/2164/5 2036/2165/5
f 2387/2106/1 2338/2166/1 2337/2167/1
f 2388/2105/1 2339/2168/1 2338/2166/1
f 2389/2107/1 2340/2169/1 2339/2168/1
f 2390/2108/1 2341/2170/1 2340/2169/1
f 2391/2109/1 2342/2171/1 2341/2170/1
f 2392/2110/1 2343/2172/1 2342/2171/1
f 2393/2111/1 2344/2173/1 2343/2172/1
f 2394/2112/1 2345/2174/1 2344/2173/1
f 2395/2113/1 2346/2175/1 2345/2174/1
f 2396/2114/1 2347/2176/1 2346/2175/1
f 2397/2115/1 2348/2177/1 2347/2176/1
f 2398/2116/1 2349/2178/1 2348/2177/1
f 2399/2117/1 2350/2179/1 2349/2178/1
f 2451/2180/3 3718/2181/3 2450/2182/3
f 2401/2123/1 2352/2183/1 2351/2184/1
f 2402/2122/1 2353/2185/1 2352/2183/1
f 2403/2124/1 2354/2186/1 2353/2185/1
f 2404/2125/1 2355/2187/1 2354/2186/1
f 2405/2126/1 2356/694/1 2355/2187/1
f 3977/2188/1 2209/2189/1 2210/2190/1
f 3976/2191/1 2210/2190/1 2211/2192/1
f 2307/2193/3 3939/2194/3 247/1749/3
f 2158/2195/2 3942/2196/2 2159/2197/2
f 2314/2198/3 3970/2199/3 2313/2200/3
f 247/2201/5 3938/2202/5 246/2203/5
f 2157/2204/2 3941/2205/2 2158/2195/2
f 2313/2200/3 3969/2206/3 2312/2207/3
f 2314/2135/1 2265/2208/1 2264/2209/1
f 2315/2136/1 2266/2210/1 2265/2208/1
f 2316/2137/1 2267/2211/1 2266/2210/1
f 2667/2212/2 3836/2213/2 2668/2023/2
f 2318/2142/1 2269/2214/1 2268/2215/1
f 2319/2141/1 2270/2216/1 2269/2214/1
f 2320/2143/1 2271/2217/1 2270/2216/1
f 2321/2144/1 2272/2218/1 2271/2217/1
f 2322/2145/1 2273/2219/1 2272/2218/1
f 2323/2146/1 2274/2220/1 2273/2219/1
f 2181/2221/5 3860/2222/5 2131/2223/5
f 2230/2224/2 3865/2225/2 2231/2226/2
f 2375/2227/4 3887/2228/4 2425/2229/4
f 2424/2230/5 3884/2231/5 2374/2232/5
f 2081/2233/2 3859/2234/2 2082/2235/2
f 2281/2236/4 3883/2237/4 2331/2238/4
f 2082/2239/4 3861/2240/4 2132/2087/4
f 2333/2241/3 3895/2242/3 2332/2243/3
f 2286/2244/4 3899/2245/4 2336/2246/4
f 2284/2247/2 3892/2248/2 2285/2249/2
f 2336/2250/3 3898/2251/3 2335/2252/3
f 2332/2243/3 3894/2253/3 2331/2254/3
f 2387/2255/4 3785/2256/4 2437/2257/4
f 2337/2167/1 2288/2258/1 2287/2259/1
f 2338/2166/1 2289/2260/1 2288/2258/1
f 2339/2168/1 2290/2261/1 2289/2260/1
f 2340/2169/1 2291/2262/1 2290/2261/1
f 2341/2170/1 2292/2263/1 2291/2262/1
f 2342/2171/1 2293/2264/1 2292/2263/1
f 2343/2172/1 2294/2265/1 2293/2264/1
f 2344/2173/1 2295/2266/1 2294/2265/1
f 2345/2174/1 2296/2267/1 2295/2266/1
f 2346/2175/1 2297/2268/1 2296/2267/1
f 2347/2176/1 2298/2269/1 2297/2268/1
f 2348/2177/1 2299/2270/1 2298/2269/1
f 2349/2178/1 2300/2271/1 2299/2270/1
f 2101/2272/4 3707/2273/4 2151/2274/4
f 2351/2184/1 2302/2275/1 2301/2276/1
f 2352/2183/1 2303/2277/1 2302/2275/1
f 2353/2185/1 2304/2278/1 2303/2277/1
f 2354/2186/1 2305/2279/1 2304/2278/1
f 2355/2187/1 2306/692/1 2305/2279/1
f 2164/982/4 3955/2280/4 2214/2281/4
f 246/2203/5 3937/2282/5 245/2283/5
f 244/2284/2 3940/2285/2 2157/2204/2
f 2163/2286/2 3947/2287/2 2164/2288/2
f 2312/2207/3 3968/2289/3 2311/2290/3
f 245/2283/5 3936/2291/5 244/2198/5
f 2162/2292/2 3946/2293/2 2163/2286/2
f 2311/2290/3 3967/2294/3 2310/2295/3
f 2264/2209/1 2215/2296/1 2214/2297/1
f 2265/2208/1 2216/2298/1 2215/2296/1
f 2266/2210/1 2217/2299/1 2216/2298/1
f 2017/1859/5 3800/2300/5 1967/2301/5
f 2268/2215/1 2219/2302/1 2218/2303/1
f 2269/2214/1 2220/2304/1 2219/2302/1
f 2270/2216/1 2221/2305/1 2220/2304/1
f 2271/2217/1 2222/2306/1 2221/2305/1
f 2272/2218/1 2223/2307/1 2222/2306/1
f 2273/2219/1 2224/2308/1 2223/2307/1
f 2274/2220/1 2225/2309/1 2224/2308/1
f 2275/2310/1 2226/2311/1 2225/2309/1
f 2276/2312/1 2227/2313/1 2226/2311/1
f 2277/2314/1 2228/2315/1 2227/2313/1
f 2278/2316/1 2229/2317/1 2228/2315/1
f 2279/2318/1 2230/2319/1 2229/2317/1
f 2282/2320/3 3874/2321/3 2281/2322/3
f 2131/2223/5 3858/2323/5 2081/2324/5
f 2282/2325/1 2233/2326/1 2232/2327/1
f 2283/2328/1 2234/2329/1 2233/2326/1
f 2284/2330/1 2235/2331/1 2234/2329/1
f 2285/2332/1 2236/2333/1 2235/2331/1
f 2587/2334/4 3793/2335/4 2637/2336/4
f 2287/2259/1 2238/2337/1 2237/2338/1
f 2288/2258/1 2239/2339/1 2238/2337/1
f 2289/2260/1 2240/2340/1 2239/2339/1
f 2290/2261/1 2241/2341/1 2240/2340/1
f 2291/2262/1 2242/2342/1 2241/2341/1
f 2292/2263/1 2243/2343/1 2242/2342/1
f 2293/2264/1 2244/2344/1 2243/2343/1
f 2294/2265/1 2245/2345/1 2244/2344/1
f 2295/2266/1 2246/2346/1 2245/2345/1
f 2296/2267/1 2247/2347/1 2246/2346/1
f 2297/2268/1 2248/2348/1 2247/2347/1
f 2298/2269/1 2249/2349/1 2248/2348/1
f 2299/2270/1 2250/2350/1 2249/2349/1
f 2301/2351/4 3715/2352/4 2351/2353/4
f 2301/2276/1 2252/2354/1 2251/2355/1
f 2302/2275/1 2253/2356/1 2252/2354/1
f 2303/2277/1 2254/2357/1 2253/2356/1
f 2304/2278/1 2255/2358/1 2254/2357/1
f 2305/2279/1 2256/690/1 2255/2358/1
f 2161/2359/2 3945/2360/2 2162/2292/2
f 2310/2295/3 3966/2361/3 2309/2362/3
f 2264/2363/4 3971/2364/4 2314/2239/4
f 2160/2365/2 3944/2366/2 2161/2359/2
f 2309/2362/3 3965/2367/3 2308/2368/3
f 2159/2197/2 3943/2369/2 2160/2365/2
f 2308/2368/3 3964/2370/3 2307/2193/3
f 2214/2281/4 3963/2371/4 2264/2363/4
f 2214/2297/1 2165/2372/1 2164/2373/1
f 2215/2296/1 2166/2374/1 2165/2372/1
f 2216/2298/1 2167/2375/1 2166/2374/1
f 2720/2140/3 3852/2376/3 2719/2377/3
f 2218/2303/1 2169/2378/1 2168/2379/1
f 2219/2302/1 2170/2380/1 2169/2378/1
f 2220/2304/1 2171/2381/1 2170/2380/1
f 2221/2305/1 2172/2382/1 2171/2381/1
f 2222/2306/1 2173/2383/1 2172/2382/1
f 2223/2307/1 2174/2384/1 2173/2383/1
f 2224/2308/1 2175/2385/1 2174/2384/1
f 2225/2309/1 2176/2386/1 2175/2385/1
f 2226/2311/1 2177/2387/1 2176/2386/1
f 2227/2313/1 2178/2388/1 2177/2387/1
f 2228/2315/1 2179/2389/1 2178/2388/1
f 2229/2317/1 2180/2390/1 2179/2389/1
f 2230/2319/1 2181/2391/1 2180/2390/1
f 2325/2392/4 3885/2393/4 2375/2227/4
f 2232/2327/1 2183/2394/1 2182/2395/1
f 2233/2326/1 2184/2396/1 2183/2394/1
f 2234/2329/1 2185/2397/1 2184/2396/1
f 2235/2331/1 2186/2398/1 2185/2397/1
f 2187/2399/4 3777/2400/4 2237/1879/4
f 2237/2338/1 2188/2401/1 2187/2402/1
f 2238/2337/1 2189/2403/1 2188/2401/1
f 2239/2339/1 2190/2404/1 2189/2403/1
f 2240/2340/1 2191/2405/1 2190/2404/1
f 2241/2341/1 2192/2406/1 2191/2405/1
f 2242/2342/1 2193/2407/1 2192/2406/1
f 2243/2343/1 2194/2408/1 2193/2407/1
f 2244/2344/1 2195/2409/1 2194/2408/1
f 2245/2345/1 2196/2410/1 2195/2409/1
f 2246/2346/1 2197/2411/1 2196/2410/1
f 2247/2347/1 2198/2412/1 2197/2411/1
f 2248/2348/1 2199/2413/1 2198/2412/1
f 2249/2349/1 2200/2414/1 2199/2413/1
f 2150/2415/5 3704/2416/5 2100/2417/5
f 2251/2355/1 2202/2418/1 2201/2419/1
f 2252/2354/1 2203/2420/1 2202/2418/1
f 2253/2356/1 2204/2421/1 2203/2420/1
f 2254/2357/1 2205/2422/1 2204/2421/1
f 2255/2358/1 2206/688/1 2205/2422/1
f 244/2423/1 2107/2424/1 243/2425/1
f 2157/2426/1 2108/2427/1 2107/2424/1
f 2158/2428/1 2109/2429/1 2108/2427/1
f 2159/2430/1 2110/2431/1 2109/2429/1
f 2160/2432/1 2111/2433/1 2110/2431/1
f 2161/2434/1 2112/2435/1 2111/2433/1
f 2162/2436/1 2113/2437/1 2112/2435/1
f 2163/2438/1 2114/2439/1 2113/2437/1
f 2164/2373/1 2115/2440/1 2114/2439/1
f 2165/2372/1 2116/2441/1 2115/2440/1
f 2166/2374/1 2117/2442/1 2116/2441/1
f 2666/2443/2 3835/2444/2 2667/2212/2
f 2168/2379/1 2119/2445/1 2118/2446/1
f 2169/2378/1 2120/2447/1 2119/2445/1
f 2170/2380/1 2121/2448/1 2120/2447/1
f 2171/2381/1 2122/2449/1 2121/2448/1
f 2172/2382/1 2123/2450/1 2122/2449/1
f 2173/2383/1 2124/2451/1 2123/2450/1
f 2174/2384/1 2125/2452/1 2124/2451/1
f 2175/2385/1 2126/2453/1 2125/2452/1
f 2176/2386/1 2127/2454/1 2126/2453/1
f 2177/2387/1 2128/2455/1 2127/2454/1
f 2178/2388/1 2129/2456/1 2128/2455/1
f 2179/2389/1 2130/2457/1 2129/2456/1
f 2180/2390/1 2131/2458/1 2130/2457/1
f 2232/2459/4 3875/2460/4 2282/2250/4
f 2182/2395/1 2133/2461/1 2132/2462/1
f 2183/2394/1 2134/2463/1 2133/2461/1
f 2184/2396/1 2135/2464/1 2134/2463/1
f 2185/2397/1 2136/2465/1 2135/2464/1
f 2436/1800/5 3782/2466/5 2386/2467/5
f 2187/2402/1 2138/2468/1 2137/2469/1
f 2188/2401/1 2139/2470/1 2138/2468/1
f 2189/2403/1 2140/2471/1 2139/2470/1
f 2190/2404/1 2141/2472/1 2140/2471/1
f 2191/2405/1 2142/2473/1 2141/2472/1
f 2192/2406/1 2143/2474/1 2142/2473/1
f 2193/2407/1 2144/2475/1 2143/2474/1
f 2194/2408/1 2145/2476/1 2144/2475/1
f 2195/2409/1 2146/2477/1 2145/2476/1
f 2196/2410/1 2147/2478/1 2146/2477/1
f 2197/2411/1 2148/2479/1 2147/2478/1
f 2198/2412/1 2149/2480/1 2148/2479/1
f 2199/2413/1 2150/2481/1 2149/2480/1
f 2350/2121/5 3712/2482/5 2300/2483/5
f 2201/2419/1 2152/2484/1 2151/2485/1
f 2202/2418/1 2153/2486/1 2152/2484/1
f 2203/2420/1 2154/2487/1 2153/2486/1
f 2204/2421/1 2155/2488/1 2154/2487/1
f 2205/2422/1 2156/686/1 2155/2488/1
f 243/2425/1 2057/2489/1 242/2490/1
f 2107/2424/1 2058/2491/1 2057/2489/1
f 2108/2427/1 2059/2492/1 2058/2491/1
f 2109/2429/1 2060/2493/1 2059/2492/1
f 2110/2431/1 2061/2494/1 2060/2493/1
f 2111/2433/1 2062/2495/1 2061/2494/1
f 2112/2435/1 2063/2496/1 2062/2495/1
f 2113/2437/1 2064/2497/1 2063/2496/1
f 2114/2439/1 2065/2498/1 2064/2497/1
f 2115/2440/1 2066/2499/1 2065/2498/1
f 2116/2441/1 2067/2500/1 2066/2499/1
f 2468/2501/4 3823/2502/4 2518/2503/4
f 2118/2446/1 2069/2504/1 2068/2505/1
f 2119/2445/1 2070/2506/1 2069/2504/1
f 2120/2447/1 2071/2507/1 2070/2506/1
f 2121/2448/1 2072/2508/1 2071/2507/1
f 2122/2449/1 2073/2509/1 2072/2508/1
f 2123/2450/1 2074/2510/1 2073/2509/1
f 2124/2451/1 2075/2511/1 2074/2510/1
f 2125/2452/1 2076/2512/1 2075/2511/1
f 2126/2453/1 2077/2513/1 2076/2512/1
f 2127/2454/1 2078/2514/1 2077/2513/1
f 2128/2455/1 2079/2515/1 2078/2514/1
f 2129/2456/1 2080/2516/1 2079/2515/1
f 2130/2457/1 2081/2517/1 2080/2516/1
f 2279/1722/2 3873/2518/2 2280/1731/2
f 2132/2462/1 2083/2519/1 2082/2520/1
f 2133/2461/1 2084/2521/1 2083/2519/1
f 2134/2463/1 2085/2522/1 2084/2521/1
f 2135/2464/1 2086/2523/1 2085/2522/1
f 2636/1991/5 3790/2524/5 2586/2525/5
f 2137/2469/1 2088/2526/1 2087/2527/1
f 2138/2468/1 2089/2528/1 2088/2526/1
f 2139/2470/1 2090/2529/1 2089/2528/1
f 2140/2471/1 2091/2530/1 2090/2529/1
f 2141/2472/1 2092/2531/1 2091/2530/1
f 2142/2473/1 2093/2532/1 2092/2531/1
f 2143/2474/1 2094/2533/1 2093/2532/1
f 2144/2475/1 2095/2534/1 2094/2533/1
f 2145/2476/1 2096/2535/1 2095/2534/1
f 2146/2477/1 2097/2536/1 2096/2535/1
f 2147/2478/1 2098/2537/1 2097/2536/1
f 2148/2479/1 2099/2538/1 2098/2537/1
f 2149/2480/1 2100/2539/1 2099/2538/1
f 2051/2540/4 3705/2541/4 2101/2272/4
f 2151/2485/1 2102/2542/1 2101/2543/1
f 2152/2484/1 2103/2544/1 2102/2542/1
f 2153/2486/1 2104/2545/1 2103/2544/1
f 2154/2487/1 2105/2546/1 2104/2545/1
f 2155/2488/1 2106/684/1 2105/2546/1
f 242/2490/1 2007/2547/1 241/2548/1
f 2057/2489/1 2008/2549/1 2007/2547/1
f 2058/2491/1 2009/2550/1 2008/2549/1
f 2059/2492/1 2010/2551/1 2009/2550/1
f 2060/2493/1 2011/2552/1 2010/2551/1
f 2061/2494/1 2012/2553/1 2011/2552/1
f 2062/2495/1 2013/2554/1 2012/2553/1
f 2063/2496/1 2014/2555/1 2013/2554/1
f 2064/2497/1 2015/2556/1 2014/2555/1
f 2065/2498/1 2016/2557/1 2015/2556/1
f 2066/2499/1 2017/2558/1 2016/2557/1
f 2719/2377/3 3851/2559/3 2718/2560/3
f 2068/2505/1 2019/2561/1 2018/2562/1
f 2069/2504/1 2020/2563/1 2019/2561/1
f 2070/2506/1 2021/2564/1 2020/2563/1
f 2071/2507/1 2022/2565/1 2021/2564/1
f 2072/2508/1 2023/2566/1 2022/2565/1
f 2073/2509/1 2024/2567/1 2023/2566/1
f 2074/2510/1 2025/2568/1 2024/2567/1
f 2075/2511/1 2026/2569/1 2025/2568/1
f 2076/2512/1 2027/2570/1 2026/2569/1
f 2077/2513/1 2028/2571/1 2027/2570/1
f 2078/2514/1 2029/2572/1 2028/2571/1
f 2079/2515/1 2030/2573/1 2029/2572/1
f 2080/2516/1 2031/2574/1 2030/2573/1
f 2081/2517/1 2032/2575/1 2031/2574/1
f 2082/2520/1 2033/2576/1 2032/2575/1
f 2083/2519/1 2034/2577/1 2033/2576/1
f 2084/2521/1 2035/2578/1 2034/2577/1
f 2085/2522/1 2036/2579/1 2035/2578/1
f 2236/2046/5 3774/2580/5 2186/2581/5
f 2087/2527/1 2038/2582/1 2037/2583/1
f 2088/2526/1 2039/2584/1 2038/2582/1
f 2089/2528/1 2040/2585/1 2039/2584/1
f 2090/2529/1 2041/2586/1 2040/2585/1
f 2091/2530/1 2042/2587/1 2041/2586/1
f 2092/2531/1 2043/2588/1 2042/2587/1
f 2093/2532/1 2044/2589/1 2043/2588/1
f 2094/2533/1 2045/2590/1 2044/2589/1
f 2095/2534/1 2046/2591/1 2045/2590/1
f 2096/2535/1 2047/2592/1 2046/2591/1
f 2097/2536/1 2048/2593/1 2047/2592/1
f 2098/2537/1 2049/2594/1 2048/2593/1
f 2099/2538/1 2050/2595/1 2049/2594/1
f 2251/2596/4 3713/2597/4 2301/2351/4
f 2101/2543/1 2052/2598/1 2051/2599/1
f 2102/2542/1 2053/2600/1 2052/2598/1
f 2103/2544/1 2054/2601/1 2053/2600/1
f 2104/2545/1 2055/2602/1 2054/2601/1
f 2105/2546/1 2056/682/1 2055/2602/1
f 241/2548/1 1957/2603/1 240/2604/1
f 2007/2547/1 1958/2605/1 1957/2603/1
f 2008/2549/1 1959/2606/1 1958/2605/1
f 2009/2550/1 1960/2607/1 1959/2606/1
f 2010/2551/1 1961/2608/1 1960/2607/1
f 2011/2552/1 1962/2609/1 1961/2608/1
f 2012/2553/1 1963/2610/1 1962/2609/1
f 2013/2554/1 1964/2611/1 1963/2610/1
f 2014/2555/1 1965/2612/1 1964/2611/1
f 2015/2556/1 1966/2613/1 1965/2612/1
f 2016/2557/1 1967/2614/1 1966/2613/1
f 1918/2615/4 3801/2616/4 1968/2078/4
f 2018/2562/1 1969/2617/1 1968/2618/1
f 2019/2561/1 1970/2619/1 1969/2617/1
f 2020/2563/1 1971/2620/1 1970/2619/1
f 2021/2564/1 1972/2621/1 1971/2620/1
f 2022/2565/1 1973/2622/1 1972/2621/1
f 2023/2566/1 1974/2623/1 1973/2622/1
f 2024/2567/1 1975/2624/1 1974/2623/1
f 2025/2568/1 1976/2625/1 1975/2624/1
f 2026/2569/1 1977/2626/1 1976/2625/1
f 2027/2570/1 1978/2627/1 1977/2626/1
f 2028/2571/1 1979/2628/1 1978/2627/1
f 2029/2572/1 1980/2629/1 1979/2628/1
f 2030/2573/1 1981/2630/1 1980/2629/1
f 2031/2574/1 1982/2631/1 1981/2630/1
f 2032/2575/1 1983/2632/1 1982/2631/1
f 2033/2576/1 1984/2633/1 1983/2632/1
f 2034/2577/1 1985/2634/1 1984/2633/1
f 2035/2578/1 1986/2635/1 1985/2634/1
f 1987/2636/4 3769/2637/4 2037/2102/4
f 2037/2583/1 1988/2638/1 1987/2639/1
f 2038/2582/1 1989/2640/1 1988/2638/1
f 2039/2584/1 1990/2641/1 1989/2640/1
f 2040/2585/1 1991/2642/1 1990/2641/1
f 2041/2586/1 1992/2643/1 1991/2642/1
f 2042/2587/1 1993/2644/1 1992/2643/1
f 2043/2588/1 1994/2645/1 1993/2644/1
f 2044/2589/1 1995/2646/1 1994/2645/1
f 2045/2590/1 1996/2647/1 1995/2646/1
f 2046/2591/1 1997/2648/1 1996/2647/1
f 2047/2592/1 1998/2649/1 1997/2648/1
f 2048/2593/1 1999/2650/1 1998/2649/1
f 2049/2594/1 2000/2651/1 1999/2650/1
f 2100/2417/5 3702/2652/5 2050/2653/5
f 2051/2599/1 2002/2654/1 2001/2655/1
f 2052/2598/1 2003/2656/1 2002/2654/1
f 2053/2600/1 2004/2657/1 2003/2656/1
f 2054/2601/1 2005/2658/1 2004/2657/1
f 2055/2602/1 2006/680/1 2005/2658/1
f 240/2604/1 1907/2659/1 239/2660/1
f 1957/2603/1 1908/2661/1 1907/2659/1
f 1958/2605/1 1909/2662/1 1908/2661/1
f 1959/2606/1 1910/2663/1 1909/2662/1
f 1960/2607/1 1911/2664/1 1910/2663/1
f 1961/2608/1 1912/2665/1 1911/2664/1
f 1962/2609/1 1913/2666/1 1912/2665/1
f 1963/2610/1 1914/2667/1 1913/2666/1
f 1964/2611/1 1915/2668/1 1914/2667/1
f 1965/2612/1 1916/2669/1 1915/2668/1
f 1966/2613/1 1917/2670/1 1916/2669/1
f 2710/2671/5 3828/2672/5 2660/2673/5
f 1968/2618/1 1919/2674/1 1918/2675/1
f 1969/2617/1 1920/2676/1 1919/2674/1
f 1970/2619/1 1921/2677/1 1920/2676/1
f 1971/2620/1 1922/2678/1 1921/2677/1
f 1972/2621/1 1923/2679/1 1922/2678/1
f 1973/2622/1 1924/2680/1 1923/2679/1
f 1974/2623/1 1925/2681/1 1924/2680/1
f 1975/2624/1 1926/2682/1 1925/2681/1
f 1976/2625/1 1927/2683/1 1926/2682/1
f 1977/2626/1 1928/2684/1 1927/2683/1
f 1978/2627/1 1929/2685/1 1928/2684/1
f 1979/2628/1 1930/2686/1 1929/2685/1
f 1980/2629/1 1931/2687/1 1930/2686/1
f 1981/2630/1 1932/2688/1 1931/2687/1
f 1982/2631/1 1933/2689/1 1932/2688/1
f 1983/2632/1 1934/2690/1 1933/2689/1
f 1984/2633/1 1935/2691/1 1934/2690/1
f 1985/2634/1 1936/2692/1 1935/2691/1
f 2537/2693/4 3791/2694/4 2587/2334/4
f 1987/2639/1 1938/2695/1 1937/2696/1
f 1988/2638/1 1939/2697/1 1938/2695/1
f 1989/2640/1 1940/2698/1 1939/2697/1
f 1990/2641/1 1941/2699/1 1940/2698/1
f 1991/2642/1 1942/2700/1 1941/2699/1
f 1992/2643/1 1943/2701/1 1942/2700/1
f 1993/2644/1 1944/2702/1 1943/2701/1
f 1994/2645/1 1945/2703/1 1944/2702/1
f 1995/2646/1 1946/2704/1 1945/2703/1
f 1996/2647/1 1947/2705/1 1946/2704/1
f 1997/2648/1 1948/2706/1 1947/2705/1
f 1998/2649/1 1949/2707/1 1948/2706/1
f 1999/2650/1 1950/2708/1 1949/2707/1
f 2300/2483/5 3710/2709/5 2250/2710/5
f 2001/2655/1 1952/2711/1 1951/2712/1
f 2002/2654/1 1953/2713/1 1952/2711/1
f 2003/2656/1 1954/2714/1 1953/2713/1
f 2004/2657/1 1955/2715/1 1954/2714/1
f 2005/2658/1 1956/678/1 1955/2715/1
f 239/2660/1 1857/2716/1 238/2717/1
f 1907/2659/1 1858/2718/1 1857/2716/1
f 1908/2661/1 1859/2719/1 1858/2718/1
f 1909/2662/1 1860/2720/1 1859/2719/1
f 1910/2663/1 1861/2721/1 1860/2720/1
f 1911/2664/1 1862/2722/1 1861/2721/1
f 1912/2665/1 1863/2723/1 1862/2722/1
f 1913/2666/1 1864/2724/1 1863/2723/1
f 1914/2667/1 1865/2725/1 1864/2724/1
f 1915/2668/1 1866/2726/1 1865/2725/1
f 1916/2669/1 1867/2727/1 1866/2726/1
f 2665/2728/2 3834/2729/2 2666/2443/2
f 1918/2675/1 1869/2730/1 1868/2731/1
f 1919/2674/1 1870/2732/1 1869/2730/1
f 1920/2676/1 1871/2733/1 1870/2732/1
f 1921/2677/1 1872/2734/1 1871/2733/1
f 1922/2678/1 1873/2735/1 1872/2734/1
f 1925/2736/3 3663/2737/3 1924/2738/3
f 1938/2739/3 3676/2740/3 1937/2741/3
f 1923/2742/5 3644/2743/5 1873/2744/5
f 1883/2745/2 3655/2746/2 1884/2747/2
f 1924/2738/3 3662/2748/3 1923/2749/3
f 1937/2741/3 3675/2750/3 1936/2751/3
f 1882/2752/2 3654/2753/2 1883/2745/2
f 1936/2751/3 3674/2754/3 1935/2755/3
f 1881/2756/2 3653/2757/2 1882/2752/2
f 1935/2755/3 3673/2758/3 1934/2759/3
f 1880/2760/2 3652/2761/2 1881/2756/2
f 1934/2759/3 3672/2762/3 1933/2763/3
f 1879/2764/2 3651/2765/2 1880/2760/2
f 1933/2763/3 3671/2766/3 1932/2767/3
f 1878/2768/2 3650/2769/2 1879/2764/2
f 1932/2767/3 3670/2770/3 1931/2771/3
f 1877/2772/2 3649/2773/2 1878/2768/2
f 1940/2698/1 1891/2774/1 1890/2775/1
f 1941/2699/1 1892/2776/1 1891/2774/1
f 1942/2700/1 1893/2777/1 1892/2776/1
f 1943/2701/1 1894/2778/1 1893/2777/1
f 1947/2779/3 3634/2780/3 1946/2781/3
f 1894/2782/2 3621/2783/2 1895/2784/2
f 1954/2785/3 3641/2786/3 1953/2787/3
f 1901/2788/2 3628/2789/2 1902/2790/2
f 1946/2781/3 3633/2791/3 1945/2792/3
f 1953/2787/3 3640/2793/3 1952/2794/3
f 1900/2795/2 3627/2796/2 1901/2788/2
f 1945/2792/3 3632/2797/3 1944/2798/3
f 1952/2794/3 3639/2799/3 1951/2800/3
f 1899/2801/2 3626/2802/2 1900/2795/2
f 1905/2803/4 3643/2804/4 1955/1087/4
f 1955/2715/1 1906/676/1 1905/2805/1
f 238/2717/1 1807/2806/1 237/2807/1
f 1857/2716/1 1808/2808/1 1807/2806/1
f 1858/2718/1 1809/2809/1 1808/2808/1
f 1859/2719/1 1810/2810/1 1809/2809/1
f 1866/2811/3 3694/2200/3 1865/2812/3
f 1813/2813/2 3684/2814/2 1814/2815/2
f 1865/2812/3 3693/2207/3 1864/2816/3
f 1812/711/2 3683/2817/2 1813/2813/2
f 1864/2816/3 3692/2290/3 1863/2818/3
f 1811/1712/2 3682/2819/2 1812/711/2
f 1863/2818/3 3691/2295/3 1862/2820/3
f 1810/1718/2 3681/2821/2 1811/1712/2
f 1868/2731/1 1819/2822/1 1818/2823/1
f 1869/2730/1 1820/2824/1 1819/2822/1
f 1870/2732/1 1821/2825/1 1820/2824/1
f 1871/2733/1 1822/2826/1 1821/2825/1
f 1872/2734/1 1823/2827/1 1822/2826/1
f 1873/2735/1 1824/2828/1 1823/2827/1
f 1874/2829/1 1825/2830/1 1824/2828/1
f 1875/2831/1 1826/2832/1 1825/2830/1
f 1876/2833/1 1827/2834/1 1826/2832/1
f 1877/2835/1 1828/2836/1 1827/2834/1
f 1878/2837/1 1829/2838/1 1828/2836/1
f 1879/2839/1 1830/2840/1 1829/2838/1
f 1880/2841/1 1831/2842/1 1830/2840/1
f 1881/2843/1 1832/2844/1 1831/2842/1
f 1882/2845/1 1833/2846/1 1832/2844/1
f 1883/2847/1 1834/2848/1 1833/2846/1
f 1884/2849/1 1835/2850/1 1834/2848/1
f 1885/2851/1 1836/2852/1 1835/2850/1
f 1886/2853/1 1837/2854/1 1836/2852/1
f 1887/2855/1 1838/2856/1 1837/2854/1
f 1888/2857/1 1839/2858/1 1838/2856/1
f 1889/2859/1 1840/2860/1 1839/2858/1
f 1890/2775/1 1841/2861/1 1840/2860/1
f 1891/2774/1 1842/2862/1 1841/2861/1
f 1892/2776/1 1843/2863/1 1842/2862/1
f 1893/2777/1 1844/2864/1 1843/2863/1
f 1894/2778/1 1845/2865/1 1844/2864/1
f 1895/2866/1 1846/2867/1 1845/2865/1
f 1896/2868/1 1847/2869/1 1846/2867/1
f 1897/2870/1 1848/2871/1 1847/2869/1
f 1898/2872/1 1849/2873/1 1848/2871/1
f 1899/2874/1 1850/2875/1 1849/2873/1
f 1900/2876/1 1851/2877/1 1850/2875/1
f 1901/2878/1 1852/2879/1 1851/2877/1
f 1902/2880/1 1853/2881/1 1852/2879/1
f 1903/2882/1 1854/2883/1 1853/2881/1
f 1904/2884/1 1855/2885/1 1854/2883/1
f 1905/2805/1 1856/674/1 1855/2885/1
f 237/2807/1 1757/2886/1 236/2887/1
f 1807/2806/1 1758/2888/1 1757/2886/1
f 1808/2808/1 1759/2889/1 1758/2888/1
f 1809/2809/1 1760/2890/1 1759/2889/1
f 1810/2810/1 1761/2891/1 1760/2890/1
f 1811/2892/1 1762/2893/1 1761/2891/1
f 1812/2894/1 1763/2895/1 1762/2893/1
f 1813/2896/1 1764/2897/1 1763/2895/1
f 1814/2898/1 1765/2899/1 1764/2897/1
f 1815/2900/1 1766/2901/1 1765/2899/1
f 1816/2902/1 1767/2903/1 1766/2901/1
f 1817/2904/1 1768/2905/1 1767/2903/1
f 1818/2823/1 1769/2906/1 1768/2905/1
f 1819/2822/1 1770/2907/1 1769/2906/1
f 1820/2824/1 1771/2908/1 1770/2907/1
f 1821/2825/1 1772/2909/1 1771/2908/1
f 1822/2826/1 1773/2910/1 1772/2909/1
f 1823/2827/1 1774/2911/1 1773/2910/1
f 1824/2828/1 1775/2912/1 1774/2911/1
f 1825/2830/1 1776/2913/1 1775/2912/1
f 1826/2832/1 1777/2914/1 1776/2913/1
f 1827/2834/1 1778/2915/1 1777/2914/1
f 1828/2836/1 1779/2916/1 1778/2915/1
f 1829/2838/1 1780/2917/1 1779/2916/1
f 1830/2840/1 1781/2918/1 1780/2917/1
f 1831/2842/1 1782/2919/1 1781/2918/1
f 1832/2844/1 1783/2920/1 1782/2919/1
f 1833/2846/1 1784/2921/1 1783/2920/1
f 1834/2848/1 1785/2922/1 1784/2921/1
f 1835/2850/1 1786/2923/1 1785/2922/1
f 1836/2852/1 1787/2924/1 1786/2923/1
f 1837/2854/1 1788/2925/1 1787/2924/1
f 1838/2856/1 1789/2926/1 1788/2925/1
f 1839/2858/1 1790/2927/1 1789/2926/1
f 1840/2860/1 1791/2928/1 1790/2927/1
f 1841/2861/1 1792/2929/1 1791/2928/1
f 1842/2862/1 1793/2930/1 1792/2929/1
f 1843/2863/1 1794/2931/1 1793/2930/1
f 1844/2864/1 1795/2932/1 1794/2931/1
f 1845/2865/1 1796/2933/1 1795/2932/1
f 1846/2867/1 1797/2934/1 1796/2933/1
f 1847/2869/1 1798/2935/1 1797/2934/1
f 1848/2871/1 1799/2936/1 1798/2935/1
f 1849/2873/1 1800/2937/1 1799/2936/1
f 1850/2875/1 1801/2938/1 1800/2937/1
f 1851/2877/1 1802/2939/1 1801/2938/1
f 1852/2879/1 1803/2940/1 1802/2939/1
f 1853/2881/1 1804/2941/1 1803/2940/1
f 1854/2883/1 1805/2942/1 1804/2941/1
f 1855/2885/1 1806/672/1 1805/2942/1
f 236/2887/1 1707/2943/1 235/2944/1
f 1757/2886/1 1708/2945/1 1707/2943/1
f 1758/2888/1 1709/2946/1 1708/2945/1
f 1759/2889/1 1710/2947/1 1709/2946/1
f 1760/2890/1 1711/2948/1 1710/2947/1
f 1761/2891/1 1712/2949/1 1711/2948/1
f 1762/2893/1 1713/2950/1 1712/2949/1
f 1763/2895/1 1714/2951/1 1713/2950/1
f 1764/2897/1 1715/2952/1 1714/2951/1
f 1765/2899/1 1716/2953/1 1715/2952/1
f 1766/2901/1 1717/2954/1 1716/2953/1
f 1767/2903/1 1718/2955/1 1717/2954/1
f 1768/2905/1 1719/2956/1 1718/2955/1
f 1769/2906/1 1720/2957/1 1719/2956/1
f 1770/2907/1 1721/2958/1 1720/2957/1
f 1771/2908/1 1722/2959/1 1721/2958/1
f 1772/2909/1 1723/2960/1 1722/2959/1
f 1773/2910/1 1724/2961/1 1723/2960/1
f 1774/2911/1 1725/2962/1 1724/2961/1
f 1775/2912/1 1726/2963/1 1725/2962/1
f 1776/2913/1 1727/2964/1 1726/2963/1
f 1777/2914/1 1728/2965/1 1727/2964/1
f 1778/2915/1 1729/2966/1 1728/2965/1
f 1779/2916/1 1730/2967/1 1729/2966/1
f 1780/2917/1 1731/2968/1 1730/2967/1
f 1781/2918/1 1732/2969/1 1731/2968/1
f 1782/2919/1 1733/2970/1 1732/2969/1
f 1783/2920/1 1734/2971/1 1733/2970/1
f 1784/2921/1 1735/2972/1 1734/2971/1
f 1785/2922/1 1736/2973/1 1735/2972/1
f 1786/2923/1 1737/2974/1 1736/2973/1
f 1787/2924/1 1738/2975/1 1737/2974/1
f 1788/2925/1 1739/2976/1 1738/2975/1
f 1789/2926/1 1740/2977/1 1739/2976/1
f 1790/2927/1 1741/2978/1 1740/2977/1
f 1791/2928/1 1742/2979/1 1741/2978/1
f 1792/2929/1 1743/2980/1 1742/2979/1
f 1793/2930/1 1744/2981/1 1743/2980/1
f 1794/2931/1 1745/2982/1 1744/2981/1
f 1795/2932/1 1746/2983/1 1745/2982/1
f 1796/2933/1 1747/2984/1 1746/2983/1
f 1797/2934/1 1748/2985/1 1747/2984/1
f 1798/2935/1 1749/2986/1 1748/2985/1
f 1799/2936/1 1750/2987/1 1749/2986/1
f 1800/2937/1 1751/2988/1 1750/2987/1
f 1801/2938/1 1752/2989/1 1751/2988/1
f 1802/2939/1 1753/2990/1 1752/2989/1
f 1803/2940/1 1754/2991/1 1753/2990/1
f 1804/2941/1 1755/2992/1 1754/2991/1
f 1805/2942/1 1756/670/1 1755/2992/1
f 235/2944/1 1657/2993/1 234/2994/1
f 1707/2943/1 1658/2995/1 1657/2993/1
f 1708/2945/1 1659/2996/1 1658/2995/1
f 1709/2946/1 1660/2997/1 1659/2996/1
f 1710/2947/1 1661/2998/1 1660/2997/1
f 1711/2948/1 1662/2999/1 1661/2998/1
f 1712/2949/1 1663/3000/1 1662/2999/1
f 1713/2950/1 1664/3001/1 1663/3000/1
f 1714/2951/1 1665/3002/1 1664/3001/1
f 1715/2952/1 1666/3003/1 1665/3002/1
f 1716/2953/1 1667/3004/1 1666/3003/1
f 1717/2954/1 1668/3005/1 1667/3004/1
f 1718/2955/1 1669/3006/1 1668/3005/1
f 1719/2956/1 1670/3007/1 1669/3006/1
f 1720/2957/1 1671/3008/1 1670/3007/1
f 1721/2958/1 1672/3009/1 1671/3008/1
f 1722/2959/1 1673/3010/1 1672/3009/1
f 1723/2960/1 1674/3011/1 1673/3010/1
f 1724/2961/1 1675/3012/1 1674/3011/1
f 1725/2962/1 1676/3013/1 1675/3012/1
f 1726/2963/1 1677/3014/1 1676/3013/1
f 1727/2964/1 1678/3015/1 1677/3014/1
f 1728/2965/1 1679/3016/1 1678/3015/1
f 1729/2966/1 1680/3017/1 1679/3016/1
f 1730/2967/1 1681/3018/1 1680/3017/1
f 1731/2968/1 1682/3019/1 1681/3018/1
f 1732/2969/1 1683/3020/1 1682/3019/1
f 1733/2970/1 1684/3021/1 1683/3020/1
f 1734/2971/1 1685/3022/1 1684/3021/1
f 1735/2972/1 1686/3023/1 1685/3022/1
f 1736/2973/1 1687/3024/1 1686/3023/1
f 1737/2974/1 1688/3025/1 1687/3024/1
f 1738/2975/1 1689/3026/1 1688/3025/1
f 1739/2976/1 1690/3027/1 1689/3026/1
f 1740/2977/1 1691/3028/1 1690/3027/1
f 1741/2978/1 1692/3029/1 1691/3028/1
f 1742/2979/1 1693/3030/1 1692/3029/1
f 1743/2980/1 1694/3031/1 1693/3030/1
f 1744/2981/1 1695/3032/1 1694/3031/1
f 1745/2982/1 1696/3033/1 1695/3032/1
f 1746/2983/1 1697/3034/1 1696/3033/1
f 1747/2984/1 1698/3035/1 1697/3034/1
f 1748/2985/1 1699/3036/1 1698/3035/1
f 1749/2986/1 1700/3037/1 1699/3036/1
f 1750/2987/1 1701/3038/1 1700/3037/1
f 1751/2988/1 1702/3039/1 1701/3038/1
f 1752/2989/1 1703/3040/1 1702/3039/1
f 1753/2990/1 1704/3041/1 1703/3040/1
f 1754/2991/1 1705/3042/1 1704/3041/1
f 1755/2992/1 1706/668/1 1705/3042/1
f 234/2994/1 1607/3043/1 233/3044/1
f 1657/2993/1 1608/3045/1 1607/3043/1
f 1658/2995/1 1609/3046/1 1608/3045/1
f 1659/2996/1 1610/3047/1 1609/3046/1
f 1660/2997/1 1611/3048/1 1610/3047/1
f 1661/2998/1 1612/3049/1 1611/3048/1
f 1662/2999/1 1613/3050/1 1612/3049/1
f 1663/3000/1 1614/3051/1 1613/3050/1
f 1664/3001/1 1615/3052/1 1614/3051/1
f 1665/3002/1 1616/3053/1 1615/3052/1
f 1666/3003/1 1617/3054/1 1616/3053/1
f 1667/3004/1 1618/3055/1 1617/3054/1
f 1668/3005/1 1619/3056/1 1618/3055/1
f 1669/3006/1 1620/3057/1 1619/3056/1
f 1670/3007/1 1621/3058/1 1620/3057/1
f 1671/3008/1 1622/3059/1 1621/3058/1
f 1672/3009/1 1623/3060/1 1622/3059/1
f 1673/3010/1 1624/3061/1 1623/3060/1
f 1674/3011/1 1625/3062/1 1624/3061/1
f 1675/3012/1 1626/3063/1 1625/3062/1
f 1676/3013/1 1627/3064/1 1626/3063/1
f 1677/3014/1 1628/3065/1 1627/3064/1
f 1678/3015/1 1629/3066/1 1628/3065/1
f 1679/3016/1 1630/3067/1 1629/3066/1
f 1680/3017/1 1631/3068/1 1630/3067/1
f 1681/3018/1 1632/3069/1 1631/3068/1
f 1682/3019/1 1633/3070/1 1632/3069/1
f 1683/3020/1 1634/3071/1 1633/3070/1
f 1684/3021/1 1635/3072/1 1634/3071/1
f 1685/3022/1 1636/3073/1 1635/3072/1
f 1686/3023/1 1637/3074/1 1636/3073/1
f 1687/3024/1 1638/3075/1 1637/3074/1
f 1688/3025/1 1639/3076/1 1638/3075/1
f 1689/3026/1 1640/3077/1 1639/3076/1
f 1690/3027/1 1641/3078/1 1640/3077/1
f 1691/3028/1 1642/3079/1 1641/3078/1
f 1692/3029/1 1643/3080/1 1642/3079/1
f 1693/3030/1 1644/3081/1 1643/3080/1
f 1694/3031/1 1645/3082/1 1644/3081/1
f 1695/3032/1 1646/3083/1 1645/3082/1
f 1696/3033/1 1647/3084/1 1646/3083/1
f 1697/3034/1 1648/3085/1 1647/3084/1
f 1698/3035/1 1649/3086/1 1648/3085/1
f 1699/3036/1 1650/3087/1 1649/3086/1
f 1700/3037/1 1651/3088/1 1650/3087/1
f 1701/3038/1 1652/3089/1 1651/3088/1
f 1702/3039/1 1653/3090/1 1652/3089/1
f 1703/3040/1 1654/3091/1 1653/3090/1
f 1704/3041/1 1655/3092/1 1654/3091/1
f 1705/3042/1 1656/666/1 1655/3092/1
f 233/3044/1 1557/3093/1 232/3094/1
f 1607/3043/1 1558/3095/1 1557/3093/1
f 1608/3045/1 1559/3096/1 1558/3095/1
f 1609/3046/1 1560/3097/1 1559/3096/1
f 1610/3047/1 1561/3098/1 1560/3097/1
f 1611/3048/1 1562/3099/1 1561/3098/1
f 1612/3049/1 1563/3100/1 1562/3099/1
f 1613/3050/1 1564/3101/1 1563/3100/1
f 1614/3051/1 1565/3102/1 1564/3101/1
f 1615/3052/1 1566/3103/1 1565/3102/1
f 1616/3053/1 1567/3104/1 1566/3103/1
f 1617/3054/1 1568/3105/1 1567/3104/1
f 1618/3055/1 1569/3106/1 1568/3105/1
f 1619/3056/1 1570/3107/1 1569/3106/1
f 1620/3057/1 1571/3108/1 1570/3107/1
f 1621/3058/1 1572/3109/1 1571/3108/1
f 1622/3059/1 1573/3110/1 1572/3109/1
f 1623/3060/1 1574/3111/1 1573/3110/1
f 1624/3061/1 1575/3112/1 1574/3111/1
f 1625/3062/1 1576/3113/1 1575/3112/1
f 1626/3063/1 1577/3114/1 1576/3113/1
f 1627/3064/1 1578/3115/1 1577/3114/1
f 1628/3065/1 1579/3116/1 1578/3115/1
f 1629/3066/1 1580/3117/1 1579/3116/1
f 1630/3067/1 1581/3118/1 1580/3117/1
f 1631/3068/1 1582/3119/1 1581/3118/1
f 1632/3069/1 1583/3120/1 1582/3119/1
f 1633/3070/1 1584/3121/1 1583/3120/1
f 1634/3071/1 1585/3122/1 1584/3121/1
f 1635/3072/1 1586/3123/1 1585/3122/1
f 1636/3073/1 1587/3124/1 1586/3123/1
f 1637/3074/1 1588/3125/1 1587/3124/1
f 1638/3075/1 1589/3126/1 1588/3125/1
f 1639/3076/1 1590/3127/1 1589/3126/1
f 1640/3077/1 1591/3128/1 1590/3127/1
f 1641/3078/1 1592/3129/1 1591/3128/1
f 1642/3079/1 1593/3130/1 1592/3129/1
f 1643/3080/1 1594/3131/1 1593/3130/1
f 1644/3081/1 1595/3132/1 1594/3131/1
f 1645/3082/1 1596/3133/1 1595/3132/1
f 1646/3083/1 1597/3134/1 1596/3133/1
f 1647/3084/1 1598/3135/1 1597/3134/1
f 1648/3085/1 1599/3136/1 1598/3135/1
f 1649/3086/1 1600/3137/1 1599/3136/1
f 1650/3087/1 1601/3138/1 1600/3137/1
f 1651/3088/1 1602/3139/1 1601/3138/1
f 1652/3089/1 1603/3140/1 1602/3139/1
f 1653/3090/1 1604/3141/1 1603/3140/1
f 1654/3091/1 1605/3142/1 1604/3141/1
f 1655/3092/1 1606/663/1 1605/3142/1
f 232/3094/1 1507/3143/1 231/3144/1
f 1557/3093/1 1508/3145/1 1507/3143/1
f 1558/3095/1 1509/3146/1 1508/3145/1
f 1559/3096/1 1510/3147/1 1509/3146/1
f 1560/3097/1 1511/3148/1 1510/3147/1
f 1561/3098/1 1512/3149/1 1511/3148/1
f 1562/3099/1 1513/3150/1 1512/3149/1
f 1563/3100/1 1514/3151/1 1513/3150/1
f 1564/3101/1 1515/3152/1 1514/3151/1
f 1565/3102/1 1516/3153/1 1515/3152/1
f 1566/3103/1 1517/3154/1 1516/3153/1
f 1567/3104/1 1518/3155/1 1517/3154/1
f 1568/3105/1 1519/3156/1 1518/3155/1
f 1569/3106/1 1520/3157/1 1519/3156/1
f 1570/3107/1 1521/3158/1 1520/3157/1
f 1571/3108/1 1522/3159/1 1521/3158/1
f 1572/3109/1 1523/3160/1 1522/3159/1
f 1573/3110/1 1524/3161/1 1523/3160/1
f 1574/3111/1 1525/3162/1 1524/3161/1
f 1575/3112/1 1526/3163/1 1525/3162/1
f 1576/3113/1 1527/3164/1 1526/3163/1
f 1577/3114/1 1528/3165/1 1527/3164/1
f 1578/3115/1 1529/3166/1 1528/3165/1
f 1579/3116/1 1530/3167/1 1529/3166/1
f 1580/3117/1 1531/3168/1 1530/3167/1
f 1581/3118/1 1532/3169/1 1531/3168/1
f 1582/3119/1 1533/3170/1 1532/3169/1
f 1583/3120/1 1534/3171/1 1533/3170/1
f 1584/3121/1 1535/3172/1 1534/3171/1
f 1585/3122/1 1536/3173/1 1535/3172/1
f 1586/3123/1 1537/3174/1 1536/3173/1
f 1587/3124/1 1538/3175/1 1537/3174/1
f 1588/3125/1 1539/3176/1 1538/3175/1
f 1589/3126/1 1540/3177/1 1539/3176/1
f 1590/3127/1 1541/3178/1 1540/3177/1
f 1591/3128/1 1542/3179/1 1541/3178/1
f 1592/3129/1 1543/3180/1 1542/3179/1
f 1593/3130/1 1544/3181/1 1543/3180/1
f 1594/3131/1 1545/3182/1 1544/3181/1
f 1595/3132/1 1546/3183/1 1545/3182/1
f 1596/3133/1 1547/3184/1 1546/3183/1
f 1597/3134/1 1548/3185/1 1547/3184/1
f 1598/3135/1 1549/3186/1 1548/3185/1
f 1599/3136/1 1550/3187/1 1549/3186/1
f 1600/3137/1 1551/3188/1 1550/3187/1
f 1601/3138/1 1552/3189/1 1551/3188/1
f 1602/3139/1 1553/3190/1 1552/3189/1
f 1603/3140/1 1554/3191/1 1553/3190/1
f 1604/3141/1 1555/3192/1 1554/3191/1
f 1605/3142/1 1556/665/1 1555/3192/1
f 1511/3193/3 1218/3194/3 1510/3195/3
f 1458/1706/2 1226/3196/2 1459/3197/2
f 1463/3198/4 1215/2803/4 1513/3199/4
f 1510/3195/3 1219/3200/3 1509/1742/3
f 1457/1737/2 1227/3201/2 1458/1706/2
f 1509/1742/3 1220/3202/3 1508/1736/3
f 230/1731/2 1228/3203/2 1457/1737/2
f 1467/3204/2 3539/1104/2 1468/3205/2
f 1521/2761/3 3559/3206/3 1520/3207/3
f 1466/3208/2 3538/1453/2 1467/3204/2
f 1479/3209/2 3551/3210/2 1480/1719/2
f 1520/3207/3 3558/3211/3 1519/3212/3
f 1465/3213/2 3537/3214/2 1466/3208/2
f 1478/3215/2 3550/3216/2 1479/3209/2
f 1519/3212/3 3557/3217/3 1518/2746/3
f 1464/3218/2 3536/1229/2 1465/3213/2
f 1477/3219/2 3549/1226/2 1478/3215/2
f 1518/2746/3 3556/3220/3 1517/3221/3
f 1463/1748/2 3535/3222/2 1464/3218/2
f 1476/3220/2 3548/1224/2 1477/3219/2
f 1517/3221/3 3555/3219/3 1516/3223/3
f 1530/3224/3 3568/3225/3 1529/3226/3
f 1475/3217/2 3547/3227/2 1476/3220/2
f 1516/3223/3 3554/3215/3 1515/3228/3
f 1530/3167/1 1481/3229/1 1480/3230/1
f 1531/3168/1 1482/3231/1 1481/3229/1
f 1532/3169/1 1483/3232/1 1482/3231/1
f 310/3233/3 3573/3234/3 1556/3235/3
f 1549/3236/3 3612/3237/3 1548/3238/3
f 1494/3239/2 3586/1741/2 1495/3240/2
f 1535/662/3 3598/3241/3 1534/3242/3
f 1506/3241/2 3571/1730/2 311/3243/2
f 1548/3238/3 3611/3244/3 1547/3245/3
f 1493/3244/2 3585/3246/2 1494/3239/2
f 1534/3242/3 3597/3243/3 1533/32/3
f 1547/3245/3 3610/3239/3 1546/3247/3
f 1492/3237/2 3584/3248/2 1493/3244/2
f 1505/661/2 3572/1728/2 1506/3241/2
f 1546/3247/3 3609/3240/3 1545/3249/3
f 311/1936/4 3570/3250/4 310/1593/4
f 1491/3251/2 3583/3252/2 1492/3237/2
f 1504/3253/2 3596/3254/2 1505/661/2
f 1545/3249/3 3608/3255/3 1544/3256/3
f 1490/3257/2 3582/3258/2 1491/3251/2
f 1503/3259/2 3595/3260/2 1504/3253/2
f 1544/3256/3 3607/3261/3 1543/3262/3
f 1533/3263/5 3574/3264/5 1483/3265/5
f 1489/3266/2 3581/3267/2 1490/3257/2
f 1502/3268/2 3594/3269/2 1503/3259/2
f 1543/3262/3 3606/3270/3 1542/3271/3
f 230/3272/1 1407/3273/1 229/3274/1
f 1457/3275/1 1408/3276/1 1407/3273/1
f 1458/3277/1 1409/3278/1 1408/3276/1
f 1459/3279/1 1410/3280/1 1409/3278/1
f 1460/3281/1 1411/3282/1 1410/3280/1
f 1461/3283/1 1412/3284/1 1411/3282/1
f 1462/3285/1 1413/3286/1 1412/3284/1
f 1463/3287/1 1414/3288/1 1413/3286/1
f 1464/3289/1 1415/3290/1 1414/3288/1
f 1465/3291/1 1416/3292/1 1415/3290/1
f 1466/3293/1 1417/3294/1 1416/3292/1
f 1467/3295/1 1418/3296/1 1417/3294/1
f 1468/3297/1 1419/3298/1 1418/3296/1
f 1469/3299/1 1420/3300/1 1419/3298/1
f 1470/3301/1 1421/3302/1 1420/3300/1
f 1471/3303/1 1422/3304/1 1421/3302/1
f 1472/3305/1 1423/3306/1 1422/3304/1
f 1473/3307/1 1424/3308/1 1423/3306/1
f 1474/3309/1 1425/3310/1 1424/3308/1
f 1475/3311/1 1426/3312/1 1425/3310/1
f 1476/3313/1 1427/3314/1 1426/3312/1
f 1477/3315/1 1428/3316/1 1427/3314/1
f 1478/3317/1 1429/3318/1 1428/3316/1
f 1479/3319/1 1430/3320/1 1429/3318/1
f 1480/3230/1 1431/3321/1 1430/3320/1
f 1481/3229/1 1432/3322/1 1431/3321/1
f 1482/3231/1 1433/3323/1 1432/3322/1
f 1483/3232/1 1434/3324/1 1433/3323/1
f 1484/3325/1 1435/3326/1 1434/3324/1
f 1485/3327/1 1436/3328/1 1435/3326/1
f 1486/3329/1 1437/3330/1 1436/3328/1
f 1487/3331/1 1438/3332/1 1437/3330/1
f 1488/3333/1 1439/3334/1 1438/3332/1
f 1489/3335/1 1440/3336/1 1439/3334/1
f 1490/3337/1 1441/3338/1 1440/3336/1
f 1491/3339/1 1442/3340/1 1441/3338/1
f 1492/3341/1 1443/3342/1 1442/3340/1
f 1493/3343/1 1444/3344/1 1443/3342/1
f 1494/3345/1 1445/3346/1 1444/3344/1
f 1495/3347/1 1446/3348/1 1445/3346/1
f 1496/3349/1 1447/3350/1 1446/3348/1
f 1497/3351/1 1448/3352/1 1447/3350/1
f 1498/3353/1 1449/3354/1 1448/3352/1
f 1499/3355/1 1450/3356/1 1449/3354/1
f 1500/3357/1 1451/3358/1 1450/3356/1
f 1501/3359/1 1452/3360/1 1451/3358/1
f 1502/3361/1 1453/3362/1 1452/3360/1
f 1503/3363/1 1454/3364/1 1453/3362/1
f 1504/3365/1 1455/3366/1 1454/3364/1
f 1505/3367/1 1456/656/1 1455/3366/1
f 229/3274/1 1357/3368/1 228/3369/1
f 1407/3273/1 1358/3370/1 1357/3368/1
f 1408/3276/1 1359/3371/1 1358/3370/1
f 1409/3278/1 1360/3372/1 1359/3371/1
f 1410/3280/1 1361/3373/1 1360/3372/1
f 1411/3282/1 1362/3374/1 1361/3373/1
f 1412/3284/1 1363/3375/1 1362/3374/1
f 1413/3286/1 1364/3376/1 1363/3375/1
f 1414/3288/1 1365/3377/1 1364/3376/1
f 1415/3290/1 1366/3378/1 1365/3377/1
f 1416/3292/1 1367/3379/1 1366/3378/1
f 1417/3294/1 1368/3380/1 1367/3379/1
f 1418/3296/1 1369/3381/1 1368/3380/1
f 1419/3298/1 1370/3382/1 1369/3381/1
f 1420/3300/1 1371/3383/1 1370/3382/1
f 1421/3302/1 1372/3384/1 1371/3383/1
f 1422/3304/1 1373/3385/1 1372/3384/1
f 1423/3306/1 1374/3386/1 1373/3385/1
f 1424/3308/1 1375/3387/1 1374/3386/1
f 1425/3310/1 1376/3388/1 1375/3387/1
f 1426/3312/1 1377/3389/1 1376/3388/1
f 1427/3314/1 1378/3390/1 1377/3389/1
f 1428/3316/1 1379/3391/1 1378/3390/1
f 1429/3318/1 1380/3392/1 1379/3391/1
f 1430/3320/1 1381/3393/1 1380/3392/1
f 1431/3321/1 1382/3394/1 1381/3393/1
f 1432/3322/1 1383/3395/1 1382/3394/1
f 1433/3323/1 1384/3396/1 1383/3395/1
f 1434/3324/1 1385/3397/1 1384/3396/1
f 1435/3326/1 1386/3398/1 1385/3397/1
f 1436/3328/1 1387/3399/1 1386/3398/1
f 1437/3330/1 1388/3400/1 1387/3399/1
f 1438/3332/1 1389/3401/1 1388/3400/1
f 1439/3334/1 1390/3402/1 1389/3401/1
f 1440/3336/1 1391/3403/1 1390/3402/1
f 1441/3338/1 1392/3404/1 1391/3403/1
f 1442/3340/1 1393/3405/1 1392/3404/1
f 1443/3342/1 1394/3406/1 1393/3405/1
f 1444/3344/1 1395/3407/1 1394/3406/1
f 1445/3346/1 1396/3408/1 1395/3407/1
f 1446/3348/1 1397/3409/1 1396/3408/1
f 1447/3350/1 1398/3410/1 1397/3409/1
f 1448/3352/1 1399/3411/1 1398/3410/1
f 1449/3354/1 1400/3412/1 1399/3411/1
f 1450/3356/1 1401/3413/1 1400/3412/1
f 1451/3358/1 1402/3414/1 1401/3413/1
f 1452/3360/1 1403/3415/1 1402/3414/1
f 1453/3362/1 1404/3416/1 1403/3415/1
f 1454/3364/1 1405/3417/1 1404/3416/1
f 1455/3366/1 1406/654/1 1405/3417/1
f 228/3369/1 1307/3418/1 227/3419/1
f 1357/3368/1 1308/3420/1 1307/3418/1
f 1358/3370/1 1309/3421/1 1308/3420/1
f 1359/3371/1 1310/3422/1 1309/3421/1
f 1360/3372/1 1311/3423/1 1310/3422/1
f 1361/3373/1 1312/3424/1 1311/3423/1
f 1362/3374/1 1313/3425/1 1312/3424/1
f 1363/3375/1 1314/3426/1 1313/3425/1
f 1364/3376/1 1315/3427/1 1314/3426/1
f 1365/3377/1 1316/3428/1 1315/3427/1
f 1366/3378/1 1317/3429/1 1316/3428/1
f 1367/3379/1 1318/3430/1 1317/3429/1
f 1368/3380/1 1319/3431/1 1318/3430/1
f 1369/3381/1 1320/3432/1 1319/3431/1
f 1370/3382/1 1321/3433/1 1320/3432/1
f 1371/3383/1 1322/3434/1 1321/3433/1
f 1372/3384/1 1323/3435/1 1322/3434/1
f 1373/3385/1 1324/3436/1 1323/3435/1
f 1374/3386/1 1325/3437/1 1324/3436/1
f 1375/3387/1 1326/3438/1 1325/3437/1
f 1376/3388/1 1327/3439/1 1326/3438/1
f 1377/3389/1 1328/3440/1 1327/3439/1
f 1378/3390/1 1329/3441/1 1328/3440/1
f 1379/3391/1 1330/3442/1 1329/3441/1
f 1380/3392/1 1331/3443/1 1330/3442/1
f 1381/3393/1 1332/3444/1 1331/3443/1
f 1382/3394/1 1333/3445/1 1332/3444/1
f 1383/3395/1 1334/3446/1 1333/3445/1
f 1384/3396/1 1335/3447/1 1334/3446/1
f 1385/3397/1 1336/3448/1 1335/3447/1
f 1386/3398/1 1337/3449/1 1336/3448/1
f 1387/3399/1 1338/3450/1 1337/3449/1
f 1388/3400/1 1339/3451/1 1338/3450/1
f 1389/3401/1 1340/3452/1 1339/3451/1
f 1390/3402/1 1341/3453/1 1340/3452/1
f 1391/3403/1 1342/3454/1 1341/3453/1
f 1392/3404/1 1343/3455/1 1342/3454/1
f 1393/3405/1 1344/3456/1 1343/3455/1
f 1394/3406/1 1345/3457/1 1344/3456/1
f 1395/3407/1 1346/3458/1 1345/3457/1
f 1396/3408/1 1347/3459/1 1346/3458/1
f 1397/3409/1 1348/3460/1 1347/3459/1
f 1398/3410/1 1349/3461/1 1348/3460/1
f 1399/3411/1 1350/3462/1 1349/3461/1
f 1400/3412/1 1351/3463/1 1350/3462/1
f 1401/3413/1 1352/3464/1 1351/3463/1
f 1402/3414/1 1353/3465/1 1352/3464/1
f 1403/3415/1 1354/3466/1 1353/3465/1
f 1404/3416/1 1355/3467/1 1354/3466/1
f 1405/3417/1 1356/652/1 1355/3467/1
f 227/3419/1 1257/3468/1 226/3469/1
f 1307/3418/1 1258/3470/1 1257/3468/1
f 1308/3420/1 1259/3471/1 1258/3470/1
f 1309/3421/1 1260/3472/1 1259/3471/1
f 1310/3422/1 1261/3473/1 1260/3472/1
f 1311/3423/1 1262/3474/1 1261/3473/1
f 1312/3424/1 1263/3475/1 1262/3474/1
f 1313/3425/1 1264/3476/1 1263/3475/1
f 1314/3426/1 1265/3477/1 1264/3476/1
f 1315/3427/1 1266/3478/1 1265/3477/1
f 1316/3428/1 1267/3479/1 1266/3478/1
f 1317/3429/1 1268/3480/1 1267/3479/1
f 1318/3430/1 1269/3481/1 1268/3480/1
f 1319/3431/1 1270/3482/1 1269/3481/1
f 1320/3432/1 1271/3483/1 1270/3482/1
f 1321/3433/1 1272/3484/1 1271/3483/1
f 1322/3434/1 1273/3485/1 1272/3484/1
f 1323/3435/1 1274/3486/1 1273/3485/1
f 1324/3436/1 1275/3487/1 1274/3486/1
f 1325/3437/1 1276/3488/1 1275/3487/1
f 1326/3438/1 1277/3489/1 1276/3488/1
f 1327/3439/1 1278/3490/1 1277/3489/1
f 1328/3440/1 1279/3491/1 1278/3490/1
f 1329/3441/1 1280/3492/1 1279/3491/1
f 1330/3442/1 1281/3493/1 1280/3492/1
f 1331/3443/1 1282/3494/1 1281/3493/1
f 1332/3444/1 1283/3495/1 1282/3494/1
f 1333/3445/1 1284/3496/1 1283/3495/1
f 1334/3446/1 1285/3497/1 1284/3496/1
f 1335/3447/1 1286/3498/1 1285/3497/1
f 1336/3448/1 1287/3499/1 1286/3498/1
f 1337/3449/1 1288/3500/1 1287/3499/1
f 1338/3450/1 1289/3501/1 1288/3500/1
f 1339/3451/1 1290/3502/1 1289/3501/1
f 1340/3452/1 1291/3503/1 1290/3502/1
f 1341/3453/1 1292/3504/1 1291/3503/1
f 1342/3454/1 1293/3505/1 1292/3504/1
f 1343/3455/1 1294/3506/1 1293/3505/1
f 1344/3456/1 1295/3507/1 1294/3506/1
f 1345/3457/1 1296/3508/1 1295/3507/1
f 1346/3458/1 1297/3509/1 1296/3508/1
f 1347/3459/1 1298/3510/1 1297/3509/1
f 1348/3460/1 1299/3511/1 1298/3510/1
f 1349/3461/1 1300/3512/1 1299/3511/1
f 1350/3462/1 1301/3513/1 1300/3512/1
f 1351/3463/1 1302/3514/1 1301/3513/1
f 1352/3464/1 1303/3515/1 1302/3514/1
f 1353/3465/1 1304/3516/1 1303/3515/1
f 1354/3466/1 1305/3517/1 1304/3516/1
f 1355/3467/1 1306/650/1 1305/3517/1
f 226/3469/1 4083/3518/1 4078/3519/1
f 1257/3468/1 4084/3520/1 4083/3518/1
f 1258/3470/1 4085/3521/1 4084/3520/1
f 1259/3471/1 4086/3522/1 4085/3521/1
f 1260/3472/1 4073/3523/1 4086/3522/1
f 1261/3473/1 4074/3524/1 4073/3523/1
f 1262/3474/1 4075/3525/1 4074/3524/1
f 1263/3475/1 1173/3526/1 4075/3525/1
f 1264/3476/1 1172/3527/1 1173/3526/1
f 1265/3477/1 1171/3528/1 1172/3527/1
f 1266/3478/1 225/3529/1 1171/3528/1
f 1267/3479/1 224/3530/1 225/3529/1
f 1268/3480/1 3501/3531/1 224/3530/1
f 1269/3481/1 3904/3532/1 3501/3531/1
f 1270/3482/1 3903/3533/1 3904/3532/1
f 1271/3483/1 3902/3534/1 3903/3533/1
f 1272/3484/1 3500/3535/1 3902/3534/1
f 1273/3485/1 3518/3536/1 3500/3535/1
f 1274/3486/1 3901/3537/1 3518/3536/1
f 1275/3487/1 3517/3538/1 3901/3537/1
f 1276/3488/1 3900/3539/1 3517/3538/1
f 1277/3489/1 3905/3540/1 3900/3539/1
f 1278/3490/1 1229/3541/1 3905/3540/1
f 1279/3491/1 1230/3542/1 1229/3541/1
f 1280/3492/1 1231/3543/1 1230/3542/1
f 1281/3493/1 1232/3544/1 1231/3543/1
f 1282/3494/1 1233/3545/1 1232/3544/1
f 1283/3495/1 1234/3546/1 1233/3545/1
f 1284/3496/1 1235/3547/1 1234/3546/1
f 1285/3497/1 1236/3548/1 1235/3547/1
f 1286/3498/1 1237/3549/1 1236/3548/1
f 1287/3499/1 1238/3550/1 1237/3549/1
f 1288/3500/1 1239/3551/1 1238/3550/1
f 1289/3501/1 1240/3552/1 1239/3551/1
f 1290/3502/1 1241/3553/1 1240/3552/1
f 1291/3503/1 1242/3554/1 1241/3553/1
f 1292/3504/1 1243/3555/1 1242/3554/1
f 1293/3505/1 1244/3556/1 1243/3555/1
f 1294/3506/1 1245/3557/1 1244/3556/1
f 1295/3507/1 1246/3558/1 1245/3557/1
f 1296/3508/1 1247/3559/1 1246/3558/1
f 1297/3509/1 1248/3560/1 1247/3559/1
f 1298/3510/1 1249/3561/1 1248/3560/1
f 1299/3511/1 1250/3562/1 1249/3561/1
f 1300/3512/1 1251/3563/1 1250/3562/1
f 1301/3513/1 1252/3564/1 1251/3563/1
f 1302/3514/1 1253/3565/1 1252/3564/1
f 1303/3515/1 1254/3566/1 1253/3565/1
f 1304/3516/1 1255/3567/1 1254/3566/1
f 1305/3517/1 1256/648/1 1255/3567/1
f 1189/3568/2 3509/3569/2 1190/3570/2
f 1242/3571/3 3527/3572/3 1241/3573/3
f 1188/3574/2 3508/3575/2 1189/3568/2
f 1241/3573/3 3526/3576/3 1240/3577/3
f 1187/3578/2 3507/3579/2 1188/3574/2
f 3900/3539/1 1174/3580/1 1175/3581/1
f 1240/3577/3 3525/3582/3 1239/3583/3
f 3517/3538/1 1175/3581/1 1176/3584/1
f 1186/3585/2 3506/3586/2 1187/3578/2
f 3901/3537/1 1176/3584/1 1177/3587/1
f 1239/3583/3 3524/3588/3 1238/3589/3
f 1185/3590/2 3505/3591/2 1186/3585/2
f 3518/3536/1 1177/3587/1 1178/3592/1
f 3905/3540/1 1179/3593/1 1174/3580/1
f 1229/3541/1 1180/3594/1 1179/3593/1
f 1230/3542/1 1181/3595/1 1180/3594/1
f 1231/3543/1 1182/3596/1 1181/3595/1
f 1232/3544/1 1183/3597/1 1182/3596/1
f 1238/3589/3 3523/3598/3 1237/3599/3
f 1184/3600/2 3504/3601/2 1185/3590/2
f 3500/3535/1 1178/3592/1 1207/3602/1
f 1237/3599/3 3522/3603/3 1236/3604/3
f 1183/3605/2 3503/3606/2 1184/3600/2
f 1236/3604/3 3521/3607/3 1235/3608/3
f 1235/3608/3 3520/3609/3 1234/3610/3
f 1234/3610/3 3519/3611/3 1233/3612/3
f 3902/3534/1 1207/3602/1 1208/3613/1
f 1233/3614/5 3502/3615/5 1183/3616/5
f 1247/3559/1 1198/3617/1 1197/3618/1
f 1248/3560/1 1199/3619/1 1198/3617/1
f 1249/3561/1 1200/3620/1 1199/3619/1
f 1250/3562/1 1201/3621/1 1200/3620/1
f 1251/3563/1 1202/3622/1 1201/3621/1
f 1252/3564/1 1203/3623/1 1202/3622/1
f 1253/3565/1 1204/3624/1 1203/3623/1
f 1254/3566/1 1205/3625/1 1204/3624/1
f 1255/3567/1 1206/646/1 1205/3625/1
f 223/3626/1 4079/3627/1 1121/3628/1
f 1121/3628/1 4080/3629/1 1122/3630/1
f 1122/3630/1 4081/3631/1 1123/3632/1
f 1123/3632/1 4082/3633/1 1124/3634/1
f 1124/3634/1 4068/3635/1 1125/3636/1
f 1125/3636/1 4069/3637/1 1126/3638/1
f 1126/3638/1 4070/3639/1 1127/3640/1
f 1127/3640/1 4072/3641/1 1128/3642/1
f 4072/3641/1 1129/3643/1 1128/3642/1
f 4067/3644/1 1130/3645/1 1129/3643/1
f 1214/3646/1 1131/3647/1 1130/3645/1
f 1213/3648/1 1132/3649/1 1131/3647/1
f 1212/3650/1 1133/3651/1 1132/3649/1
f 1211/3652/1 1134/3653/1 1133/3651/1
f 1210/3654/1 1135/3655/1 1134/3653/1
f 1209/3656/1 1136/3657/1 1135/3655/1
f 1208/3613/1 1137/3658/1 1136/3657/1
f 1207/3602/1 1138/3659/1 1137/3658/1
f 1178/3592/1 1139/3660/1 1138/3659/1
f 1177/3587/1 1140/3661/1 1139/3660/1
f 1176/3584/1 1141/3662/1 1140/3661/1
f 1175/3581/1 1142/3663/1 1141/3662/1
f 1174/3580/1 1143/3664/1 1142/3663/1
f 1179/3593/1 1144/3665/1 1143/3664/1
f 1180/3594/1 1145/3666/1 1144/3665/1
f 1181/3595/1 1146/3667/1 1145/3666/1
f 1182/3596/1 1147/3668/1 1146/3667/1
f 1183/3597/1 1148/3669/1 1147/3668/1
f 1184/3670/1 1149/3671/1 1148/3669/1
f 1185/3672/1 1150/3673/1 1149/3671/1
f 1186/3674/1 1151/3675/1 1150/3673/1
f 1187/3676/1 1152/3677/1 1151/3675/1
f 1188/3678/1 1153/3679/1 1152/3677/1
f 1189/3680/1 1154/3681/1 1153/3679/1
f 1190/3682/1 1155/3683/1 1154/3681/1
f 1191/3684/1 1156/3685/1 1155/3683/1
f 1192/3686/1 1157/3687/1 1156/3685/1
f 1193/3688/1 1158/3689/1 1157/3687/1
f 1194/3690/1 1159/3691/1 1158/3689/1
f 1195/3692/1 1160/3693/1 1159/3691/1
f 1196/3694/1 1161/3695/1 1160/3693/1
f 1197/3618/1 1162/3696/1 1161/3695/1
f 1198/3617/1 1163/3697/1 1162/3696/1
f 1199/3619/1 1164/3698/1 1163/3697/1
f 1200/3620/1 1165/3699/1 1164/3698/1
f 1201/3621/1 1166/3700/1 1165/3699/1
f 1202/3622/1 1167/3701/1 1166/3700/1
f 1203/3623/1 1168/3702/1 1167/3701/1
f 1204/3624/1 1169/3703/1 1168/3702/1
f 1205/3625/1 1170/644/1 1169/3703/1
f 223/3626/1 1071/3704/1 222/3705/1
f 1121/3628/1 1072/3706/1 1071/3704/1
f 1122/3630/1 1073/3707/1 1072/3706/1
f 1123/3632/1 1074/3708/1 1073/3707/1
f 1124/3634/1 1075/3709/1 1074/3708/1
f 1125/3636/1 1076/3710/1 1075/3709/1
f 1126/3638/1 1077/3711/1 1076/3710/1
f 1127/3640/1 1078/3712/1 1077/3711/1
f 1128/3642/1 1079/3713/1 1078/3712/1
f 1129/3643/1 1080/3714/1 1079/3713/1
f 1130/3645/1 1081/3715/1 1080/3714/1
f 1131/3647/1 1082/3716/1 1081/3715/1
f 1132/3649/1 1083/3717/1 1082/3716/1
f 1133/3651/1 1084/3718/1 1083/3717/1
f 1134/3653/1 1085/3719/1 1084/3718/1
f 1135/3655/1 1086/3720/1 1085/3719/1
f 1136/3657/1 1087/3721/1 1086/3720/1
f 1137/3658/1 1088/3722/1 1087/3721/1
f 1138/3659/1 1089/3723/1 1088/3722/1
f 1139/3660/1 1090/3724/1 1089/3723/1
f 1140/3661/1 1091/3725/1 1090/3724/1
f 1141/3662/1 1092/3726/1 1091/3725/1
f 1142/3663/1 1093/3727/1 1092/3726/1
f 1143/3664/1 1094/3728/1 1093/3727/1
f 1144/3665/1 1095/3729/1 1094/3728/1
f 1145/3666/1 1096/3730/1 1095/3729/1
f 1146/3667/1 1097/3731/1 1096/3730/1
f 1147/3668/1 1098/3732/1 1097/3731/1
f 1148/3669/1 1099/3733/1 1098/3732/1
f 1149/3671/1 1100/3734/1 1099/3733/1
f 1150/3673/1 1101/3735/1 1100/3734/1
f 1151/3675/1 1102/3736/1 1101/3735/1
f 1152/3677/1 1103/3737/1 1102/3736/1
f 1153/3679/1 1104/3738/1 1103/3737/1
f 1154/3681/1 1105/3739/1 1104/3738/1
f 1155/3683/1 1106/3740/1 1105/3739/1
f 1156/3685/1 1107/3741/1 1106/3740/1
f 1157/3687/1 1108/3742/1 1107/3741/1
f 1158/3689/1 1109/3743/1 1108/3742/1
f 1159/3691/1 1110/3744/1 1109/3743/1
f 1160/3693/1 1111/3745/1 1110/3744/1
f 1161/3695/1 1112/3746/1 1111/3745/1
f 1162/3696/1 1113/3747/1 1112/3746/1
f 1163/3697/1 1114/3748/1 1113/3747/1
f 1164/3698/1 1115/3749/1 1114/3748/1
f 1165/3699/1 1116/3750/1 1115/3749/1
f 1166/3700/1 1117/3751/1 1116/3750/1
f 1167/3701/1 1118/3752/1 1117/3751/1
f 1168/3702/1 1119/3753/1 1118/3752/1
f 1169/3703/1 1120/642/1 1119/3753/1
f 222/3705/1 1021/3754/1 221/3755/1
f 1071/3704/1 1022/3756/1 1021/3754/1
f 1072/3706/1 1023/3757/1 1022/3756/1
f 1073/3707/1 1024/3758/1 1023/3757/1
f 1074/3708/1 1025/3759/1 1024/3758/1
f 1075/3709/1 1026/3760/1 1025/3759/1
f 1076/3710/1 1027/3761/1 1026/3760/1
f 1077/3711/1 1028/3762/1 1027/3761/1
f 1078/3712/1 1029/3763/1 1028/3762/1
f 1079/3713/1 1030/3764/1 1029/3763/1
f 1080/3714/1 1031/3765/1 1030/3764/1
f 1081/3715/1 1032/3766/1 1031/3765/1
f 1082/3716/1 1033/3767/1 1032/3766/1
f 1083/3717/1 1034/3768/1 1033/3767/1
f 1084/3718/1 1035/3769/1 1034/3768/1
f 1085/3719/1 1036/3770/1 1035/3769/1
f 1086/3720/1 1037/3771/1 1036/3770/1
f 1087/3721/1 1038/3772/1 1037/3771/1
f 1088/3722/1 1039/3773/1 1038/3772/1
f 1089/3723/1 1040/3774/1 1039/3773/1
f 1090/3724/1 1041/3775/1 1040/3774/1
f 1091/3725/1 1042/3776/1 1041/3775/1
f 1092/3726/1 1043/3777/1 1042/3776/1
f 1093/3727/1 1044/3778/1 1043/3777/1
f 1094/3728/1 1045/3779/1 1044/3778/1
f 1095/3729/1 1046/3780/1 1045/3779/1
f 1096/3730/1 1047/3781/1 1046/3780/1
f 1097/3731/1 1048/3782/1 1047/3781/1
f 1098/3732/1 1049/3783/1 1048/3782/1
f 1099/3733/1 1050/3784/1 1049/3783/1
f 1100/3734/1 1051/3785/1 1050/3784/1
f 1101/3735/1 1052/3786/1 1051/3785/1
f 1102/3736/1 1053/3787/1 1052/3786/1
f 1103/3737/1 1054/3788/1 1053/3787/1
f 1104/3738/1 1055/3789/1 1054/3788/1
f 1105/3739/1 1056/3790/1 1055/3789/1
f 1106/3740/1 1057/3791/1 1056/3790/1
f 1107/3741/1 1058/3792/1 1057/3791/1
f 1108/3742/1 1059/3793/1 1058/3792/1
f 1109/3743/1 1060/3794/1 1059/3793/1
f 1110/3744/1 1061/3795/1 1060/3794/1
f 1111/3745/1 1062/3796/1 1061/3795/1
f 1112/3746/1 1063/3797/1 1062/3796/1
f 1113/3747/1 1064/3798/1 1063/3797/1
f 1114/3748/1 1065/3799/1 1064/3798/1
f 1115/3749/1 1066/3800/1 1065/3799/1
f 1116/3750/1 1067/3801/1 1066/3800/1
f 1117/3751/1 1068/3802/1 1067/3801/1
f 1118/3752/1 1069/3803/1 1068/3802/1
f 1119/3753/1 1070/639/1 1069/3803/1
f 221/3755/1 770/3804/1 6/3805/1
f 1021/3754/1 769/3806/1 770/3804/1
f 1022/3756/1 768/3807/1 769/3806/1
f 1023/3757/1 767/3808/1 768/3807/1
f 767/3808/1 1025/3759/1 766/3809/1
f 766/3809/1 1026/3760/1 765/3810/1
f 765/3810/1 1027/3761/1 764/3811/1
f 1027/3761/1 763/3812/1 764/3811/1
f 1028/3762/1 762/3813/1 763/3812/1
f 1029/3763/1 761/3814/1 762/3813/1
f 761/3814/1 1031/3765/1 760/3815/1
f 760/3815/1 1032/3766/1 759/3816/1
f 759/3816/1 1033/3767/1 758/3817/1
f 758/3817/1 1034/3768/1 757/3818/1
f 757/3818/1 1035/3769/1 756/3819/1
f 756/3819/1 1036/3770/1 755/3820/1
f 755/3820/1 1037/3771/1 754/3821/1
f 754/3821/1 1038/3772/1 753/3822/1
f 753/3822/1 1039/3773/1 752/3823/1
f 752/3823/1 1040/3774/1 751/3824/1
f 751/3824/1 1041/3775/1 750/3825/1
f 750/3825/1 1042/3776/1 749/3826/1
f 749/3826/1 1043/3777/1 748/3827/1
f 748/3827/1 1044/3778/1 747/3828/1
f 747/3828/1 1045/3779/1 746/3829/1
f 746/3829/1 1046/3780/1 745/3830/1
f 745/3830/1 1047/3781/1 744/3831/1
f 744/3831/1 1048/3782/1 743/3832/1
f 743/3832/1 1049/3783/1 742/3833/1
f 742/3833/1 1050/3784/1 741/3834/1
f 741/3834/1 1051/3785/1 740/3835/1
f 740/3835/1 1052/3786/1 739/3836/1
f 739/3836/1 1053/3787/1 738/3837/1
f 738/3837/1 1054/3788/1 737/3838/1
f 737/3838/1 1055/3789/1 736/3839/1
f 736/3839/1 1056/3790/1 735/3840/1
f 735/3840/1 1057/3791/1 734/3841/1
f 734/3841/1 1058/3792/1 733/3842/1
f 733/3842/1 1059/3793/1 732/3843/1
f 732/3843/1 1060/3794/1 731/3844/1
f 731/3844/1 1061/3795/1 730/3845/1
f 1061/3795/1 729/3846/1 730/3845/1
f 1062/3796/1 728/3847/1 729/3846/1
f 1063/3797/1 727/3848/1 728/3847/1
f 727/3848/1 1065/3799/1 726/3849/1
f 726/3849/1 1066/3800/1 725/3850/1
f 725/3850/1 1067/3801/1 724/3851/1
f 1067/3801/1 723/3852/1 724/3851/1
f 1068/3802/1 722/3853/1 723/3852/1
f 1069/3803/1 721/641/1 722/3853/1
f 770/3854/3 18/3855/3 6/3856/3
f 769/3857/3 970/3858/3 770/3854/3
f 768/3859/3 969/3860/3 769/3857/3
f 767/3861/3 968/3862/3 768/3859/3
f 766/3863/3 967/3864/3 767/3861/3
f 765/3865/3 966/3866/3 766/3863/3
f 764/3867/3 965/3868/3 765/3865/3
f 763/3869/3 964/3870/3 764/3867/3
f 762/3871/3 963/3872/3 763/3869/3
f 761/3873/3 962/3874/3 762/3871/3
f 760/3875/3 961/3876/3 761/3873/3
f 759/3877/3 960/3878/3 760/3875/3
f 758/3879/3 959/3880/3 759/3877/3
f 757/3881/3 958/3882/3 758/3879/3
f 756/3883/3 957/3884/3 757/3881/3
f 755/3885/3 956/3886/3 756/3883/3
f 754/3887/3 955/3888/3 755/3885/3
f 753/3889/3 954/3890/3 754/3887/3
f 752/3891/3 953/3892/3 753/3889/3
f 751/3893/3 952/3894/3 752/3891/3
f 750/3895/3 951/3896/3 751/3893/3
f 749/3897/3 950/3898/3 750/3895/3
f 748/3899/3 949/3900/3 749/3897/3
f 747/3901/3 948/3902/3 748/3899/3
f 746/3903/3 947/3904/3 747/3901/3
f 745/3905/3 946/3906/3 746/3903/3
f 744/3907/3 945/3908/3 745/3905/3
f 743/3909/3 944/3910/3 744/3907/3
f 742/3911/3 943/3912/3 743/3909/3
f 741/3913/3 942/3914/3 742/3911/3
f 740/3915/3 941/3916/3 741/3913/3
f 739/3917/3 940/3918/3 740/3915/3
f 738/3919/3 939/3920/3 739/3917/3
f 737/3921/3 938/3922/3 738/3919/3
f 736/3923/3 937/3924/3 737/3921/3
f 735/3925/3 936/3926/3 736/3923/3
f 734/3927/3 935/3928/3 735/3925/3
f 733/3929/3 934/3930/3 734/3927/3
f 732/3931/3 933/3932/3 733/3929/3
f 731/3933/3 932/3934/3 732/3931/3
f 730/3935/3 931/3936/3 731/3933/3
f 729/3937/3 930/3938/3 730/3935/3
f 728/3939/3 929/3940/3 729/3937/3
f 727/3941/3 928/3942/3 728/3939/3
f 726/3943/3 927/3944/3 727/3941/3
f 725/3945/3 926/3946/3 726/3943/3
f 724/3947/3 925/3948/3 725/3945/3
f 723/3949/3 924/3950/3 724/3947/3
f 722/3951/3 923/3952/3 723/3949/3
f 721/37/3 922/3953/3 722/3951/3
f 820/3954/2 20/3955/2 8/3956/2
f 819/3957/2 1020/3958/2 820/3954/2
f 818/3959/2 1019/3960/2 819/3957/2
f 817/3961/2 1018/3962/2 818/3959/2
f 816/3963/2 1017/3964/2 817/3961/2
f 815/3965/2 1016/3966/2 816/3963/2
f 814/3967/2 1015/3968/2 815/3965/2
f 813/3969/2 1014/3970/2 814/3967/2
f 812/3971/2 1013/3972/2 813/3969/2
f 811/3973/2 1012/3974/2 812/3971/2
f 810/3975/2 1011/3976/2 811/3973/2
f 809/3977/2 1010/3978/2 810/3975/2
f 808/3979/2 1009/3980/2 809/3977/2
f 807/3981/2 1008/3982/2 808/3979/2
f 806/3983/2 1007/3984/2 807/3981/2
f 805/3985/2 1006/3986/2 806/3983/2
f 804/3987/2 1005/3988/2 805/3985/2
f 803/3989/2 1004/3990/2 804/3987/2
f 802/3991/2 1003/3992/2 803/3989/2
f 801/3993/2 1002/3994/2 802/3991/2
f 800/3995/2 1001/3996/2 801/3993/2
f 799/3997/2 1000/3998/2 800/3995/2
f 798/3999/2 999/4000/2 799/3997/2
f 797/4001/2 998/4002/2 798/3999/2
f 796/4003/2 997/4004/2 797/4001/2
f 795/4005/2 996/4006/2 796/4003/2
f 794/4007/2 995/4008/2 795/4005/2
f 793/4009/2 994/4010/2 794/4007/2
f 792/4011/2 993/4012/2 793/4009/2
f 791/4013/2 992/4014/2 792/4011/2
f 790/4015/2 991/4016/2 791/4013/2
f 789/4017/2 990/4018/2 790/4015/2
f 788/4019/2 989/4020/2 789/4017/2
f 787/4021/2 988/4022/2 788/4019/2
f 786/4023/2 987/4024/2 787/4021/2
f 785/4025/2 986/4026/2 786/4023/2
f 784/4027/2 985/4028/2 785/4025/2
f 783/4029/2 984/4030/2 784/4027/2
f 782/4031/2 983/4032/2 783/4029/2
f 781/4033/2 982/4034/2 782/4031/2
f 780/4035/2 981/4036/2 781/4033/2
f 779/4037/2 980/4038/2 780/4035/2
f 778/4039/2 979/4040/2 779/4037/2
f 777/4041/2 978/4042/2 778/4039/2
f 776/4043/2 977/4044/2 777/4041/2
f 775/4045/2 976/4046/2 776/4043/2
f 774/4047/2 975/4048/2 775/4045/2
f 773/4049/2 974/4050/2 774/4047/2
f 772/4051/2 973/4052/2 773/4049/2
f 771/31/2 972/4053/2 772/4051/2
f 20/26/1 920/4054/1 16/4055/1
f 1020/4056/1 919/4057/1 920/4054/1
f 1019/4058/1 918/4059/1 919/4057/1
f 1018/4060/1 917/4061/1 918/4059/1
f 1017/4062/1 916/4063/1 917/4061/1
f 1016/4064/1 915/4065/1 916/4063/1
f 1015/4066/1 914/4067/1 915/4065/1
f 1014/4068/1 913/4069/1 914/4067/1
f 1013/4070/1 912/4071/1 913/4069/1
f 1012/4072/1 911/4073/1 912/4071/1
f 1011/4074/1 910/4075/1 911/4073/1
f 1010/4076/1 909/4077/1 910/4075/1
f 1009/4078/1 908/4079/1 909/4077/1
f 1008/4080/1 907/4081/1 908/4079/1
f 1007/4082/1 906/4083/1 907/4081/1
f 1006/4084/1 905/4085/1 906/4083/1
f 1005/4086/1 904/4087/1 905/4085/1
f 1004/4088/1 903/4089/1 904/4087/1
f 1003/4090/1 902/4091/1 903/4089/1
f 1002/4092/1 901/4093/1 902/4091/1
f 1001/4094/1 900/4095/1 901/4093/1
f 1000/4096/1 899/4097/1 900/4095/1
f 999/4098/1 898/4099/1 899/4097/1
f 998/4100/1 897/4101/1 898/4099/1
f 997/4102/1 896/4103/1 897/4101/1
f 995/4104/1 896/4103/1 996/4105/1
f 994/4106/1 895/4107/1 995/4104/1
f 993/4108/1 894/4109/1 994/4106/1
f 992/4110/1 893/4111/1 993/4108/1
f 991/4112/1 892/4113/1 992/4110/1
f 990/4114/1 891/4115/1 991/4112/1
f 989/4116/1 890/4117/1 990/4114/1
f 988/4118/1 889/4119/1 989/4116/1
f 987/4120/1 888/4121/1 988/4118/1
f 986/4122/1 887/4123/1 987/4120/1
f 985/4124/1 886/4125/1 986/4122/1
f 984/4126/1 885/4127/1 985/4124/1
f 983/4128/1 884/4129/1 984/4126/1
f 982/4130/1 883/4131/1 983/4128/1
f 981/4132/1 882/4133/1 982/4130/1
f 980/4134/1 881/4135/1 981/4132/1
f 979/4136/1 880/4137/1 980/4134/1
f 978/4138/1 879/4139/1 979/4136/1
f 977/4140/1 878/4141/1 978/4138/1
f 976/4142/1 877/4143/1 977/4140/1
f 975/4144/1 876/4145/1 976/4142/1
f 974/4146/1 875/4147/1 975/4144/1
f 973/4148/1 874/4149/1 974/4146/1
f 972/4150/1 873/4151/1 973/4148/1
f 971/25/1 872/4152/1 972/4150/1
f 18/20/1 870/4153/1 14/4154/1
f 970/4155/1 869/4156/1 870/4153/1
f 969/4157/1 868/4158/1 869/4156/1
f 968/4159/1 867/4160/1 868/4158/1
f 967/4161/1 866/4162/1 867/4160/1
f 966/4163/1 865/4164/1 866/4162/1
f 965/4165/1 864/4166/1 865/4164/1
f 964/4167/1 863/4168/1 864/4166/1
f 963/4169/1 862/4170/1 863/4168/1
f 962/4171/1 861/4172/1 862/4170/1
f 961/4173/1 860/4174/1 861/4172/1
f 960/4175/1 859/4176/1 860/4174/1
f 959/4177/1 858/4178/1 859/4176/1
f 958/4179/1 857/4180/1 858/4178/1
f 957/4181/1 856/4182/1 857/4180/1
f 956/4183/1 855/4184/1 856/4182/1
f 955/4185/1 854/4186/1 855/4184/1
f 954/4187/1 853/4188/1 854/4186/1
f 953/4189/1 852/4190/1 853/4188/1
f 952/4191/1 851/4192/1 852/4190/1
f 951/4193/1 850/4194/1 851/4192/1
f 950/4195/1 849/4196/1 850/4194/1
f 949/4197/1 848/4198/1 849/4196/1
f 948/4199/1 847/4200/1 848/4198/1
f 947/4201/1 846/4202/1 847/4200/1
f 945/4203/1 846/4202/1 946/4204/1
f 944/4205/1 845/4206/1 945/4203/1
f 943/4207/1 844/4208/1 944/4205/1
f 942/4209/1 843/4210/1 943/4207/1
f 941/4211/1 842/4212/1 942/4209/1
f 940/4213/1 841/4214/1 941/4211/1
f 939/4215/1 840/4216/1 940/4213/1
f 938/4217/1 839/4218/1 939/4215/1
f 937/4219/1 838/4220/1 938/4217/1
f 936/4221/1 837/4222/1 937/4219/1
f 935/4223/1 836/4224/1 936/4221/1
f 934/4225/1 835/4226/1 935/4223/1
f 933/4227/1 834/4228/1 934/4225/1
f 932/4229/1 833/4230/1 933/4227/1
f 931/4231/1 832/4232/1 932/4229/1
f 930/4233/1 831/4234/1 931/4231/1
f 929/4235/1 830/4236/1 930/4233/1
f 928/4237/1 829/4238/1 929/4235/1
f 927/4239/1 828/4240/1 928/4237/1
f 926/4241/1 827/4242/1 927/4239/1
f 925/4243/1 826/4244/1 926/4241/1
f 924/4245/1 825/4246/1 925/4243/1
f 923/4247/1 824/4248/1 924/4245/1
f 922/4249/1 823/4250/1 923/4247/1
f 921/19/1 822/4251/1 922/4249/1
f 571/4252/3 15/4/3 11/4253/3
f 572/4254/3 871/4255/3 571/4252/3
f 573/4256/3 872/4257/3 572/4254/3
f 574/4258/3 873/4259/3 573/4256/3
f 575/4260/3 874/4261/3 574/4258/3
f 576/4262/3 875/4263/3 575/4260/3
f 577/4264/3 876/4265/3 576/4262/3
f 578/4266/3 877/4267/3 577/4264/3
f 579/4268/3 878/4269/3 578/4266/3
f 580/4270/3 879/4271/3 579/4268/3
f 581/4272/3 880/4273/3 580/4270/3
f 582/4274/3 881/4275/3 581/4272/3
f 583/4276/3 882/4277/3 582/4274/3
f 584/4278/3 883/4279/3 583/4276/3
f 585/4280/3 884/4281/3 584/4278/3
f 586/4282/3 885/4283/3 585/4280/3
f 587/4284/3 886/4285/3 586/4282/3
f 588/4286/3 887/4287/3 587/4284/3
f 589/4288/3 888/4289/3 588/4286/3
f 590/4290/3 889/4291/3 589/4288/3
f 591/4292/3 890/4293/3 590/4290/3
f 592/4294/3 891/4295/3 591/4292/3
f 593/4296/3 892/4297/3 592/4294/3
f 594/4298/3 893/4299/3 593/4296/3
f 595/4300/3 894/4301/3 594/4298/3
f 596/4302/3 895/4303/3 595/4300/3
f 597/4304/3 896/4305/3 596/4302/3
f 598/4306/3 897/4307/3 597/4304/3
f 599/4308/3 898/4309/3 598/4306/3
f 600/4310/3 899/4311/3 599/4308/3
f 601/4312/3 900/4313/3 600/4310/3
f 602/4314/3 901/4315/3 601/4312/3
f 603/4316/3 902/4317/3 602/4314/3
f 604/4318/3 903/4319/3 603/4316/3
f 605/4320/3 904/4321/3 604/4318/3
f 606/4322/3 905/4323/3 605/4320/3
f 607/4324/3 906/4325/3 606/4322/3
f 608/4326/3 907/4327/3 607/4324/3
f 609/4328/3 908/4329/3 608/4326/3
f 610/4330/3 909/4331/3 609/4328/3
f 611/4332/3 910/4333/3 610/4330/3
f 612/4334/3 911/4335/3 611/4332/3
f 613/4336/3 912/4337/3 612/4334/3
f 614/4338/3 913/4339/3 613/4336/3
f 615/4340/3 914/4341/3 614/4338/3
f 616/4342/3 915/4343/3 615/4340/3
f 617/4344/3 916/4345/3 616/4342/3
f 618/4346/3 917/4347/3 617/4344/3
f 619/4348/3 918/4349/3 618/4346/3
f 620/10/3 919/4350/3 619/4348/3
f 521/4351/2 13/242/2 9/4352/2
f 522/4353/2 821/18/2 521/4351/2
f 523/4354/2 822/4251/2 522/4353/2
f 524/4355/2 823/4250/2 523/4354/2
f 525/4356/2 824/4248/2 524/4355/2
f 526/4357/2 825/4246/2 525/4356/2
f 527/4358/2 826/4359/2 526/4357/2
f 528/4360/2 827/4242/2 527/4358/2
f 529/4361/2 828/4362/2 528/4360/2
f 530/4363/2 829/4364/2 529/4361/2
f 531/4365/2 830/4366/2 530/4363/2
f 532/4367/2 831/4368/2 531/4365/2
f 533/4369/2 832/4370/2 532/4367/2
f 534/4371/2 833/4372/2 533/4369/2
f 535/4373/2 834/4374/2 534/4371/2
f 536/4375/2 835/4376/2 535/4373/2
f 537/4377/2 836/4378/2 536/4375/2
f 538/4379/2 837/4380/2 537/4377/2
f 539/4381/2 838/4382/2 538/4379/2
f 540/4383/2 839/4384/2 539/4381/2
f 541/4385/2 840/4386/2 540/4383/2
f 542/4387/2 841/4388/2 541/4385/2
f 543/4389/2 842/4390/2 542/4387/2
f 544/4391/2 843/4392/2 543/4389/2
f 545/4393/2 844/4394/2 544/4391/2
f 546/4395/2 845/4396/2 545/4393/2
f 547/4397/2 846/4398/2 546/4395/2
f 548/4399/2 847/4400/2 547/4397/2
f 549/4401/2 848/4402/2 548/4399/2
f 550/4403/2 849/4404/2 549/4401/2
f 551/4405/2 850/4406/2 550/4403/2
f 552/4407/2 851/4408/2 551/4405/2
f 553/4409/2 852/4410/2 552/4407/2
f 554/4411/2 853/4412/2 553/4409/2
f 555/4413/2 854/4414/2 554/4411/2
f 556/4415/2 855/4416/2 555/4413/2
f 557/4417/2 856/4418/2 556/4415/2
f 558/4419/2 857/4420/2 557/4417/2
f 559/4421/2 858/4422/2 558/4419/2
f 560/4423/2 859/4424/2 559/4421/2
f 561/4425/2 860/4426/2 560/4423/2
f 562/4427/2 861/4428/2 561/4425/2
f 563/4429/2 862/4430/2 562/4427/2
f 564/4431/2 863/4432/2 563/4429/2
f 565/4433/2 864/4434/2 564/4431/2
f 566/4435/2 865/4436/2 565/4433/2
f 567/4437/2 866/4438/2 566/4435/2
f 568/4439/2 867/4440/2 567/4437/2
f 569/4441/2 868/4442/2 568/4439/2
f 570/7/2 869/4443/2 569/4441/2
f 620/4/1 4/4/1 12/4/1
f 619/4/1 720/4/1 620/4/1
f 618/4/1 719/4/1 619/4/1
f 617/4/1 718/4/1 618/4/1
f 616/4/1 717/4/1 617/4/1
f 615/4/1 716/4/1 616/4/1
f 614/4/1 715/4/1 615/4/1
f 613/4/1 714/4/1 614/4/1
f 612/4/1 713/4/1 613/4/1
f 611/4/1 712/4/1 612/4/1
f 610/4/1 711/4/1 611/4/1
f 609/4/1 710/4/1 610/4/1
f 608/4/1 709/4/1 609/4/1
f 607/4/1 708/4/1 608/4/1
f 606/4/1 707/4/1 607/4/1
f 605/4/1 706/4/1 606/4/1
f 604/4/1 705/4/1 605/4/1
f 603/4/1 704/4/1 604/4/1
f 602/4/1 703/4/1 603/4/1
f 601/4/1 702/4/1 602/4/1
f 600/4/1 701/4/1 601/4/1
f 599/4/1 700/4/1 600/4/1
f 598/4/1 699/4/1 599/4/1
f 597/4/1 698/4/1 598/4/1
f 596/4/1 697/4/1 597/4/1
f 595/4/1 696/4/1 596/4/1
f 594/4/1 695/4/1 595/4/1
f 593/4/1 694/4/1 594/4/1
f 592/4/1 693/4/1 593/4/1
f 591/4/1 692/4/1 592/4/1
f 590/4/1 691/4/1 591/4/1
f 589/4/1 690/4/1 590/4/1
f 588/4/1 689/4/1 589/4/1
f 587/4/1 688/4/1 588/4/1
f 586/4/1 687/4/1 587/4/1
f 585/4/1 686/4/1 586/4/1
f 584/4/1 685/4/1 585/4/1
f 583/4/1 684/4/1 584/4/1
f 582/4/1 683/4/1 583/4/1
f 581/4/1 682/4/1 582/4/1
f 580/4/1 681/4/1 581/4/1
f 579/4/1 680/4/1 580/4/1
f 578/4/1 679/4/1 579/4/1
f 577/4/1 678/4/1 578/4/1
f 576/4/1 677/4/1 577/4/1
f 575/4/1 676/4/1 576/4/1
f 574/4/1 675/4/1 575/4/1
f 573/4/1 674/4/1 574/4/1
f 572/4/1 673/4/1 573/4/1
f 571/4/1 672/4/1 572/4/1
f 570/4/1 1/4/1 10/4/1
f 569/4/1 670/4/1 570/4/1
f 568/4/1 669/4/1 569/4/1
f 567/4/1 668/4/1 568/4/1
f 566/4/1 667/4/1 567/4/1
f 565/4/1 666/4/1 566/4/1
f 564/4/1 665/4/1 565/4/1
f 563/4/1 664/4/1 564/4/1
f 562/4/1 663/4/1 563/4/1
f 561/4/1 662/4/1 562/4/1
f 560/4/1 661/4/1 561/4/1
f 559/4/1 660/4/1 560/4/1
f 558/4/1 659/4/1 559/4/1
f 557/4/1 658/4/1 558/4/1
f 556/4/1 657/4/1 557/4/1
f 555/4/1 656/4/1 556/4/1
f 554/4/1 655/4/1 555/4/1
f 553/4/1 654/4/1 554/4/1
f 552/4/1 653/4/1 553/4/1
f 551/4/1 652/4/1 552/4/1
f 550/4/1 651/4/1 551/4/1
f 549/4/1 650/4/1 550/4/1
f 548/4/1 649/4/1 549/4/1
f 547/4/1 648/4/1 548/4/1
f 546/4/1 647/4/1 547/4/1
f 545/4/1 646/4/1 546/4/1
f 544/4/1 645/4/1 545/4/1
f 543/4/1 644/4/1 544/4/1
f 542/4/1 643/4/1 543/4/1
f 541/4/1 642/4/1 542/4/1
f 540/4/1 641/4/1 541/4/1
f 539/4/1 640/4/1 540/4/1
f 538/4/1 639/4/1 539/4/1
f 537/4/1 638/4/1 538/4/1
f 536/4/1 637/4/1 537/4/1
f 535/4/1 636/4/1 536/4/1
f 534/4/1 635/4/1 535/4/1
f 533/4/1 634/4/1 534/4/1
f 532/4/1 633/4/1 533/4/1
f 531/4/1 632/4/1 532/4/1
f 530/4/1 631/4/1 531/4/1
f 529/4/1 630/4/1 530/4/1
f 528/4/1 629/4/1 529/4/1
f 527/4/1 628/4/1 528/4/1
f 526/4/1 627/4/1 527/4/1
f 525/4/1 626/4/1 526/4/1
f 524/4/1 625/4/1 525/4/1
f 523/4/1 624/4/1 524/4/1
f 522/4/1 623/4/1 523/4/1
f 521/4/1 622/4/1 522/4/1
f 7/4444/1 3450/746/1 270/743/1
f 771/4445/1 3451/748/1 3450/746/1
f 772/4446/1 3452/750/1 3451/748/1
f 773/4447/1 3453/752/1 3452/750/1
f 774/4448/1 3454/754/1 3453/752/1
f 775/4449/1 3455/756/1 3454/754/1
f 776/4450/1 3456/758/1 3455/756/1
f 777/4451/1 3457/760/1 3456/758/1
f 778/4452/1 3458/762/1 3457/760/1
f 779/4453/1 3459/764/1 3458/762/1
f 780/4454/1 3460/766/1 3459/764/1
f 781/4455/1 3461/768/1 3460/766/1
f 782/4456/1 3462/770/1 3461/768/1
f 783/4457/1 3463/772/1 3462/770/1
f 784/4458/1 3464/774/1 3463/772/1
f 785/4459/1 3465/776/1 3464/774/1
f 786/4460/1 3466/778/1 3465/776/1
f 787/4461/1 3467/780/1 3466/778/1
f 788/4462/1 3468/4463/1 3467/780/1
f 3469/4464/4 4062/4465/4 790/4466/4
f 790/4467/1 3470/788/1 3469/785/1
f 791/4468/1 3471/790/1 3470/788/1
f 792/4469/1 3472/792/1 3471/790/1
f 793/4470/1 3473/794/1 3472/792/1
f 794/4471/1 3474/796/1 3473/794/1
f 795/4472/1 3475/798/1 3474/796/1
f 796/4473/1 3476/800/1 3475/798/1
f 797/4474/1 3477/802/1 3476/800/1
f 798/4475/1 3478/804/1 3477/802/1
f 799/4476/1 3479/806/1 3478/804/1
f 800/4477/1 3480/808/1 3479/806/1
f 801/4478/1 3481/810/1 3480/808/1
f 802/4479/1 3482/812/1 3481/810/1
f 803/4480/1 3483/814/1 3482/812/1
f 804/4481/1 3484/816/1 3483/814/1
f 805/4482/1 3485/818/1 3484/816/1
f 806/4483/1 3486/820/1 3485/818/1
f 807/4484/1 3487/822/1 3486/820/1
f 808/4485/1 3488/824/1 3487/822/1
f 809/4486/1 3489/826/1 3488/824/1
f 810/4487/1 3490/828/1 3489/826/1
f 811/4488/1 3491/830/1 3490/828/1
f 812/4489/1 3492/832/1 3491/830/1
f 813/4490/1 3493/834/1 3492/832/1
f 814/4491/1 3494/836/1 3493/834/1
f 815/4492/1 3495/838/1 3494/836/1
f 816/4493/1 3496/840/1 3495/838/1
f 817/4494/1 3497/842/1 3496/840/1
f 818/4495/1 3498/844/1 3497/842/1
f 819/4496/1 3499/3/1 3498/844/1
f 3519/4497/1 3503/4498/1 3502/4499/1
f 3520/4500/1 3504/4501/1 3503/4498/1
f 3521/4502/1 3505/4503/1 3504/4501/1
f 3522/4504/1 3506/4505/1 3505/4503/1
f 3523/4506/1 3507/4507/1 3506/4505/1
f 3524/4508/1 3508/4509/1 3507/4507/1
f 3525/4510/1 3509/4511/1 3508/4509/1
f 3526/4512/1 3510/4513/1 3509/4511/1
f 3527/4514/1 3511/4515/1 3510/4513/1
f 3528/4516/1 3512/4517/1 3511/4515/1
f 3529/4518/1 3513/4519/1 3512/4517/1
f 3530/4520/1 3514/4521/1 3513/4519/1
f 3531/4522/1 3515/4523/1 3514/4521/1
f 3532/4524/1 3516/4525/1 3515/4523/1
f 1243/4526/3 3528/4527/3 1242/3571/3
f 1190/3570/2 3510/4528/2 1191/4529/2
f 1197/4530/4 3533/4531/4 1247/4532/4
f 1244/4533/3 3529/4534/3 1243/4526/3
f 1191/4529/2 3511/4535/2 1192/4536/2
f 1245/4537/3 3530/4538/3 1244/4533/3
f 1192/4536/2 3512/4539/2 1193/4540/2
f 1246/4541/3 3531/4542/3 1245/4537/3
f 1193/4540/2 3513/4543/2 1194/4544/2
f 1247/2798/3 3532/4545/3 1246/4541/3
f 1508/1736/3 1221/4546/3 1507/1727/3
f 1194/4544/2 3514/4547/2 1195/4548/2
f 1462/4549/2 1222/4550/2 1463/4551/2
f 1507/1727/3 4071/4552/3 231/1718/3
f 1195/4548/2 3515/4553/2 1196/4554/2
f 231/4555/5 4076/4556/5 230/4557/5
f 1461/4558/2 1223/4559/2 1462/4549/2
f 1196/4554/2 3516/4560/2 1197/4561/2
f 1513/4562/3 1216/4563/3 1512/4564/3
f 1460/4565/2 1224/4566/2 1461/4558/2
f 1512/4564/3 1217/4567/3 1511/3193/3
f 1459/3197/2 1225/4568/2 1460/4565/2
f 1216/4569/1 1222/4570/1 1223/4571/1
f 1217/4572/1 1223/4571/1 1224/4573/1
f 1218/4574/1 1224/4573/1 1225/4575/1
f 1219/4576/1 1225/4575/1 1226/4577/1
f 1220/4578/1 1226/4577/1 1227/4579/1
f 1221/4580/1 1227/4579/1 1228/4581/1
f 3552/4582/1 3535/4583/1 3534/4584/1
f 3553/4585/1 3536/4586/1 3535/4583/1
f 3554/4587/1 3537/4588/1 3536/4586/1
f 3555/4589/1 3538/4590/1 3537/4588/1
f 3556/4591/1 3539/4592/1 3538/4590/1
f 3557/4593/1 3540/4594/1 3539/4592/1
f 3558/4595/1 3541/4596/1 3540/4594/1
f 3559/4597/1 3542/4598/1 3541/4596/1
f 3560/4599/1 3543/4600/1 3542/4598/1
f 3561/4601/1 3544/4602/1 3543/4600/1
f 3562/4603/1 3545/4604/1 3544/4602/1
f 3563/4605/1 3546/4606/1 3545/4604/1
f 3564/4607/1 3547/4608/1 3546/4606/1
f 3565/4609/1 3548/4610/1 3547/4608/1
f 3566/4611/1 3549/4612/1 3548/4610/1
f 3567/4613/1 3550/4614/1 3549/4612/1
f 3568/4615/1 3551/4616/1 3550/4614/1
f 1522/2765/3 3560/4617/3 1521/2761/3
f 1468/3205/2 3540/1106/2 1469/4618/2
f 1523/2769/3 3561/4619/3 1522/2765/3
f 1469/4618/2 3541/4620/2 1470/4621/2
f 1513/4622/5 3534/4623/5 1463/3263/5
f 1524/2773/3 3562/4621/3 1523/2769/3
f 1470/4621/2 3542/4624/2 1471/4619/2
f 1525/4625/3 3563/4626/3 1524/2773/3
f 1471/4619/2 3543/4627/2 1472/4617/2
f 1526/4628/3 3564/4629/3 1525/4625/3
f 1472/4617/2 3544/4630/2 1473/3206/2
f 1527/4631/3 3565/4632/3 1526/4628/3
f 1480/2182/4 3569/4633/4 1530/4622/4
f 1514/4634/3 3552/1719/3 1513/4635/3
f 1473/3206/2 3545/865/2 1474/3211/2
f 1528/4636/3 3566/4637/3 1527/4631/3
f 1515/3228/3 3553/3209/3 1514/4634/3
f 1474/3211/2 3546/867/2 1475/3217/2
f 1529/3226/3 3567/4638/3 1528/4636/3
f 3573/4639/1 3571/4640/1 3572/4641/1
f 3597/4642/1 3575/4643/1 3574/4644/1
f 3598/4645/1 3576/4646/1 3575/4643/1
f 3599/4647/1 3577/4648/1 3576/4646/1
f 3600/4649/1 3578/4650/1 3577/4648/1
f 3601/4651/1 3579/4652/1 3578/4650/1
f 3602/4653/1 3580/4654/1 3579/4652/1
f 3603/4655/1 3581/4656/1 3580/4654/1
f 3604/4657/1 3582/4658/1 3581/4656/1
f 3605/4659/1 3583/4660/1 3582/4658/1
f 3606/4661/1 3584/4662/1 3583/4660/1
f 3607/4663/1 3585/4664/1 3584/4662/1
f 3608/4665/1 3586/4666/1 3585/4664/1
f 3609/4667/1 3587/4668/1 3586/4666/1
f 3610/4669/1 3588/4670/1 3587/4668/1
f 3611/4671/1 3589/4672/1 3588/4670/1
f 3612/4673/1 3590/4674/1 3589/4672/1
f 3613/4675/1 3591/4676/1 3590/4674/1
f 3614/4677/1 3592/4678/1 3591/4676/1
f 3615/4679/1 3593/4680/1 3592/4678/1
f 3616/4681/1 3594/4682/1 3593/4680/1
f 3617/4683/1 3595/4684/1 3594/4682/1
f 3618/4685/1 3596/4686/1 3595/4684/1
f 3619/4687/1 3572/4641/1 3596/4686/1
f 1495/3240/2 3587/1735/2 1496/3255/2
f 1550/4688/3 3613/3251/3 1549/3236/3
f 1537/4689/3 3600/3253/3 1536/660/3
f 1496/3255/2 3588/1726/2 1497/3261/2
f 1551/4690/3 3614/3257/3 1550/4688/3
f 1483/4691/2 3575/1723/2 1484/3234/2
f 1538/4692/3 3601/3259/3 1537/4689/3
f 1497/3261/2 3589/1717/2 1498/3270/2
f 1552/4693/3 3615/3266/3 1551/4690/3
f 1484/3234/2 3576/1732/2 1485/4694/2
f 1539/4695/3 3602/3268/3 1538/4692/3
f 1498/3270/2 3590/1711/2 1499/4696/2
f 1553/4697/3 3616/4698/3 1552/4693/3
f 1485/4694/2 3577/1738/2 1486/4699/2
f 1540/4700/3 3603/4701/3 1539/4695/3
f 1499/4696/2 3591/710/2 1500/4702/2
f 1554/4703/3 3617/4704/3 1553/4697/3
f 1486/4699/2 3578/4705/2 1487/4704/2
f 1541/4706/3 3604/4702/3 1540/4700/3
f 1500/4702/2 3592/712/2 1501/4701/2
f 1555/4707/3 3618/4699/3 1554/4703/3
f 1487/4704/2 3579/4708/2 1488/4709/2
f 1542/3271/3 3605/4696/3 1541/4706/3
f 1501/4701/2 3593/4710/2 1502/3268/2
f 1556/3235/3 3619/4711/3 1555/4707/3
f 1488/4709/2 3580/4712/2 1489/3266/2
f 3632/4713/1 3621/4714/1 3620/4715/1
f 3633/4716/1 3622/4717/1 3621/4714/1
f 3634/4718/1 3623/4719/1 3622/4717/1
f 3635/4720/1 3624/4721/1 3623/4719/1
f 3636/4722/1 3625/4723/1 3624/4721/1
f 3637/4724/1 3626/4725/1 3625/4723/1
f 3638/4726/1 3627/4727/1 3626/4725/1
f 3639/4728/1 3628/4729/1 3627/4727/1
f 3640/4730/1 3629/4731/1 3628/4729/1
f 3641/4732/1 3630/4733/1 3629/4731/1
f 3642/4734/1 3631/4735/1 3630/4733/1
f 1902/2790/2 3629/4736/2 1903/4737/2
f 1955/4738/3 3642/4739/3 1954/2785/3
f 1895/2784/2 3622/4740/2 1896/4741/2
f 1944/4742/5 3620/4743/5 1894/4744/5
f 1948/4745/3 3635/4746/3 1947/2779/3
f 1903/4737/2 3630/4747/2 1904/4748/2
f 1896/4741/2 3623/4749/2 1897/4750/2
f 1949/4751/3 3636/4752/3 1948/4745/3
f 1904/4748/2 3631/4753/2 1905/4738/2
f 1897/4750/2 3624/4754/2 1898/4755/2
f 1950/4756/3 3637/4757/3 1949/4751/3
f 1898/4755/2 3625/4758/2 1899/2801/2
f 1951/2800/3 3638/4759/3 1950/4756/3
f 3662/4760/1 3645/4585/1 3644/4582/1
f 3663/4761/1 3646/4587/1 3645/4585/1
f 3664/4762/1 3647/4589/1 3646/4587/1
f 3665/4763/1 3648/4591/1 3647/4589/1
f 3666/4764/1 3649/4593/1 3648/4591/1
f 3667/4765/1 3650/4595/1 3649/4593/1
f 3668/4766/1 3651/4597/1 3650/4595/1
f 3669/4767/1 3652/4599/1 3651/4597/1
f 3670/4768/1 3653/4601/1 3652/4599/1
f 3671/4769/1 3654/4603/1 3653/4601/1
f 3672/4770/1 3655/4605/1 3654/4603/1
f 3673/4771/1 3656/4607/1 3655/4605/1
f 3674/4772/1 3657/4609/1 3656/4607/1
f 3675/4773/1 3658/4611/1 3657/4609/1
f 3676/4774/1 3659/4613/1 3658/4611/1
f 3677/4775/1 3660/4615/1 3659/4613/1
f 3678/4776/1 3661/4777/1 3660/4615/1
f 1884/2747/2 3656/3221/2 1885/4778/2
f 1939/4779/3 3677/4780/3 1938/2739/3
f 1926/4781/3 3664/4782/3 1925/2736/3
f 1885/4778/2 3657/3223/2 1886/4783/2
f 1940/1093/3 3678/4784/3 1939/4779/3
f 1927/4785/3 3665/4786/3 1926/4781/3
f 1886/4783/2 3658/3228/2 1887/4787/2
f 1873/4788/2 3645/4636/2 1874/4789/2
f 1890/4790/4 3679/4791/4 1940/1677/4
f 1928/4792/3 3666/4793/3 1927/4785/3
f 1887/4787/2 3659/4634/2 1888/4794/2
f 1874/4789/2 3646/4631/2 1875/4795/2
f 1929/4796/3 3667/4797/3 1928/4792/3
f 1888/4794/2 3660/4635/2 1889/4798/2
f 1875/4795/2 3647/4628/2 1876/4799/2
f 1930/4800/3 3668/4801/3 1929/4796/3
f 1889/4798/2 3661/4802/2 1890/4803/2
f 1876/4799/2 3648/4625/2 1877/2772/2
f 1931/2771/3 3669/4804/3 1930/4800/3
f 3689/4805/1 3681/4806/1 3680/4807/1
f 3690/4808/1 3682/4809/1 3681/4806/1
f 3691/4810/1 3683/4811/1 3682/4809/1
f 3692/4812/1 3684/4813/1 3683/4811/1
f 3693/4814/1 3685/4815/1 3684/4813/1
f 3694/4816/1 3686/4817/1 3685/4815/1
f 3695/4818/1 3687/4819/1 3686/4817/1
f 3696/4820/1 3688/4821/1 3687/4819/1
f 1814/2815/2 3685/4822/2 1815/4823/2
f 1867/4824/3 3695/2198/3 1866/2811/3
f 1860/4825/5 3680/4826/5 1810/4827/5
f 1815/4823/2 3686/4828/2 1816/4829/2
f 1868/4830/3 3696/2283/3 1867/4824/3
f 1818/4532/4 3697/1699/4 1868/4831/4
f 1861/4832/3 3689/2368/3 1860/4833/3
f 1816/4829/2 3687/4834/2 1817/4835/2
f 1862/2820/3 3690/2362/3 1861/4832/3
f 1817/4835/2 3688/4836/2 1818/1729/2
f 3718/4837/1 3717/4838/1 3716/4839/1
f 3716/4839/1 3715/4840/1 3714/4841/1
f 3714/4841/1 3713/4842/1 3712/4843/1
f 3712/4843/1 3711/4844/1 3710/4845/1
f 3710/4845/1 3709/4846/1 3708/4847/1
f 3708/4847/1 3707/4848/1 3706/4849/1
f 3706/4849/1 3705/4850/1 3704/4851/1
f 3704/4851/1 3703/4852/1 3702/4853/1
f 3702/4853/1 3701/4854/1 3700/4855/1
f 3700/4855/1 3699/4856/1 3698/4857/1
f 2200/4858/5 3706/4859/5 2150/2415/5
f 2000/4860/5 3698/4861/5 1950/4862/5
f 2351/2353/4 3717/4863/4 2401/4864/4
f 2151/2274/4 3709/4865/4 2201/4866/4
f 1951/4867/4 3701/4868/4 2001/4869/4
f 2450/4870/5 3716/4871/5 2400/2119/5
f 2250/2710/5 3708/4872/5 2200/4858/5
f 2050/2653/5 3700/4873/5 2000/4860/5
f 2401/4864/4 3719/4874/4 2451/3224/4
f 1950/3616/2 3699/4875/2 1951/2180/2
f 2201/4866/4 3711/4876/4 2251/2596/4
f 2001/4869/4 3703/4877/4 2051/2540/4
f 3723/4878/1 3721/4879/1 3722/4880/1
f 3744/4881/1 3725/4882/1 3724/4883/1
f 3745/4776/1 3726/4884/1 3725/4882/1
f 3746/4775/1 3727/4885/1 3726/4884/1
f 3747/4774/1 3728/4886/1 3727/4885/1
f 3748/4773/1 3729/4887/1 3728/4886/1
f 3749/4888/1 3730/4889/1 3729/4887/1
f 3750/4890/1 3731/4891/1 3730/4889/1
f 3751/4892/1 3732/4893/1 3731/4891/1
f 3752/4894/1 3733/4895/1 3732/4893/1
f 3753/4896/1 3734/4897/1 3733/4895/1
f 3754/4898/1 3735/4899/1 3734/4897/1
f 3755/4900/1 3736/4901/1 3735/4899/1
f 3756/4765/1 3737/4902/1 3736/4901/1
f 3757/4764/1 3738/4903/1 3737/4902/1
f 3758/4763/1 3739/4904/1 3738/4903/1
f 3759/4762/1 3740/4905/1 3739/4904/1
f 3760/4761/1 3741/4906/1 3740/4905/1
f 3761/4760/1 3742/4907/1 3741/4906/1
f 3762/4908/1 3743/4909/1 3742/4907/1
f 3763/4910/1 3722/4880/1 3743/4909/1
f 2748/4911/3 3762/4912/3 2747/1708/3
f 2680/1707/2 3726/3197/2 2681/4913/2
f 2735/4914/3 3749/4915/3 2734/1702/3
f 2694/712/2 3740/2813/2 2695/4710/2
f 2749/1721/3 3763/4916/3 2748/4911/3
f 2681/4913/2 3727/4565/2 2682/4917/2
f 2736/4918/3 3750/4919/3 2735/4914/3
f 2695/4710/2 3741/2815/2 2696/3269/2
f 2682/4917/2 3728/4558/2 2683/4920/2
f 2737/4921/3 3751/1435/3 2736/4918/3
f 2729/4922/5 3724/4923/5 2679/1699/5
f 2696/3269/2 3742/4823/2 2697/3260/2
f 2683/4920/2 3729/4924/2 2684/3258/2
f 2738/4925/3 3752/1074/3 2737/4921/3
f 2697/3260/2 3743/4829/2 2698/3254/2
f 2684/3258/2 3730/4551/2 2685/4926/2
f 2739/4927/3 3753/1072/3 2738/4925/3
f 2698/3254/2 3722/4835/2 2699/1728/2
f 2685/4926/2 3731/4928/2 2686/4929/2
f 2740/4930/3 3754/4931/3 2739/4927/3
f 2686/4929/2 3732/3193/2 2687/3246/2
f 2741/1743/3 3755/1378/3 2740/4930/3
f 2687/3246/2 3733/3195/2 2688/1741/2
f 3794/4616/1 3793/4932/1 3792/4614/1
f 3792/4614/1 3791/4933/1 3790/4612/1
f 3790/4612/1 3789/4934/1 3788/4610/1
f 3788/4610/1 3787/4935/1 3786/4608/1
f 3786/4608/1 3785/4516/1 3784/4936/1
f 3784/4936/1 3783/4514/1 3782/4937/1
f 3782/4937/1 3781/4938/1 3780/4602/1
f 3780/4602/1 3779/4939/1 3778/4600/1
f 3778/4600/1 3777/4940/1 3776/4598/1
f 3776/4598/1 3775/4941/1 3774/4596/1
f 3774/4596/1 3773/4942/1 3772/4594/1
f 3772/4594/1 3771/4943/1 3770/4592/1
f 3770/4592/1 3769/4944/1 3768/4590/1
f 3768/4590/1 3767/4945/1 3766/4588/1
f 3766/4588/1 3765/4946/1 3764/4586/1
f 1936/4947/2 3765/4948/2 1937/4949/2
f 2637/2336/4 3795/4950/4 2680/4951/4
f 2437/2257/4 3787/4952/4 2487/4953/4
f 2136/4954/5 3770/4955/5 2086/2163/5
f 2087/2104/4 3773/4956/4 2137/4957/4
f 2336/4958/5 3778/4959/5 2286/2044/5
f 2287/1881/4 3781/4960/4 2337/4961/4
f 2536/4962/5 3786/4963/5 2486/1798/5
f 1986/4964/5 3764/4965/5 1936/4966/5
f 2487/4953/4 3789/4967/4 2537/2693/4
f 1937/4968/4 3767/4969/4 1987/2636/4
f 2186/2581/5 3772/4970/5 2136/4954/5
f 2137/4957/4 3775/4971/4 2187/2399/4
f 2386/2467/5 3780/4972/5 2336/4958/5
f 2337/4961/4 3783/4973/4 2387/2255/4
f 2586/2525/5 3788/4974/5 2536/4962/5
f 2036/2165/5 3766/4975/5 1986/4964/5
f 3843/4976/1 3829/4977/1 3828/4978/1
f 3844/4979/1 3830/4980/1 3829/4977/1
f 3845/4981/1 3831/4982/1 3830/4980/1
f 3846/4983/1 3832/4984/1 3831/4982/1
f 3847/4985/1 3833/4986/1 3832/4984/1
f 3848/4987/1 3834/4988/1 3833/4986/1
f 3849/4989/1 3835/4990/1 3834/4988/1
f 3850/4991/1 3836/4992/1 3835/4990/1
f 3851/4993/1 3837/4994/1 3836/4992/1
f 3852/4995/1 3838/4996/1 3837/4994/1
f 3853/4997/1 3839/4998/1 3838/4996/1
f 3854/4999/1 3840/5000/1 3839/4998/1
f 3855/5001/1 3841/5002/1 3840/5000/1
f 3856/5003/1 3842/4658/1 3841/5002/1
f 3828/4978/1 3827/5004/1 3826/5005/1
f 3826/5005/1 3825/5006/1 3824/5007/1
f 3824/5007/1 3823/5008/1 3822/5009/1
f 3822/5009/1 3821/5010/1 3820/5011/1
f 3820/5011/1 3819/5012/1 3818/5013/1
f 3818/5013/1 3817/5014/1 3816/5015/1
f 3816/5015/1 3815/5016/1 3814/5017/1
f 3814/5017/1 3813/5018/1 3812/5019/1
f 3812/5019/1 3811/5020/1 3810/5021/1
f 3810/5021/1 3809/5022/1 3808/5023/1
f 3808/5023/1 3807/5024/1 3806/5025/1
f 3806/5025/1 3805/5026/1 3804/5027/1
f 3804/5027/1 3803/5028/1 3802/5029/1
f 3802/5029/1 3801/5030/1 3800/5031/1
f 3800/5031/1 3799/5032/1 3798/5033/1
f 3798/5033/1 3797/1704/1 3796/1714/1
f 2674/5034/4 3857/1089/4 2724/1398/4
f 2218/1666/4 3813/5035/4 2268/5036/4
f 2317/5037/5 3812/5038/5 2267/1661/5
f 2268/5036/4 3815/5039/4 2318/5040/4
f 2711/5041/3 3843/5042/3 2710/5043/3
f 2367/5044/5 3814/5045/5 2317/5037/5
f 2567/5046/5 3822/5047/5 2517/5048/5
f 2712/5049/3 3844/5050/3 2711/5041/3
f 2318/5040/4 3817/5051/4 2368/5052/4
f 2518/2503/4 3825/5053/4 2568/5054/4
f 2713/5055/3 3845/5056/3 2712/5049/3
f 2417/5057/5 3816/5058/5 2367/5044/5
f 2714/5059/3 3846/5060/3 2713/5055/3
f 2617/5061/5 3824/5062/5 2567/5046/5
f 2368/5052/4 3819/5063/4 2418/5064/4
f 2661/5065/2 3830/5066/2 2662/5067/2
f 2568/5054/4 3827/5068/4 2618/5069/4
f 2715/5070/3 3847/5071/3 2714/5059/3
f 2662/5067/2 3831/5072/2 2663/5073/2
f 1917/5074/5 3796/5075/5 1867/5076/5
f 2467/5077/5 3818/5078/5 2417/5057/5
f 2716/5079/3 3848/5080/3 2715/5070/3
f 2660/2673/5 3826/5081/5 2617/5061/5
f 2663/5073/2 3832/5082/2 2664/5083/2
f 1868/4966/4 3799/5084/4 1918/2615/4
f 2418/5064/4 3821/5085/4 2468/2501/4
f 2717/5086/3 3849/5087/3 2716/5079/3
f 2664/5083/2 3833/5088/2 2665/2728/2
f 2618/5069/4 3829/5089/4 2661/5090/4
f 1967/2301/5 3798/5091/5 1917/5074/5
f 2718/2560/3 3850/5092/3 2717/5086/3
f 2517/5048/5 3820/5093/5 2467/5077/5
f 3886/5094/1 3885/5095/1 3884/5096/1
f 3884/5096/1 3877/5097/1 3876/5098/1
f 3876/5098/1 3868/5099/1 3867/5100/1
f 3877/5097/1 3869/5101/1 3868/5099/1
f 3878/5102/1 3870/5103/1 3869/5101/1
f 3879/5104/1 3871/5105/1 3870/5103/1
f 3880/5106/1 3872/5107/1 3871/5105/1
f 3881/5108/1 3873/5109/1 3872/5107/1
f 3882/5110/1 3874/5111/1 3873/5109/1
f 3873/5109/1 3865/5112/1 3864/5113/1
f 3874/5111/1 3866/5114/1 3865/5112/1
f 3865/5112/1 3863/5115/1 3862/5116/1
f 3862/5116/1 3861/5117/1 3860/5118/1
f 3860/5118/1 3859/5119/1 3858/5120/1
f 2327/5121/3 3878/5122/3 2326/2148/3
f 2328/5123/3 3879/5124/3 2327/5121/3
f 2274/1435/2 3868/5125/2 2275/4919/2
f 2329/5126/3 3880/5127/3 2328/5123/3
f 2231/5128/5 3862/5129/5 2181/2221/5
f 2324/5130/5 3867/5131/5 2274/5132/5
f 2275/4919/2 3869/5133/2 2276/4915/2
f 2330/5134/3 3881/2180/3 2329/5126/3
f 2182/2089/4 3866/5135/4 2232/2459/4
f 2276/4915/2 3870/5136/2 2277/1703/2
f 2331/5137/3 3882/3616/3 2330/5134/3
f 2425/5138/3 3886/5139/3 2424/4923/3
f 2277/1703/2 3871/5140/2 2278/1713/2
f 2280/4827/5 3864/5141/5 2230/5142/5
f 2278/1713/2 3872/5143/2 2279/1722/2
f 2374/2232/5 3876/5144/5 2324/5130/5
f 3894/4946/1 3889/4583/1 3888/4586/1
f 3895/5145/1 3890/4584/1 3889/4583/1
f 3896/5146/1 3891/5147/1 3890/4584/1
f 3897/5148/1 3892/5149/1 3891/5147/1
f 3898/5150/1 3893/5151/1 3892/5149/1
f 2281/2254/2 3889/5152/2 2282/5153/2
f 2285/2249/2 3893/5154/2 2286/5155/2
f 2334/5156/3 3896/5157/3 2333/2241/3
f 2282/5153/2 3890/5158/2 2283/5159/2
f 2331/5160/5 3888/5161/5 2281/4825/5
f 2335/2252/3 3897/5162/3 2334/5156/3
f 2283/5159/2 3891/5163/2 2284/2247/2
f 3903/3533/1 1208/3613/1 1209/3656/1
f 3904/3532/1 1209/3656/1 1210/3654/1
f 4071/5164/1 1228/4581/1 4076/5165/1
f 3501/3531/1 1210/3654/1 1211/3652/1
f 224/3530/1 1211/3652/1 1212/3650/1
f 225/3529/1 1212/3650/1 1213/3648/1
f 1171/3528/1 1213/3648/1 1214/3646/1
f 1172/3527/1 1214/3646/1 4067/3644/1
f 1173/3526/1 4067/3644/1 4072/3641/1
f 3934/5166/1 3932/5167/1 3931/5168/1
f 3931/5168/1 3929/5169/1 3928/5170/1
f 3932/5167/1 3930/5171/1 3929/5169/1
f 3929/5169/1 3927/5172/1 3926/5173/1
f 3926/5173/1 3925/5174/1 3924/5175/1
f 3924/5175/1 3923/5176/1 3922/5177/1
f 3922/5177/1 3919/5178/1 3918/5179/1
f 3918/5179/1 3915/5180/1 3914/5181/1
f 3919/5178/1 3916/5182/1 3915/5180/1
f 3920/5183/1 3917/5184/1 3916/5182/1
f 3916/5182/1 3913/5185/1 3912/5186/1
f 3912/5186/1 3911/5187/1 3910/5188/1
f 3910/5188/1 3909/5189/1 3908/5190/1
f 3908/5190/1 3907/5191/1 3906/5192/1
f 3069/5193/2 3915/5194/2 3070/5195/2
f 3419/5196/3 3934/5197/3 3418/782/3
f 2922/1229/4 3911/5198/4 2972/5199/4
f 3320/1226/4 3933/5200/4 3370/3216/4
f 3070/5195/2 3916/5201/2 3071/5202/2
f 3219/5203/5 3922/5204/5 3169/924/5
f 3418/2229/5 3931/5205/5 3368/980/5
f 2871/5206/2 3907/5207/2 2872/5208/2
f 3021/1654/5 3910/5209/5 2971/921/5
f 3170/867/4 3925/5210/4 3220/3227/4
f 3369/2235/4 3935/5211/4 3419/4556/4
f 2972/5199/4 3913/5212/4 3022/1453/4
f 3370/5213/3 3932/5214/3 3369/5215/3
f 3269/1232/5 3924/5216/5 3219/5203/5
f 3071/1644/5 3912/5217/5 3021/1654/5
f 3220/3227/4 3927/5218/4 3270/1224/4
f 3939/5219/1 3956/5220/1 3938/5221/1
f 3964/5222/1 3957/5223/1 3956/5220/1
f 3965/5224/1 3958/5225/1 3957/5223/1
f 3966/5226/1 3959/5227/1 3958/5225/1
f 3967/5228/1 3960/5229/1 3959/5227/1
f 3968/5230/1 3961/5231/1 3960/5229/1
f 3969/5232/1 3962/5233/1 3961/5231/1
f 3970/5234/1 3963/5235/1 3962/5233/1
f 3938/5221/1 3948/5236/1 3937/5237/1
f 3956/5220/1 3949/5238/1 3948/5236/1
f 3957/5223/1 3950/5239/1 3949/5238/1
f 3958/5225/1 3951/5240/1 3950/5239/1
f 3959/5227/1 3952/5241/1 3951/5240/1
f 3960/5229/1 3953/5242/1 3952/5241/1
f 3961/5231/1 3954/5243/1 3953/5242/1
f 3962/5233/1 3955/5244/1 3954/5243/1
f 3937/5237/1 3940/5245/1 3936/5246/1
f 3948/5236/1 3941/5247/1 3940/5245/1
f 3949/5238/1 3942/5248/1 3941/5247/1
f 3950/5239/1 3943/5249/1 3942/5248/1
f 3951/5240/1 3944/5250/1 3943/5249/1
f 3952/5241/1 3945/5251/1 3944/5250/1
f 3953/5242/1 3946/5252/1 3945/5251/1
f 3954/5243/1 3947/5253/1 3946/5252/1
f 3978/5254/1 2208/5255/1 2209/2189/1
f 3979/5256/1 2207/5257/1 2208/5255/1
f 3980/5258/1 3972/5259/1 2207/5257/1
f 3981/5260/1 3973/5261/1 3972/5259/1
f 3982/5262/1 3974/5263/1 3973/5261/1
f 3983/5264/1 3975/5265/1 3974/5263/1
f 2211/2192/1 2262/5266/1 2263/5267/1
f 2210/2190/1 2261/5268/1 2262/5266/1
f 2209/2189/1 2260/5269/1 2261/5268/1
f 2208/5255/1 2259/5270/1 2260/5269/1
f 2207/5257/1 2258/5271/1 2259/5270/1
f 3972/5259/1 2257/5272/1 2258/5271/1
f 3973/5261/1 2213/5273/1 2257/5272/1
f 3974/5263/1 2212/5274/1 2213/5273/1
f 2616/1651/2 2212/5275/2 2617/1100/2
f 2609/5276/2 2262/5277/2 2610/1760/2
f 2702/5278/5 2211/5279/5 2659/1652/5
f 2707/1759/3 3980/5280/3 2706/1643/3
f 4015/5281/1 4014/5282/1 4013/5283/1
f 4013/5283/1 4012/5284/1 4011/5285/1
f 4011/5285/1 4009/5286/1 4008/5287/1
f 4008/5287/1 4006/5288/1 4005/5289/1
f 4009/5286/1 4007/5290/1 4006/5288/1
f 4006/5288/1 4004/5291/1 4003/5292/1
f 4003/5292/1 4002/5293/1 4001/5294/1
f 4001/5294/1 4000/5295/1 3999/5296/1
f 3999/5296/1 3997/5297/1 3996/5298/1
f 3996/5298/1 3994/5299/1 3993/5300/1
f 3997/5297/1 3995/5301/1 3994/5299/1
f 3994/5299/1 3992/5302/1 3991/5303/1
f 3991/5303/1 3990/5304/1 3989/5305/1
f 3989/5305/1 3988/5306/1 3987/5307/1
f 3987/5307/1 3986/5308/1 3985/5309/1
f 3204/1679/3 4009/5310/3 3203/5206/3
f 3154/1143/4 4010/5311/4 3204/5312/4
f 3353/5313/3 4015/4715/3 3352/5314/3
f 2854/5315/5 3989/5316/5 2804/1075/5
f 3053/4931/5 3999/5317/5 3003/1072/5
f 3252/5318/5 4008/5319/5 3202/1016/5
f 3152/5208/2 4006/5320/2 3153/5278/2
f 2805/962/4 3992/5321/4 2855/5322/4
f 3004/904/4 4002/5323/4 3054/5324/4
f 3203/5325/4 4012/5326/4 3253/5327/4
f 2955/3199/3 3997/5328/3 2954/5034/3
f 2904/5329/5 3991/5330/5 2854/5315/5
f 3103/1378/5 4001/5331/5 3053/4931/5
f 3302/1323/5 4011/5332/5 3252/5318/5
f 2855/5322/4 3995/5333/4 2905/1205/4
f 3054/5324/4 4004/5334/4 3104/1141/4
f 3253/5327/4 4014/5335/4 3303/1265/4
f 4033/5336/3 4054/5337/3 4032/1085/3
f 4023/5338/2 4046/5339/2 4024/5340/2
f 4032/1085/3 4053/5341/3 4031/1094/3
f 4028/5342/5 4039/1593/5 4017/5343/5
f 4022/5344/2 4045/5345/2 4023/5338/2
f 4031/1094/3 4052/5346/3 4030/1098/3
f 4038/5347/3 4059/5348/3 4037/1102/3
f 4021/5349/2 4044/5350/2 4022/5344/2
f 4030/1098/3 4051/5351/3 4029/5352/3
f 4037/1102/3 4058/5353/3 4036/5354/3
f 3162/1091/2 4021/5349/2 3163/5349/2
f 3215/5355/3 4033/5336/3 3214/1084/3
f 3163/5349/2 4022/5344/2 3164/5344/2
f 3216/5356/3 4034/5357/3 3215/5355/3
f 3164/5344/2 4023/5338/2 3165/5338/2
f 3217/5358/3 4035/5359/3 3216/5356/3
f 3210/5360/3 4028/5361/3 3209/5362/3
f 3165/5338/2 4024/5340/2 3166/5340/2
f 3218/1103/3 4036/5354/3 3217/5358/3
f 3211/1099/3 4029/5352/3 3210/5360/3
f 3209/4556/5 4017/5343/5 3159/1540/5
f 3166/5340/2 4025/1097/2 3167/1097/2
f 4050/5363/1 4040/5364/1 4039/5365/1
f 4051/5366/1 4041/5367/1 4040/5364/1
f 4052/4509/1 4042/5368/1 4041/5367/1
f 4053/4511/1 4043/5369/1 4042/5368/1
f 4054/4513/1 4044/5370/1 4043/5369/1
f 4055/4515/1 4045/5371/1 4044/5370/1
f 4056/5372/1 4046/5373/1 4045/5371/1
f 4057/5374/1 4047/5375/1 4046/5373/1
f 4058/5376/1 4048/5377/1 4047/5375/1
f 4059/5378/1 4049/5379/1 4048/5377/1
f 4024/5340/2 4047/5380/2 4025/1097/2
f 4017/1100/2 4040/5381/2 4018/1096/2
f 4034/5357/3 4055/5382/3 4033/5336/3
f 4027/5328/4 4060/1542/4 4038/1088/4
f 4025/1097/2 4048/5383/2 4026/1092/2
f 4018/1096/2 4041/5384/2 4019/1090/2
f 4035/5359/3 4056/5385/3 4034/5357/3
f 4026/1092/2 4049/5386/2 4027/1093/2
f 4019/1090/2 4042/5387/2 4020/1091/2
f 4036/5354/3 4057/5388/3 4035/5359/3
f 4029/5352/3 4050/5389/3 4028/5361/3
f 4020/1091/2 4043/5390/2 4021/5349/2
f 4065/5391/1 4064/5392/1 4063/5393/1
f 4061/5394/1 4066/5395/1 4065/5391/1
f 3468/5396/5 4063/5397/5 3418/2230/5
f 790/5398/3 4061/5399/3 789/5400/3
f 789/5215/5 4065/5401/5 3468/5396/5
f 3419/5402/4 4066/784/4 3469/4464/4
f 4086/3522/1 4068/3635/1 4082/3633/1
f 4073/3523/1 4069/3637/1 4068/3635/1
f 4074/3524/1 4070/3639/1 4069/3637/1
f 4075/3525/1 4072/3641/1 4070/3639/1
f 4078/3519/1 4079/3627/1 4077/5403/1
f 4083/3518/1 4080/3629/1 4079/3627/1
f 4084/3520/1 4081/3631/1 4080/3629/1
f 4085/3521/1 4082/3633/1 4081/3631/1
f 820/1/1 8/341/1 271/2/1
f 9/4/1 3/4/1 621/4/1
f 10/4/1 1/4/1 121/4/1
f 11/4/1 2/4/1 671/4/1
f 12/4/1 4/4/1 171/4/1
f 10/5/2 14/5404/2 870/6/2
f 12/8/3 16/5405/3 920/9/3
f 6/11/4 18/5090/4 421/12/4
f 8/14/5 20/5406/5 471/15/5
f 17/17/1 13/242/1 821/18/1
f 18/20/1 14/4154/1 321/21/1
f 19/23/1 15/341/1 871/24/1
f 20/26/1 16/4055/1 371/27/1
f 7/29/2 19/5407/2 971/30/2
f 9/32/4 13/5408/4 420/33/4
f 5/35/3 17/5409/3 921/36/3
f 11/38/5 15/5410/5 370/39/5
f 21/41/5 321/45/5 14/42/5
f 22/44/5 322/47/5 321/45/5
f 23/46/5 323/49/5 322/47/5
f 24/48/5 324/51/5 323/49/5
f 25/50/5 325/53/5 324/51/5
f 26/52/5 326/55/5 325/53/5
f 27/54/5 327/57/5 326/55/5
f 28/56/5 328/59/5 327/57/5
f 29/58/5 329/61/5 328/59/5
f 30/60/5 330/63/5 329/61/5
f 31/62/5 331/65/5 330/63/5
f 32/64/5 332/67/5 331/65/5
f 33/66/5 333/69/5 332/67/5
f 34/68/5 334/71/5 333/69/5
f 35/70/5 335/73/5 334/71/5
f 36/72/5 336/75/5 335/73/5
f 37/74/5 337/77/5 336/75/5
f 38/76/5 338/79/5 337/77/5
f 39/78/5 339/81/5 338/79/5
f 40/80/5 340/83/5 339/81/5
f 41/82/5 341/85/5 340/83/5
f 42/84/5 342/87/5 341/85/5
f 43/86/5 343/89/5 342/87/5
f 44/88/5 344/91/5 343/89/5
f 45/90/5 345/93/5 344/91/5
f 46/92/5 346/95/5 345/93/5
f 47/94/5 347/97/5 346/95/5
f 48/96/5 348/99/5 347/97/5
f 49/98/5 349/101/5 348/99/5
f 50/100/5 350/103/5 349/101/5
f 51/102/5 351/105/5 350/103/5
f 52/104/5 352/107/5 351/105/5
f 53/106/5 353/109/5 352/107/5
f 54/108/5 354/111/5 353/109/5
f 55/110/5 355/113/5 354/111/5
f 56/112/5 356/115/5 355/113/5
f 57/114/5 357/117/5 356/115/5
f 58/116/5 358/119/5 357/117/5
f 59/118/5 359/121/5 358/119/5
f 60/120/5 360/123/5 359/121/5
f 61/122/5 361/125/5 360/123/5
f 62/124/5 362/127/5 361/125/5
f 63/126/5 363/129/5 362/127/5
f 64/128/5 364/131/5 363/129/5
f 65/130/5 365/133/5 364/131/5
f 66/132/5 366/135/5 365/133/5
f 67/134/5 367/137/5 366/135/5
f 68/136/5 368/139/5 367/137/5
f 69/138/5 369/140/5 368/139/5
f 70/40/5 370/39/5 369/140/5
f 71/141/4 371/145/4 16/142/4
f 72/144/4 372/147/4 371/145/4
f 73/146/4 373/149/4 372/147/4
f 74/148/4 374/151/4 373/149/4
f 75/150/4 375/153/4 374/151/4
f 76/152/4 376/155/4 375/153/4
f 77/154/4 377/157/4 376/155/4
f 78/156/4 378/159/4 377/157/4
f 79/158/4 379/161/4 378/159/4
f 80/160/4 380/163/4 379/161/4
f 81/162/4 381/165/4 380/163/4
f 82/164/4 382/167/4 381/165/4
f 83/166/4 383/169/4 382/167/4
f 84/168/4 384/171/4 383/169/4
f 85/170/4 385/173/4 384/171/4
f 86/172/4 386/175/4 385/173/4
f 87/174/4 387/177/4 386/175/4
f 88/176/4 388/179/4 387/177/4
f 89/178/4 389/181/4 388/179/4
f 90/180/4 390/183/4 389/181/4
f 91/182/4 391/185/4 390/183/4
f 92/184/4 392/187/4 391/185/4
f 93/186/4 393/189/4 392/187/4
f 94/188/4 394/191/4 393/189/4
f 95/190/4 395/193/4 394/191/4
f 96/192/4 396/195/4 395/193/4
f 97/194/4 397/197/4 396/195/4
f 98/196/4 398/199/4 397/197/4
f 99/198/4 399/201/4 398/199/4
f 100/200/4 400/203/4 399/201/4
f 101/202/4 401/205/4 400/203/4
f 102/204/4 402/207/4 401/205/4
f 103/206/4 403/209/4 402/207/4
f 104/208/4 404/211/4 403/209/4
f 105/210/4 405/213/4 404/211/4
f 106/212/4 406/215/4 405/213/4
f 107/214/4 407/217/4 406/215/4
f 108/216/4 408/219/4 407/217/4
f 109/218/4 409/221/4 408/219/4
f 110/220/4 410/223/4 409/221/4
f 111/222/4 411/225/4 410/223/4
f 112/224/4 412/227/4 411/225/4
f 113/226/4 413/229/4 412/227/4
f 114/228/4 414/231/4 413/229/4
f 115/230/4 415/233/4 414/231/4
f 116/232/4 416/235/4 415/233/4
f 117/234/4 417/237/4 416/235/4
f 118/236/4 418/239/4 417/237/4
f 119/238/4 419/240/4 418/239/4
f 120/34/4 420/33/4 419/240/4
f 17/17/1 520/243/1 420/241/1
f 520/243/1 519/245/1 419/244/1
f 519/245/1 518/247/1 418/246/1
f 518/247/1 517/249/1 417/248/1
f 517/249/1 516/251/1 416/250/1
f 516/251/1 515/253/1 415/252/1
f 515/253/1 514/255/1 414/254/1
f 514/255/1 513/257/1 413/256/1
f 513/257/1 512/259/1 412/258/1
f 512/259/1 511/261/1 411/260/1
f 511/261/1 510/263/1 410/262/1
f 510/263/1 509/265/1 409/264/1
f 509/265/1 508/267/1 408/266/1
f 508/267/1 507/269/1 407/268/1
f 507/269/1 506/271/1 406/270/1
f 506/271/1 505/273/1 405/272/1
f 505/273/1 504/275/1 404/274/1
f 504/275/1 503/277/1 403/276/1
f 503/277/1 502/279/1 402/278/1
f 502/279/1 501/281/1 401/280/1
f 501/281/1 500/283/1 400/282/1
f 500/283/1 499/285/1 399/284/1
f 499/285/1 498/287/1 398/286/1
f 498/287/1 497/289/1 397/288/1
f 497/289/1 496/292/1 396/290/1
f 495/291/1 395/294/1 396/290/1
f 494/293/1 394/296/1 395/294/1
f 493/295/1 393/298/1 394/296/1
f 492/297/1 392/300/1 393/298/1
f 491/299/1 391/302/1 392/300/1
f 490/301/1 390/304/1 391/302/1
f 489/303/1 389/306/1 390/304/1
f 488/305/1 388/308/1 389/306/1
f 487/307/1 387/310/1 388/308/1
f 486/309/1 386/312/1 387/310/1
f 485/311/1 385/314/1 386/312/1
f 484/313/1 384/316/1 385/314/1
f 483/315/1 383/318/1 384/316/1
f 482/317/1 382/320/1 383/318/1
f 481/319/1 381/322/1 382/320/1
f 480/321/1 380/324/1 381/322/1
f 479/323/1 379/326/1 380/324/1
f 478/325/1 378/328/1 379/326/1
f 477/327/1 377/330/1 378/328/1
f 476/329/1 376/332/1 377/330/1
f 475/331/1 375/334/1 376/332/1
f 474/333/1 374/336/1 375/334/1
f 473/335/1 373/338/1 374/336/1
f 472/337/1 372/339/1 373/338/1
f 471/28/1 371/27/1 372/339/1
f 19/23/1 470/342/1 370/340/1
f 470/342/1 469/344/1 369/343/1
f 469/344/1 468/346/1 368/345/1
f 468/346/1 467/348/1 367/347/1
f 467/348/1 466/350/1 366/349/1
f 466/350/1 465/352/1 365/351/1
f 465/352/1 464/354/1 364/353/1
f 464/354/1 463/356/1 363/355/1
f 463/356/1 462/358/1 362/357/1
f 462/358/1 461/360/1 361/359/1
f 461/360/1 460/362/1 360/361/1
f 460/362/1 459/364/1 359/363/1
f 459/364/1 458/366/1 358/365/1
f 458/366/1 457/368/1 357/367/1
f 457/368/1 456/370/1 356/369/1
f 456/370/1 455/372/1 355/371/1
f 455/372/1 454/374/1 354/373/1
f 454/374/1 453/376/1 353/375/1
f 453/376/1 452/378/1 352/377/1
f 452/378/1 451/380/1 351/379/1
f 451/380/1 450/382/1 350/381/1
f 450/382/1 449/384/1 349/383/1
f 449/384/1 448/386/1 348/385/1
f 448/386/1 447/388/1 347/387/1
f 447/388/1 446/391/1 346/389/1
f 445/390/1 345/393/1 346/389/1
f 444/392/1 344/395/1 345/393/1
f 443/394/1 343/397/1 344/395/1
f 442/396/1 342/399/1 343/397/1
f 441/398/1 341/401/1 342/399/1
f 440/400/1 340/403/1 341/401/1
f 439/402/1 339/405/1 340/403/1
f 438/404/1 338/407/1 339/405/1
f 437/406/1 337/409/1 338/407/1
f 436/408/1 336/411/1 337/409/1
f 435/410/1 335/413/1 336/411/1
f 434/412/1 334/415/1 335/413/1
f 433/414/1 333/417/1 334/415/1
f 432/416/1 332/419/1 333/417/1
f 431/418/1 331/421/1 332/419/1
f 430/420/1 330/423/1 331/421/1
f 429/422/1 329/425/1 330/423/1
f 428/424/1 328/427/1 329/425/1
f 427/426/1 327/429/1 328/427/1
f 426/428/1 326/431/1 327/429/1
f 425/430/1 325/433/1 326/431/1
f 424/432/1 324/435/1 325/433/1
f 423/434/1 323/437/1 324/435/1
f 422/436/1 322/438/1 323/437/1
f 421/22/1 321/21/1 322/438/1
f 320/439/5 520/443/5 17/440/5
f 319/442/5 519/445/5 520/443/5
f 318/444/5 518/447/5 519/445/5
f 317/446/5 517/449/5 518/447/5
f 316/448/5 516/451/5 517/449/5
f 315/450/5 515/453/5 516/451/5
f 314/452/5 514/455/5 515/453/5
f 313/454/5 513/457/5 514/455/5
f 312/456/5 512/459/5 513/457/5
f 311/458/5 511/461/5 512/459/5
f 310/460/5 510/463/5 511/461/5
f 309/462/5 509/465/5 510/463/5
f 308/464/5 508/467/5 509/465/5
f 307/466/5 507/469/5 508/467/5
f 306/468/5 506/471/5 507/469/5
f 305/470/5 505/473/5 506/471/5
f 304/472/5 504/475/5 505/473/5
f 303/474/5 503/477/5 504/475/5
f 302/476/5 502/479/5 503/477/5
f 301/478/5 501/481/5 502/479/5
f 300/480/5 500/483/5 501/481/5
f 299/482/5 499/485/5 500/483/5
f 298/484/5 498/487/5 499/485/5
f 297/486/5 497/489/5 498/487/5
f 296/488/5 496/491/5 497/489/5
f 295/490/5 495/493/5 496/491/5
f 294/492/5 494/495/5 495/493/5
f 293/494/5 493/497/5 494/495/5
f 292/496/5 492/499/5 493/497/5
f 291/498/5 491/501/5 492/499/5
f 290/500/5 490/503/5 491/501/5
f 289/502/5 489/505/5 490/503/5
f 288/504/5 488/507/5 489/505/5
f 287/506/5 487/509/5 488/507/5
f 286/508/5 486/511/5 487/509/5
f 285/510/5 485/513/5 486/511/5
f 284/512/5 484/515/5 485/513/5
f 283/514/5 483/517/5 484/515/5
f 282/516/5 482/519/5 483/517/5
f 281/518/5 481/521/5 482/519/5
f 280/520/5 480/523/5 481/521/5
f 279/522/5 479/525/5 480/523/5
f 278/524/5 478/527/5 479/525/5
f 277/526/5 477/529/5 478/527/5
f 276/528/5 476/531/5 477/529/5
f 275/530/5 475/533/5 476/531/5
f 274/532/5 474/535/5 475/533/5
f 273/534/5 473/537/5 474/535/5
f 272/536/5 472/538/5 473/537/5
f 271/16/5 471/15/5 472/538/5
f 270/539/4 470/543/4 19/540/4
f 269/542/4 469/545/4 470/543/4
f 268/544/4 468/547/4 469/545/4
f 267/546/4 467/549/4 468/547/4
f 266/548/4 466/551/4 467/549/4
f 265/550/4 465/553/4 466/551/4
f 264/552/4 464/555/4 465/553/4
f 263/554/4 463/557/4 464/555/4
f 262/556/4 462/559/4 463/557/4
f 261/558/4 461/561/4 462/559/4
f 260/560/4 460/563/4 461/561/4
f 259/562/4 459/565/4 460/563/4
f 258/564/4 458/567/4 459/565/4
f 257/566/4 457/569/4 458/567/4
f 256/568/4 456/571/4 457/569/4
f 255/570/4 455/573/4 456/571/4
f 254/572/4 454/575/4 455/573/4
f 253/574/4 453/577/4 454/575/4
f 252/576/4 452/579/4 453/577/4
f 251/578/4 451/581/4 452/579/4
f 250/580/4 450/583/4 451/581/4
f 249/582/4 449/585/4 450/583/4
f 248/584/4 448/587/4 449/585/4
f 247/586/4 447/589/4 448/587/4
f 246/588/4 446/591/4 447/589/4
f 245/590/4 445/593/4 446/591/4
f 244/592/4 444/595/4 445/593/4
f 243/594/4 443/597/4 444/595/4
f 242/596/4 442/599/4 443/597/4
f 241/598/4 441/601/4 442/599/4
f 240/600/4 440/603/4 441/601/4
f 239/602/4 439/605/4 440/603/4
f 238/604/4 438/607/4 439/605/4
f 237/606/4 437/609/4 438/607/4
f 236/608/4 436/611/4 437/609/4
f 235/610/4 435/613/4 436/611/4
f 234/612/4 434/615/4 435/613/4
f 233/614/4 433/617/4 434/615/4
f 232/616/4 432/619/4 433/617/4
f 231/618/4 431/621/4 432/619/4
f 230/620/4 430/623/4 431/621/4
f 229/622/4 429/625/4 430/623/4
f 228/624/4 428/627/4 429/625/4
f 227/626/4 427/629/4 428/627/4
f 226/628/4 426/631/4 427/629/4
f 4078/630/4 425/633/4 426/631/4
f 4077/632/4 424/635/4 425/633/4
f 4077/632/4 223/637/4 423/634/4
f 222/636/4 422/638/4 423/634/4
f 221/13/4 421/12/4 422/638/4
f 120/4/1 220/4/1 3/4/1
f 119/4/1 219/4/1 220/4/1
f 118/4/1 218/4/1 219/4/1
f 117/4/1 217/4/1 218/4/1
f 116/4/1 216/4/1 217/4/1
f 115/4/1 215/4/1 216/4/1
f 114/4/1 214/4/1 215/4/1
f 113/4/1 213/4/1 214/4/1
f 112/4/1 212/4/1 213/4/1
f 111/4/1 211/4/1 212/4/1
f 110/4/1 210/4/1 211/4/1
f 109/4/1 209/4/1 210/4/1
f 108/4/1 208/4/1 209/4/1
f 107/4/1 207/4/1 208/4/1
f 106/4/1 206/4/1 207/4/1
f 105/4/1 205/4/1 206/4/1
f 104/4/1 204/4/1 205/4/1
f 103/4/1 203/4/1 204/4/1
f 102/4/1 202/4/1 203/4/1
f 101/4/1 201/4/1 202/4/1
f 100/4/1 200/4/1 201/4/1
f 99/4/1 199/4/1 200/4/1
f 98/4/1 198/4/1 199/4/1
f 97/4/1 197/4/1 198/4/1
f 96/4/1 196/4/1 197/4/1
f 95/4/1 195/4/1 196/4/1
f 94/4/1 194/4/1 195/4/1
f 93/4/1 193/4/1 194/4/1
f 92/4/1 192/4/1 193/4/1
f 91/4/1 191/4/1 192/4/1
f 90/4/1 190/4/1 191/4/1
f 89/4/1 189/4/1 190/4/1
f 88/4/1 188/4/1 189/4/1
f 87/4/1 187/4/1 188/4/1
f 86/4/1 186/4/1 187/4/1
f 85/4/1 185/4/1 186/4/1
f 84/4/1 184/4/1 185/4/1
f 83/4/1 183/4/1 184/4/1
f 82/4/1 182/4/1 183/4/1
f 81/4/1 181/4/1 182/4/1
f 80/4/1 180/4/1 181/4/1
f 79/4/1 179/4/1 180/4/1
f 78/4/1 178/4/1 179/4/1
f 77/4/1 177/4/1 178/4/1
f 76/4/1 176/4/1 177/4/1
f 75/4/1 175/4/1 176/4/1
f 74/4/1 174/4/1 175/4/1
f 73/4/1 173/4/1 174/4/1
f 72/4/1 172/4/1 173/4/1
f 71/4/1 171/4/1 172/4/1
f 70/4/1 170/4/1 2/4/1
f 69/4/1 169/4/1 170/4/1
f 68/4/1 168/4/1 169/4/1
f 67/4/1 167/4/1 168/4/1
f 66/4/1 166/4/1 167/4/1
f 65/4/1 165/4/1 166/4/1
f 64/4/1 164/4/1 165/4/1
f 63/4/1 163/4/1 164/4/1
f 62/4/1 162/4/1 163/4/1
f 61/4/1 161/4/1 162/4/1
f 60/4/1 160/4/1 161/4/1
f 59/4/1 159/4/1 160/4/1
f 58/4/1 158/4/1 159/4/1
f 57/4/1 157/4/1 158/4/1
f 56/4/1 156/4/1 157/4/1
f 55/4/1 155/4/1 156/4/1
f 54/4/1 154/4/1 155/4/1
f 53/4/1 153/4/1 154/4/1
f 52/4/1 152/4/1 153/4/1
f 51/4/1 151/4/1 152/4/1
f 50/4/1 150/4/1 151/4/1
f 49/4/1 149/4/1 150/4/1
f 48/4/1 148/4/1 149/4/1
f 47/4/1 147/4/1 148/4/1
f 46/4/1 146/4/1 147/4/1
f 45/4/1 145/4/1 146/4/1
f 44/4/1 144/4/1 145/4/1
f 43/4/1 143/4/1 144/4/1
f 42/4/1 142/4/1 143/4/1
f 41/4/1 141/4/1 142/4/1
f 40/4/1 140/4/1 141/4/1
f 39/4/1 139/4/1 140/4/1
f 38/4/1 138/4/1 139/4/1
f 37/4/1 137/4/1 138/4/1
f 36/4/1 136/4/1 137/4/1
f 35/4/1 135/4/1 136/4/1
f 34/4/1 134/4/1 135/4/1
f 33/4/1 133/4/1 134/4/1
f 32/4/1 132/4/1 133/4/1
f 31/4/1 131/4/1 132/4/1
f 30/4/1 130/4/1 131/4/1
f 29/4/1 129/4/1 130/4/1
f 28/4/1 128/4/1 129/4/1
f 27/4/1 127/4/1 128/4/1
f 26/4/1 126/4/1 127/4/1
f 25/4/1 125/4/1 126/4/1
f 24/4/1 124/4/1 125/4/1
f 23/4/1 123/4/1 124/4/1
f 22/4/1 122/4/1 123/4/1
f 21/4/1 121/4/1 122/4/1
f 1070/639/1 320/643/1 5/640/1
f 1120/642/1 319/645/1 320/643/1
f 1170/644/1 318/647/1 319/645/1
f 1206/646/1 317/649/1 318/647/1
f 1256/648/1 316/651/1 317/649/1
f 1306/650/1 315/653/1 316/651/1
f 1356/652/1 314/655/1 315/653/1
f 1406/654/1 313/657/1 314/655/1
f 1456/656/1 312/659/1 313/657/1
f 1506/658/1 311/5411/1 312/659/1
f 1536/660/3 3600/3253/3 3599/661/3
f 1606/663/1 309/667/1 310/664/1
f 1656/666/1 308/669/1 309/667/1
f 1706/668/1 307/671/1 308/669/1
f 1756/670/1 306/673/1 307/671/1
f 1806/672/1 305/675/1 306/673/1
f 1856/674/1 304/677/1 305/675/1
f 1906/676/1 303/679/1 304/677/1
f 1956/678/1 302/681/1 303/679/1
f 2006/680/1 301/683/1 302/681/1
f 2056/682/1 300/685/1 301/683/1
f 2106/684/1 299/687/1 300/685/1
f 2156/686/1 298/689/1 299/687/1
f 2206/688/1 297/691/1 298/689/1
f 2256/690/1 296/693/1 297/691/1
f 2306/692/1 295/695/1 296/693/1
f 2356/694/1 294/697/1 295/695/1
f 2406/696/1 293/699/1 294/697/1
f 2456/698/1 292/701/1 293/699/1
f 2506/700/1 291/703/1 292/701/1
f 2556/702/1 290/705/1 291/703/1
f 2606/704/1 289/707/1 290/705/1
f 2656/706/1 288/709/1 289/707/1
f 2699/708/1 287/5412/1 288/709/1
f 2693/710/2 3738/1712/2 3739/711/2
f 2799/713/1 285/717/1 286/714/1
f 2849/716/1 284/719/1 285/717/1
f 2899/718/1 283/721/1 284/719/1
f 2949/720/1 282/723/1 283/721/1
f 2999/722/1 281/725/1 282/723/1
f 3049/724/1 280/727/1 281/725/1
f 3099/726/1 279/729/1 280/727/1
f 3149/728/1 278/731/1 279/729/1
f 3199/730/1 277/733/1 278/731/1
f 3249/732/1 276/735/1 277/733/1
f 3299/734/1 275/737/1 276/735/1
f 3349/736/1 274/739/1 275/737/1
f 3399/738/1 273/741/1 274/739/1
f 3449/740/1 272/742/1 273/741/1
f 3499/3/1 271/2/1 272/742/1
f 270/743/1 3450/746/1 3400/744/1
f 3450/746/1 3451/748/1 3401/747/1
f 3451/748/1 3452/750/1 3402/749/1
f 3452/750/1 3453/752/1 3403/751/1
f 3453/752/1 3454/754/1 3404/753/1
f 3454/754/1 3455/756/1 3405/755/1
f 3455/756/1 3456/758/1 3406/757/1
f 3456/758/1 3457/760/1 3407/759/1
f 3457/760/1 3458/762/1 3408/761/1
f 3458/762/1 3459/764/1 3409/763/1
f 3459/764/1 3460/766/1 3410/765/1
f 3460/766/1 3461/768/1 3411/767/1
f 3461/768/1 3462/770/1 3412/769/1
f 3462/770/1 3463/772/1 3413/771/1
f 3463/772/1 3464/774/1 3414/773/1
f 3464/774/1 3465/776/1 3415/775/1
f 3465/776/1 3466/778/1 3416/777/1
f 3466/778/1 3467/780/1 3417/779/1
f 3467/780/1 3468/4463/1 3418/781/1
f 3418/782/2 4063/5413/2 4064/783/2
f 3469/785/1 3470/788/1 3420/786/1
f 3470/788/1 3471/790/1 3421/789/1
f 3471/790/1 3472/792/1 3422/791/1
f 3472/792/1 3473/794/1 3423/793/1
f 3473/794/1 3474/796/1 3424/795/1
f 3474/796/1 3475/798/1 3425/797/1
f 3475/798/1 3476/800/1 3426/799/1
f 3476/800/1 3477/802/1 3427/801/1
f 3477/802/1 3478/804/1 3428/803/1
f 3478/804/1 3479/806/1 3429/805/1
f 3479/806/1 3480/808/1 3430/807/1
f 3480/808/1 3481/810/1 3431/809/1
f 3481/810/1 3482/812/1 3432/811/1
f 3482/812/1 3483/814/1 3433/813/1
f 3483/814/1 3484/816/1 3434/815/1
f 3484/816/1 3485/818/1 3435/817/1
f 3485/818/1 3486/820/1 3436/819/1
f 3486/820/1 3487/822/1 3437/821/1
f 3487/822/1 3488/824/1 3438/823/1
f 3488/824/1 3489/826/1 3439/825/1
f 3489/826/1 3490/828/1 3440/827/1
f 3490/828/1 3491/830/1 3441/829/1
f 3491/830/1 3492/832/1 3442/831/1
f 3492/832/1 3493/834/1 3443/833/1
f 3493/834/1 3494/836/1 3444/835/1
f 3494/836/1 3495/838/1 3445/837/1
f 3495/838/1 3496/840/1 3446/839/1
f 3496/840/1 3497/842/1 3447/841/1
f 3497/842/1 3498/844/1 3448/843/1
f 3498/844/1 3499/3/1 3449/740/1
f 269/745/1 3400/744/1 3350/845/1
f 3400/744/1 3401/747/1 3351/847/1
f 3401/747/1 3402/749/1 3352/848/1
f 3402/749/1 3403/751/1 3353/849/1
f 3403/751/1 3404/753/1 3354/850/1
f 3404/753/1 3405/755/1 3355/851/1
f 3405/755/1 3406/757/1 3356/852/1
f 3406/757/1 3407/759/1 3357/853/1
f 3407/759/1 3408/761/1 3358/854/1
f 3408/761/1 3409/763/1 3359/855/1
f 3409/763/1 3410/765/1 3360/856/1
f 3410/765/1 3411/767/1 3361/857/1
f 3411/767/1 3412/769/1 3362/858/1
f 3412/769/1 3413/771/1 3363/859/1
f 3413/771/1 3414/773/1 3364/860/1
f 3414/773/1 3415/775/1 3365/861/1
f 3415/775/1 3416/777/1 3366/862/1
f 3416/777/1 3417/779/1 3367/863/1
f 3417/779/1 3418/781/1 3368/864/1
f 3120/865/4 3919/5414/4 3923/866/4
f 3419/787/1 3420/786/1 3370/868/1
f 3420/786/1 3421/789/1 3371/870/1
f 3421/789/1 3422/791/1 3372/871/1
f 3422/791/1 3423/793/1 3373/872/1
f 3423/793/1 3424/795/1 3374/873/1
f 3424/795/1 3425/797/1 3375/874/1
f 3425/797/1 3426/799/1 3376/875/1
f 3426/799/1 3427/801/1 3377/876/1
f 3427/801/1 3428/803/1 3378/877/1
f 3428/803/1 3429/805/1 3379/878/1
f 3429/805/1 3430/807/1 3380/879/1
f 3430/807/1 3431/809/1 3381/880/1
f 3431/809/1 3432/811/1 3382/881/1
f 3432/811/1 3433/813/1 3383/882/1
f 3433/813/1 3434/815/1 3384/883/1
f 3434/815/1 3435/817/1 3385/884/1
f 3435/817/1 3436/819/1 3386/885/1
f 3436/819/1 3437/821/1 3387/886/1
f 3437/821/1 3438/823/1 3388/887/1
f 3438/823/1 3439/825/1 3389/888/1
f 3439/825/1 3440/827/1 3390/889/1
f 3440/827/1 3441/829/1 3391/890/1
f 3441/829/1 3442/831/1 3392/891/1
f 3442/831/1 3443/833/1 3393/892/1
f 3443/833/1 3444/835/1 3394/893/1
f 3444/835/1 3445/837/1 3395/894/1
f 3445/837/1 3446/839/1 3396/895/1
f 3446/839/1 3447/841/1 3397/896/1
f 3447/841/1 3448/843/1 3398/897/1
f 3448/843/1 3449/740/1 3399/738/1
f 268/846/1 3350/845/1 3300/898/1
f 3350/845/1 3351/847/1 3301/900/1
f 3351/847/1 3352/848/1 3302/901/1
f 2954/902/4 3997/5415/4 4000/903/4
f 3353/849/1 3354/850/1 3304/905/1
f 3354/850/1 3355/851/1 3305/907/1
f 3355/851/1 3356/852/1 3306/908/1
f 3356/852/1 3357/853/1 3307/909/1
f 3357/853/1 3358/854/1 3308/910/1
f 3358/854/1 3359/855/1 3309/911/1
f 3359/855/1 3360/856/1 3310/912/1
f 3360/856/1 3361/857/1 3311/913/1
f 3361/857/1 3362/858/1 3312/914/1
f 3362/858/1 3363/859/1 3313/915/1
f 3363/859/1 3364/860/1 3314/916/1
f 3364/860/1 3365/861/1 3315/917/1
f 3365/861/1 3366/862/1 3316/918/1
f 3366/862/1 3367/863/1 3317/919/1
f 3367/863/1 3368/864/1 3318/920/1
f 2971/921/5 3910/5209/5 3908/922/5
f 3169/924/5 3922/5204/5 3918/925/5
f 3370/868/1 3371/870/1 3321/927/1
f 3371/870/1 3372/871/1 3322/929/1
f 3372/871/1 3373/872/1 3323/930/1
f 3373/872/1 3374/873/1 3324/931/1
f 3374/873/1 3375/874/1 3325/932/1
f 3375/874/1 3376/875/1 3326/933/1
f 3376/875/1 3377/876/1 3327/934/1
f 3377/876/1 3378/877/1 3328/935/1
f 3378/877/1 3379/878/1 3329/936/1
f 3379/878/1 3380/879/1 3330/937/1
f 3380/879/1 3381/880/1 3331/938/1
f 3381/880/1 3382/881/1 3332/939/1
f 3382/881/1 3383/882/1 3333/940/1
f 3383/882/1 3384/883/1 3334/941/1
f 3384/883/1 3385/884/1 3335/942/1
f 3385/884/1 3386/885/1 3336/943/1
f 3386/885/1 3387/886/1 3337/944/1
f 3387/886/1 3388/887/1 3338/945/1
f 3388/887/1 3389/888/1 3339/946/1
f 3389/888/1 3390/889/1 3340/947/1
f 3390/889/1 3391/890/1 3341/948/1
f 3391/890/1 3392/891/1 3342/949/1
f 3392/891/1 3393/892/1 3343/950/1
f 3393/892/1 3394/893/1 3344/951/1
f 3394/893/1 3395/894/1 3345/952/1
f 3395/894/1 3396/895/1 3346/953/1
f 3396/895/1 3397/896/1 3347/954/1
f 3397/896/1 3398/897/1 3348/955/1
f 3398/897/1 3399/738/1 3349/736/1
f 267/899/1 3300/898/1 3250/956/1
f 3300/898/1 3301/900/1 3251/958/1
f 3301/900/1 3302/901/1 3252/959/1
f 2755/960/4 3988/1380/4 3990/961/4
f 3303/906/1 3304/905/1 3254/963/1
f 3304/905/1 3305/907/1 3255/965/1
f 3305/907/1 3306/908/1 3256/966/1
f 3306/908/1 3307/909/1 3257/967/1
f 3307/909/1 3308/910/1 3258/968/1
f 3308/910/1 3309/911/1 3259/969/1
f 3309/911/1 3310/912/1 3260/970/1
f 3310/912/1 3311/913/1 3261/971/1
f 3311/913/1 3312/914/1 3262/972/1
f 3312/914/1 3313/915/1 3263/973/1
f 3313/915/1 3314/916/1 3264/974/1
f 3314/916/1 3315/917/1 3265/975/1
f 3315/917/1 3316/918/1 3266/976/1
f 3316/918/1 3317/919/1 3267/977/1
f 3317/919/1 3318/920/1 3268/978/1
f 3318/920/1 3319/5416/1 3269/979/1
f 3368/980/5 3931/5205/5 3928/981/5
f 3320/928/1 3321/927/1 3271/983/1
f 3321/927/1 3322/929/1 3272/985/1
f 3322/929/1 3323/930/1 3273/986/1
f 3323/930/1 3324/931/1 3274/987/1
f 3324/931/1 3325/932/1 3275/988/1
f 3325/932/1 3326/933/1 3276/989/1
f 3326/933/1 3327/934/1 3277/990/1
f 3327/934/1 3328/935/1 3278/991/1
f 3328/935/1 3329/936/1 3279/992/1
f 3329/936/1 3330/937/1 3280/993/1
f 3330/937/1 3331/938/1 3281/994/1
f 3331/938/1 3332/939/1 3282/995/1
f 3332/939/1 3333/940/1 3283/996/1
f 3333/940/1 3334/941/1 3284/997/1
f 3334/941/1 3335/942/1 3285/998/1
f 3335/942/1 3336/943/1 3286/999/1
f 3336/943/1 3337/944/1 3287/1000/1
f 3337/944/1 3338/945/1 3288/1001/1
f 3338/945/1 3339/946/1 3289/1002/1
f 3339/946/1 3340/947/1 3290/1003/1
f 3340/947/1 3341/948/1 3291/1004/1
f 3341/948/1 3342/949/1 3292/1005/1
f 3342/949/1 3343/950/1 3293/1006/1
f 3343/950/1 3344/951/1 3294/1007/1
f 3344/951/1 3345/952/1 3295/1008/1
f 3345/952/1 3346/953/1 3296/1009/1
f 3346/953/1 3347/954/1 3297/1010/1
f 3347/954/1 3348/955/1 3298/1011/1
f 3348/955/1 3349/736/1 3299/734/1
f 266/957/1 3250/956/1 3200/1012/1
f 3250/956/1 3251/958/1 3201/1014/1
f 3251/958/1 3252/959/1 3202/1015/1
f 3202/1016/5 4008/5319/5 4005/1017/5
f 3253/964/1 3254/963/1 3204/1019/1
f 3254/963/1 3255/965/1 3205/1021/1
f 3255/965/1 3256/966/1 3206/1022/1
f 3256/966/1 3257/967/1 3207/1023/1
f 3257/967/1 3258/968/1 3208/1024/1
f 3258/968/1 3259/969/1 3209/1025/1
f 3259/969/1 3260/970/1 3210/1026/1
f 3260/970/1 3261/971/1 3211/1027/1
f 3261/971/1 3262/972/1 3212/1028/1
f 3262/972/1 3263/973/1 3213/1029/1
f 3263/973/1 3264/974/1 3214/1030/1
f 3264/974/1 3265/975/1 3215/1031/1
f 3265/975/1 3266/976/1 3216/1032/1
f 3266/976/1 3267/977/1 3217/1033/1
f 3267/977/1 3268/978/1 3218/1034/1
f 3268/978/1 3269/979/1 3219/1035/1
f 3122/1036/3 3921/1653/3 3920/1037/3
f 3270/984/1 3271/983/1 3221/1039/1
f 3271/983/1 3272/985/1 3222/1041/1
f 3272/985/1 3273/986/1 3223/1042/1
f 3273/986/1 3274/987/1 3224/1043/1
f 3274/987/1 3275/988/1 3225/1044/1
f 3275/988/1 3276/989/1 3226/1045/1
f 3276/989/1 3277/990/1 3227/1046/1
f 3277/990/1 3278/991/1 3228/1047/1
f 3278/991/1 3279/992/1 3229/1048/1
f 3279/992/1 3280/993/1 3230/1049/1
f 3280/993/1 3281/994/1 3231/1050/1
f 3281/994/1 3282/995/1 3232/1051/1
f 3282/995/1 3283/996/1 3233/1052/1
f 3283/996/1 3284/997/1 3234/1053/1
f 3284/997/1 3285/998/1 3235/1054/1
f 3285/998/1 3286/999/1 3236/1055/1
f 3286/999/1 3287/1000/1 3237/1056/1
f 3287/1000/1 3288/1001/1 3238/1057/1
f 3288/1001/1 3289/1002/1 3239/1058/1
f 3289/1002/1 3290/1003/1 3240/1059/1
f 3290/1003/1 3291/1004/1 3241/1060/1
f 3291/1004/1 3292/1005/1 3242/1061/1
f 3292/1005/1 3293/1006/1 3243/1062/1
f 3293/1006/1 3294/1007/1 3244/1063/1
f 3294/1007/1 3295/1008/1 3245/1064/1
f 3295/1008/1 3296/1009/1 3246/1065/1
f 3296/1009/1 3297/1010/1 3247/1066/1
f 3297/1010/1 3298/1011/1 3248/1067/1
f 3298/1011/1 3299/734/1 3249/732/1
f 265/1013/1 3200/1012/1 3150/1068/1
f 3200/1012/1 3201/1014/1 3151/1070/1
f 3201/1014/1 3202/1015/1 3152/1071/1
f 3003/1072/5 3999/5317/5 3996/1073/5
f 2804/1075/5 3989/5316/5 3987/1076/5
f 3204/1019/1 3205/1021/1 3155/1078/1
f 3205/1021/1 3206/1022/1 3156/1080/1
f 3206/1022/1 3207/1023/1 3157/1081/1
f 3207/1023/1 3208/1024/1 3158/1082/1
f 3208/1024/1 3209/1025/1 3159/1083/1
f 3214/1084/3 4033/5336/3 4032/1085/3
f 3169/1087/4 4027/5328/4 4038/1088/4
f 3161/1090/2 4019/1090/2 4020/1091/2
f 3168/1092/2 4026/1092/2 4027/1093/2
f 3213/1086/3 4032/1085/3 4031/1094/3
f 3160/1096/2 4018/1096/2 4019/1090/2
f 3167/1097/2 4025/1097/2 4026/1092/2
f 3212/1095/3 4031/1094/3 4030/1098/3
f 3159/1100/2 4017/1100/2 4018/1096/2
f 3219/1101/3 4038/5347/3 4037/1102/3
f 3072/1104/4 3917/1454/4 3921/1105/4
f 3220/1040/1 3221/1039/1 3171/1107/1
f 3221/1039/1 3222/1041/1 3172/1109/1
f 3222/1041/1 3223/1042/1 3173/1110/1
f 3223/1042/1 3224/1043/1 3174/1111/1
f 3224/1043/1 3225/1044/1 3175/1112/1
f 3225/1044/1 3226/1045/1 3176/1113/1
f 3226/1045/1 3227/1046/1 3177/1114/1
f 3227/1046/1 3228/1047/1 3178/1115/1
f 3228/1047/1 3229/1048/1 3179/1116/1
f 3229/1048/1 3230/1049/1 3180/1117/1
f 3230/1049/1 3231/1050/1 3181/1118/1
f 3231/1050/1 3232/1051/1 3182/1119/1
f 3232/1051/1 3233/1052/1 3183/1120/1
f 3233/1052/1 3234/1053/1 3184/1121/1
f 3234/1053/1 3235/1054/1 3185/1122/1
f 3235/1054/1 3236/1055/1 3186/1123/1
f 3236/1055/1 3237/1056/1 3187/1124/1
f 3237/1056/1 3238/1057/1 3188/1125/1
f 3238/1057/1 3239/1058/1 3189/1126/1
f 3239/1058/1 3240/1059/1 3190/1127/1
f 3240/1059/1 3241/1060/1 3191/1128/1
f 3241/1060/1 3242/1061/1 3192/1129/1
f 3242/1061/1 3243/1062/1 3193/1130/1
f 3243/1062/1 3244/1063/1 3194/1131/1
f 3244/1063/1 3245/1064/1 3195/1132/1
f 3245/1064/1 3246/1065/1 3196/1133/1
f 3246/1065/1 3247/1066/1 3197/1134/1
f 3247/1066/1 3248/1067/1 3198/1135/1
f 3248/1067/1 3249/732/1 3199/730/1
f 264/1069/1 3150/1068/1 3100/1136/1
f 3150/1068/1 3151/1070/1 3101/1138/1
f 3151/1070/1 3152/1071/1 3102/1139/1
f 3152/1071/1 3153/5417/1 3103/1140/1
f 3104/1141/4 4004/5334/4 4007/1142/4
f 3154/1079/1 3155/1078/1 3105/1144/1
f 3155/1078/1 3156/1080/1 3106/1146/1
f 3156/1080/1 3157/1081/1 3107/1147/1
f 3157/1081/1 3158/1082/1 3108/1148/1
f 3158/1082/1 3159/1083/1 3109/1149/1
f 3159/1083/1 3160/1151/1 3110/1150/1
f 3160/1151/1 3161/1153/1 3111/1152/1
f 3161/1153/1 3162/1155/1 3112/1154/1
f 3162/1155/1 3163/1157/1 3113/1156/1
f 3163/1157/1 3164/1159/1 3114/1158/1
f 3164/1159/1 3165/1161/1 3115/1160/1
f 3165/1161/1 3166/1163/1 3116/1162/1
f 3166/1163/1 3167/1165/1 3117/1164/1
f 3167/1165/1 3168/1167/1 3118/1166/1
f 3168/1167/1 3169/5418/1 3119/1168/1
f 3121/1038/3 3920/1037/3 3919/1169/3
f 3170/1108/1 3171/1107/1 3121/1171/1
f 3171/1107/1 3172/1109/1 3122/1173/1
f 3172/1109/1 3173/1110/1 3123/1174/1
f 3173/1110/1 3174/1111/1 3124/1175/1
f 3174/1111/1 3175/1112/1 3125/1176/1
f 3175/1112/1 3176/1113/1 3126/1177/1
f 3176/1113/1 3177/1114/1 3127/1178/1
f 3177/1114/1 3178/1115/1 3128/1179/1
f 3178/1115/1 3179/1116/1 3129/1180/1
f 3179/1116/1 3180/1117/1 3130/1181/1
f 3180/1117/1 3181/1118/1 3131/1182/1
f 3181/1118/1 3182/1119/1 3132/1183/1
f 3182/1119/1 3183/1120/1 3133/1184/1
f 3183/1120/1 3184/1121/1 3134/1185/1
f 3184/1121/1 3185/1122/1 3135/1186/1
f 3185/1122/1 3186/1123/1 3136/1187/1
f 3186/1123/1 3187/1124/1 3137/1188/1
f 3187/1124/1 3188/1125/1 3138/1189/1
f 3188/1125/1 3189/1126/1 3139/1190/1
f 3189/1126/1 3190/1127/1 3140/1191/1
f 3190/1127/1 3191/1128/1 3141/1192/1
f 3191/1128/1 3192/1129/1 3142/1193/1
f 3192/1129/1 3193/1130/1 3143/1194/1
f 3193/1130/1 3194/1131/1 3144/1195/1
f 3194/1131/1 3195/1132/1 3145/1196/1
f 3195/1132/1 3196/1133/1 3146/1197/1
f 3196/1133/1 3197/1134/1 3147/1198/1
f 3197/1134/1 3198/1135/1 3148/1199/1
f 3198/1135/1 3199/730/1 3149/728/1
f 263/1137/1 3100/1136/1 3050/1200/1
f 3100/1136/1 3101/1138/1 3051/1202/1
f 3101/1138/1 3102/1139/1 3052/1203/1
f 3102/1139/1 3103/1140/1 3053/1204/1
f 2905/1205/4 3995/5333/4 3998/1206/4
f 3104/1145/1 3105/1144/1 3055/1208/1
f 3105/1144/1 3106/1146/1 3056/1210/1
f 3106/1146/1 3107/1147/1 3057/1211/1
f 3107/1147/1 3108/1148/1 3058/1212/1
f 3108/1148/1 3109/1149/1 3059/1213/1
f 3109/1149/1 3110/1150/1 3060/1214/1
f 3110/1150/1 3111/1152/1 3061/1215/1
f 3111/1152/1 3112/1154/1 3062/1216/1
f 3112/1154/1 3113/1156/1 3063/1217/1
f 3113/1156/1 3114/1158/1 3064/1218/1
f 3114/1158/1 3115/1160/1 3065/1219/1
f 3115/1160/1 3116/1162/1 3066/1220/1
f 3116/1162/1 3117/1164/1 3067/1221/1
f 3117/1164/1 3118/1166/1 3068/1222/1
f 3118/1166/1 3119/1168/1 3069/1223/1
f 3270/1224/4 3927/5218/4 3930/1225/4
f 2872/1227/4 3907/5419/4 3909/1228/4
f 3319/1230/5 3929/5420/5 3926/1231/5
f 3122/1173/1 3123/1174/1 3073/1233/1
f 3123/1174/1 3124/1175/1 3074/1235/1
f 3124/1175/1 3125/1176/1 3075/1236/1
f 3125/1176/1 3126/1177/1 3076/1237/1
f 3126/1177/1 3127/1178/1 3077/1238/1
f 3127/1178/1 3128/1179/1 3078/1239/1
f 3128/1179/1 3129/1180/1 3079/1240/1
f 3129/1180/1 3130/1181/1 3080/1241/1
f 3130/1181/1 3131/1182/1 3081/1242/1
f 3131/1182/1 3132/1183/1 3082/1243/1
f 3132/1183/1 3133/1184/1 3083/1244/1
f 3133/1184/1 3134/1185/1 3084/1245/1
f 3134/1185/1 3135/1186/1 3085/1246/1
f 3135/1186/1 3136/1187/1 3086/1247/1
f 3136/1187/1 3137/1188/1 3087/1248/1
f 3137/1188/1 3138/1189/1 3088/1249/1
f 3138/1189/1 3139/1190/1 3089/1250/1
f 3139/1190/1 3140/1191/1 3090/1251/1
f 3140/1191/1 3141/1192/1 3091/1252/1
f 3141/1192/1 3142/1193/1 3092/1253/1
f 3142/1193/1 3143/1194/1 3093/1254/1
f 3143/1194/1 3144/1195/1 3094/1255/1
f 3144/1195/1 3145/1196/1 3095/1256/1
f 3145/1196/1 3146/1197/1 3096/1257/1
f 3146/1197/1 3147/1198/1 3097/1258/1
f 3147/1198/1 3148/1199/1 3098/1259/1
f 3148/1199/1 3149/728/1 3099/726/1
f 262/1201/1 3050/1200/1 3000/1260/1
f 3050/1200/1 3051/1202/1 3001/1262/1
f 3051/1202/1 3052/1203/1 3002/1263/1
f 3052/1203/1 3053/1204/1 3003/1264/1
f 3303/1265/4 4014/5335/4 4016/1266/4
f 3054/1209/1 3055/1208/1 3005/1268/1
f 3055/1208/1 3056/1210/1 3006/1270/1
f 3056/1210/1 3057/1211/1 3007/1271/1
f 3057/1211/1 3058/1212/1 3008/1272/1
f 3058/1212/1 3059/1213/1 3009/1273/1
f 3059/1213/1 3060/1214/1 3010/1274/1
f 3060/1214/1 3061/1215/1 3011/1275/1
f 3061/1215/1 3062/1216/1 3012/1276/1
f 3062/1216/1 3063/1217/1 3013/1277/1
f 3063/1217/1 3064/1218/1 3014/1278/1
f 3064/1218/1 3065/1219/1 3015/1279/1
f 3065/1219/1 3066/1220/1 3016/1280/1
f 3066/1220/1 3067/1221/1 3017/1281/1
f 3067/1221/1 3068/1222/1 3018/1282/1
f 3068/1222/1 3069/1223/1 3019/1283/1
f 3069/1223/1 3070/1285/1 3020/1284/1
f 3070/1285/1 3071/5421/1 3021/1286/1
f 2921/923/5 3908/922/5 3906/1287/5
f 3072/1234/1 3073/1233/1 3023/1289/1
f 3073/1233/1 3074/1235/1 3024/1291/1
f 3074/1235/1 3075/1236/1 3025/1292/1
f 3075/1236/1 3076/1237/1 3026/1293/1
f 3076/1237/1 3077/1238/1 3027/1294/1
f 3077/1238/1 3078/1239/1 3028/1295/1
f 3078/1239/1 3079/1240/1 3029/1296/1
f 3079/1240/1 3080/1241/1 3030/1297/1
f 3080/1241/1 3081/1242/1 3031/1298/1
f 3081/1242/1 3082/1243/1 3032/1299/1
f 3082/1243/1 3083/1244/1 3033/1300/1
f 3083/1244/1 3084/1245/1 3034/1301/1
f 3084/1245/1 3085/1246/1 3035/1302/1
f 3085/1246/1 3086/1247/1 3036/1303/1
f 3086/1247/1 3087/1248/1 3037/1304/1
f 3087/1248/1 3088/1249/1 3038/1305/1
f 3088/1249/1 3089/1250/1 3039/1306/1
f 3089/1250/1 3090/1251/1 3040/1307/1
f 3090/1251/1 3091/1252/1 3041/1308/1
f 3091/1252/1 3092/1253/1 3042/1309/1
f 3092/1253/1 3093/1254/1 3043/1310/1
f 3093/1254/1 3094/1255/1 3044/1311/1
f 3094/1255/1 3095/1256/1 3045/1312/1
f 3095/1256/1 3096/1257/1 3046/1313/1
f 3096/1257/1 3097/1258/1 3047/1314/1
f 3097/1258/1 3098/1259/1 3048/1315/1
f 3098/1259/1 3099/726/1 3049/724/1
f 261/1261/1 3000/1260/1 2950/1316/1
f 3000/1260/1 3001/1262/1 2951/1318/1
f 3001/1262/1 3002/1263/1 2952/1319/1
f 3002/1263/1 3003/1264/1 2953/1320/1
f 3352/1321/5 4015/5422/5 4013/1322/5
f 3004/1269/1 3005/1268/1 2955/1324/1
f 3005/1268/1 3006/1270/1 2956/1326/1
f 3006/1270/1 3007/1271/1 2957/1327/1
f 3007/1271/1 3008/1272/1 2958/1328/1
f 3008/1272/1 3009/1273/1 2959/1329/1
f 3009/1273/1 3010/1274/1 2960/1330/1
f 3010/1274/1 3011/1275/1 2961/1331/1
f 3011/1275/1 3012/1276/1 2962/1332/1
f 3012/1276/1 3013/1277/1 2963/1333/1
f 3013/1277/1 3014/1278/1 2964/1334/1
f 3014/1278/1 3015/1279/1 2965/1335/1
f 3015/1279/1 3016/1280/1 2966/1336/1
f 3016/1280/1 3017/1281/1 2967/1337/1
f 3017/1281/1 3018/1282/1 2968/1338/1
f 3018/1282/1 3019/1283/1 2969/1339/1
f 3019/1283/1 3020/1284/1 2970/1340/1
f 3020/1284/1 3021/1286/1 2971/1341/1
f 3119/926/5 3918/925/5 3914/1342/5
f 3022/1290/1 3023/1289/1 2973/1344/1
f 3023/1289/1 3024/1291/1 2974/1346/1
f 3024/1291/1 3025/1292/1 2975/1347/1
f 3025/1292/1 3026/1293/1 2976/1348/1
f 3026/1293/1 3027/1294/1 2977/1349/1
f 3027/1294/1 3028/1295/1 2978/1350/1
f 3028/1295/1 3029/1296/1 2979/1351/1
f 3029/1296/1 3030/1297/1 2980/1352/1
f 3030/1297/1 3031/1298/1 2981/1353/1
f 3031/1298/1 3032/1299/1 2982/1354/1
f 3032/1299/1 3033/1300/1 2983/1355/1
f 3033/1300/1 3034/1301/1 2984/1356/1
f 3034/1301/1 3035/1302/1 2985/1357/1
f 3035/1302/1 3036/1303/1 2986/1358/1
f 3036/1303/1 3037/1304/1 2987/1359/1
f 3037/1304/1 3038/1305/1 2988/1360/1
f 3038/1305/1 3039/1306/1 2989/1361/1
f 3039/1306/1 3040/1307/1 2990/1362/1
f 3040/1307/1 3041/1308/1 2991/1363/1
f 3041/1308/1 3042/1309/1 2992/1364/1
f 3042/1309/1 3043/1310/1 2993/1365/1
f 3043/1310/1 3044/1311/1 2994/1366/1
f 3044/1311/1 3045/1312/1 2995/1367/1
f 3045/1312/1 3046/1313/1 2996/1368/1
f 3046/1313/1 3047/1314/1 2997/1369/1
f 3047/1314/1 3048/1315/1 2998/1370/1
f 3048/1315/1 3049/724/1 2999/722/1
f 260/1317/1 2950/1316/1 2900/1371/1
f 2950/1316/1 2951/1318/1 2901/1373/1
f 2951/1318/1 2952/1319/1 2902/1374/1
f 2952/1319/1 2953/1320/1 2903/1375/1
f 3153/1376/5 4006/5423/5 4003/1377/5
f 2705/1379/4 3986/5424/4 3988/1380/4
f 2955/1324/1 2956/1326/1 2906/1381/1
f 2956/1326/1 2957/1327/1 2907/1383/1
f 2957/1327/1 2958/1328/1 2908/1384/1
f 2958/1328/1 2959/1329/1 2909/1385/1
f 2959/1329/1 2960/1330/1 2910/1386/1
f 2960/1330/1 2961/1331/1 2911/1387/1
f 2961/1331/1 2962/1332/1 2912/1388/1
f 2962/1332/1 2963/1333/1 2913/1389/1
f 2963/1333/1 2964/1334/1 2914/1390/1
f 2964/1334/1 2965/1335/1 2915/1391/1
f 2965/1335/1 2966/1336/1 2916/1392/1
f 2966/1336/1 2967/1337/1 2917/1393/1
f 2967/1337/1 2968/1338/1 2918/1394/1
f 2968/1338/1 2969/1339/1 2919/1395/1
f 2969/1339/1 2970/1340/1 2920/1396/1
f 2970/1340/1 2971/1341/1 2921/1397/1
f 3318/1398/2 3928/1089/2 3929/1399/2
f 2972/1345/1 2973/1344/1 2923/1401/1
f 2973/1344/1 2974/1346/1 2924/1403/1
f 2974/1346/1 2975/1347/1 2925/1404/1
f 2975/1347/1 2976/1348/1 2926/1405/1
f 2976/1348/1 2977/1349/1 2927/1406/1
f 2977/1349/1 2978/1350/1 2928/1407/1
f 2978/1350/1 2979/1351/1 2929/1408/1
f 2979/1351/1 2980/1352/1 2930/1409/1
f 2980/1352/1 2981/1353/1 2931/1410/1
f 2981/1353/1 2982/1354/1 2932/1411/1
f 2982/1354/1 2983/1355/1 2933/1412/1
f 2983/1355/1 2984/1356/1 2934/1413/1
f 2984/1356/1 2985/1357/1 2935/1414/1
f 2985/1357/1 2986/1358/1 2936/1415/1
f 2986/1358/1 2987/1359/1 2937/1416/1
f 2987/1359/1 2988/1360/1 2938/1417/1
f 2988/1360/1 2989/1361/1 2939/1418/1
f 2989/1361/1 2990/1362/1 2940/1419/1
f 2990/1362/1 2991/1363/1 2941/1420/1
f 2991/1363/1 2992/1364/1 2942/1421/1
f 2992/1364/1 2993/1365/1 2943/1422/1
f 2993/1365/1 2994/1366/1 2944/1423/1
f 2994/1366/1 2995/1367/1 2945/1424/1
f 2995/1367/1 2996/1368/1 2946/1425/1
f 2996/1368/1 2997/1369/1 2947/1426/1
f 2997/1369/1 2998/1370/1 2948/1427/1
f 2998/1370/1 2999/722/1 2949/720/1
f 259/1372/1 2900/1371/1 2850/1428/1
f 2900/1371/1 2901/1373/1 2851/1430/1
f 2901/1373/1 2902/1374/1 2852/1431/1
f 2902/1374/1 2903/1375/1 2853/1432/1
f 2903/1375/1 2904/5425/1 2854/1433/1
f 2953/1074/5 3996/1073/5 3993/1434/5
f 2905/1382/1 2906/1381/1 2856/1436/1
f 2906/1381/1 2907/1383/1 2857/1438/1
f 2907/1383/1 2908/1384/1 2858/1439/1
f 2908/1384/1 2909/1385/1 2859/1440/1
f 2909/1385/1 2910/1386/1 2860/1441/1
f 2910/1386/1 2911/1387/1 2861/1442/1
f 2911/1387/1 2912/1388/1 2862/1443/1
f 2912/1388/1 2913/1389/1 2863/1444/1
f 2913/1389/1 2914/1390/1 2864/1445/1
f 2914/1390/1 2915/1391/1 2865/1446/1
f 2915/1391/1 2916/1392/1 2866/1447/1
f 2916/1392/1 2917/1393/1 2867/1448/1
f 2917/1393/1 2918/1394/1 2868/1449/1
f 2918/1394/1 2919/1395/1 2869/1450/1
f 2919/1395/1 2920/1396/1 2870/1451/1
f 2920/1396/1 2921/1397/1 2871/1452/1
f 3022/1453/4 3913/5212/4 3917/1454/4
f 2922/1402/1 2923/1401/1 2873/1455/1
f 2923/1401/1 2924/1403/1 2874/1457/1
f 2924/1403/1 2925/1404/1 2875/1458/1
f 2925/1404/1 2926/1405/1 2876/1459/1
f 2926/1405/1 2927/1406/1 2877/1460/1
f 2927/1406/1 2928/1407/1 2878/1461/1
f 2928/1407/1 2929/1408/1 2879/1462/1
f 2929/1408/1 2930/1409/1 2880/1463/1
f 2930/1409/1 2931/1410/1 2881/1464/1
f 2931/1410/1 2932/1411/1 2882/1465/1
f 2932/1411/1 2933/1412/1 2883/1466/1
f 2933/1412/1 2934/1413/1 2884/1467/1
f 2934/1413/1 2935/1414/1 2885/1468/1
f 2935/1414/1 2936/1415/1 2886/1469/1
f 2936/1415/1 2937/1416/1 2887/1470/1
f 2937/1416/1 2938/1417/1 2888/1471/1
f 2938/1417/1 2939/1418/1 2889/1472/1
f 2939/1418/1 2940/1419/1 2890/1473/1
f 2940/1419/1 2941/1420/1 2891/1474/1
f 2941/1420/1 2942/1421/1 2892/1475/1
f 2942/1421/1 2943/1422/1 2893/1476/1
f 2943/1422/1 2944/1423/1 2894/1477/1
f 2944/1423/1 2945/1424/1 2895/1478/1
f 2945/1424/1 2946/1425/1 2896/1479/1
f 2946/1425/1 2947/1426/1 2897/1480/1
f 2947/1426/1 2948/1427/1 2898/1481/1
f 2948/1427/1 2949/720/1 2899/718/1
f 258/1429/1 2850/1428/1 2800/1482/1
f 2850/1428/1 2851/1430/1 2801/1484/1
f 2851/1430/1 2852/1431/1 2802/1485/1
f 2852/1431/1 2853/1432/1 2803/1486/1
f 2853/1432/1 2854/1433/1 2804/1487/1
f 2754/1077/5 3987/1076/5 3985/1488/5
f 2855/1437/1 2856/1436/1 2806/1490/1
f 2856/1436/1 2857/1438/1 2807/1492/1
f 2857/1438/1 2858/1439/1 2808/1493/1
f 2858/1439/1 2859/1440/1 2809/1494/1
f 2859/1440/1 2860/1441/1 2810/1495/1
f 2860/1441/1 2861/1442/1 2811/1496/1
f 2861/1442/1 2862/1443/1 2812/1497/1
f 2862/1443/1 2863/1444/1 2813/1498/1
f 2863/1444/1 2864/1445/1 2814/1499/1
f 2864/1445/1 2865/1446/1 2815/1500/1
f 2865/1446/1 2866/1447/1 2816/1501/1
f 2866/1447/1 2867/1448/1 2817/1502/1
f 2867/1448/1 2868/1449/1 2818/1503/1
f 2868/1449/1 2869/1450/1 2819/1504/1
f 2869/1450/1 2870/1451/1 2820/1505/1
f 2870/1451/1 2871/1452/1 2821/1506/1
f 2871/1452/1 2872/1456/1 2822/1507/1
f 2872/1456/1 2873/1455/1 2823/1508/1
f 2873/1455/1 2874/1457/1 2824/1509/1
f 2874/1457/1 2875/1458/1 2825/1510/1
f 2875/1458/1 2876/1459/1 2826/1511/1
f 2876/1459/1 2877/1460/1 2827/1512/1
f 2877/1460/1 2878/1461/1 2828/1513/1
f 2878/1461/1 2879/1462/1 2829/1514/1
f 2879/1462/1 2880/1463/1 2830/1515/1
f 2880/1463/1 2881/1464/1 2831/1516/1
f 2881/1464/1 2882/1465/1 2832/1517/1
f 2882/1465/1 2883/1466/1 2833/1518/1
f 2883/1466/1 2884/1467/1 2834/1519/1
f 2884/1467/1 2885/1468/1 2835/1520/1
f 2885/1468/1 2886/1469/1 2836/1521/1
f 2886/1469/1 2887/1470/1 2837/1522/1
f 2887/1470/1 2888/1471/1 2838/1523/1
f 2888/1471/1 2889/1472/1 2839/1524/1
f 2889/1472/1 2890/1473/1 2840/1525/1
f 2890/1473/1 2891/1474/1 2841/1526/1
f 2891/1474/1 2892/1475/1 2842/1527/1
f 2892/1475/1 2893/1476/1 2843/1528/1
f 2893/1476/1 2894/1477/1 2844/1529/1
f 2894/1477/1 2895/1478/1 2845/1530/1
f 2895/1478/1 2896/1479/1 2846/1531/1
f 2896/1479/1 2897/1480/1 2847/1532/1
f 2897/1480/1 2898/1481/1 2848/1533/1
f 2898/1481/1 2899/718/1 2849/716/1
f 257/1483/1 2800/1482/1 2750/1534/1
f 2800/1482/1 2801/1484/1 2751/1536/1
f 2801/1484/1 2802/1485/1 2752/1537/1
f 2802/1485/1 2803/1486/1 2753/1538/1
f 2803/1486/1 2804/1487/1 2754/1539/1
f 2903/1540/2 3993/1593/2 3994/1541/2
f 2805/1491/1 2806/1490/1 2756/1543/1
f 2806/1490/1 2807/1492/1 2757/1545/1
f 2807/1492/1 2808/1493/1 2758/1546/1
f 2808/1493/1 2809/1494/1 2759/1547/1
f 2809/1494/1 2810/1495/1 2760/1548/1
f 2810/1495/1 2811/1496/1 2761/1549/1
f 2811/1496/1 2812/1497/1 2762/1550/1
f 2812/1497/1 2813/1498/1 2763/1551/1
f 2813/1498/1 2814/1499/1 2764/1552/1
f 2814/1499/1 2815/1500/1 2765/1553/1
f 2815/1500/1 2816/1501/1 2766/1554/1
f 2816/1501/1 2817/1502/1 2767/1555/1
f 2817/1502/1 2818/1503/1 2768/1556/1
f 2818/1503/1 2819/1504/1 2769/1557/1
f 2819/1504/1 2820/1505/1 2770/1558/1
f 2820/1505/1 2821/1506/1 2771/1559/1
f 2821/1506/1 2822/1507/1 2772/1560/1
f 2822/1507/1 2823/1508/1 2773/1561/1
f 2823/1508/1 2824/1509/1 2774/1562/1
f 2824/1509/1 2825/1510/1 2775/1563/1
f 2825/1510/1 2826/1511/1 2776/1564/1
f 2826/1511/1 2827/1512/1 2777/1565/1
f 2827/1512/1 2828/1513/1 2778/1566/1
f 2828/1513/1 2829/1514/1 2779/1567/1
f 2829/1514/1 2830/1515/1 2780/1568/1
f 2830/1515/1 2831/1516/1 2781/1569/1
f 2831/1516/1 2832/1517/1 2782/1570/1
f 2832/1517/1 2833/1518/1 2783/1571/1
f 2833/1518/1 2834/1519/1 2784/1572/1
f 2834/1519/1 2835/1520/1 2785/1573/1
f 2835/1520/1 2836/1521/1 2786/1574/1
f 2836/1521/1 2837/1522/1 2787/1575/1
f 2837/1522/1 2838/1523/1 2788/1576/1
f 2838/1523/1 2839/1524/1 2789/1577/1
f 2839/1524/1 2840/1525/1 2790/1578/1
f 2840/1525/1 2841/1526/1 2791/1579/1
f 2841/1526/1 2842/1527/1 2792/1580/1
f 2842/1527/1 2843/1528/1 2793/1581/1
f 2843/1528/1 2844/1529/1 2794/1582/1
f 2844/1529/1 2845/1530/1 2795/1583/1
f 2845/1530/1 2846/1531/1 2796/1584/1
f 2846/1531/1 2847/1532/1 2797/1585/1
f 2847/1532/1 2848/1533/1 2798/1586/1
f 2848/1533/1 2849/716/1 2799/713/1
f 256/1535/1 2750/1534/1 2700/1587/1
f 2750/1534/1 2751/1536/1 2701/1589/1
f 2751/1536/1 2752/1537/1 2702/1590/1
f 2752/1537/1 2753/1538/1 2703/1591/1
f 2753/1538/1 2754/1539/1 2704/1592/1
f 2704/1593/2 3985/5426/2 3986/1594/2
f 2755/1544/1 2756/1543/1 2706/1595/1
f 2756/1543/1 2757/1545/1 2707/1597/1
f 2757/1545/1 2758/1546/1 2708/1598/1
f 2758/1546/1 2759/1547/1 2709/1599/1
f 2759/1547/1 2760/1548/1 2710/1600/1
f 2760/1548/1 2761/1549/1 2711/1601/1
f 2761/1549/1 2762/1550/1 2712/1602/1
f 2762/1550/1 2763/1551/1 2713/1603/1
f 2763/1551/1 2764/1552/1 2714/1604/1
f 2764/1552/1 2765/1553/1 2715/1605/1
f 2765/1553/1 2766/1554/1 2716/1606/1
f 2766/1554/1 2767/1555/1 2717/1607/1
f 2767/1555/1 2768/1556/1 2718/1608/1
f 2768/1556/1 2769/1557/1 2719/1609/1
f 2769/1557/1 2770/1558/1 2720/1610/1
f 2770/1558/1 2771/1559/1 2721/1611/1
f 2771/1559/1 2772/1560/1 2722/1612/1
f 2772/1560/1 2773/1561/1 2723/1613/1
f 2773/1561/1 2774/1562/1 2724/1614/1
f 2774/1562/1 2775/1563/1 2725/1615/1
f 2775/1563/1 2776/1564/1 2726/1616/1
f 2776/1564/1 2777/1565/1 2727/1617/1
f 2777/1565/1 2778/1566/1 2728/1618/1
f 2778/1566/1 2779/1567/1 2729/1619/1
f 2779/1567/1 2780/1568/1 2730/1620/1
f 2780/1568/1 2781/1569/1 2731/1621/1
f 2781/1569/1 2782/1570/1 2732/1622/1
f 2782/1570/1 2783/1571/1 2733/1623/1
f 2783/1571/1 2784/1572/1 2734/1624/1
f 2784/1572/1 2785/1573/1 2735/1625/1
f 2785/1573/1 2786/1574/1 2736/1626/1
f 2786/1574/1 2787/1575/1 2737/1627/1
f 2787/1575/1 2788/1576/1 2738/1628/1
f 2788/1576/1 2789/1577/1 2739/1629/1
f 2789/1577/1 2790/1578/1 2740/1630/1
f 2790/1578/1 2791/1579/1 2741/1631/1
f 2791/1579/1 2792/1580/1 2742/1632/1
f 2792/1580/1 2793/1581/1 2743/1633/1
f 2793/1581/1 2794/1582/1 2744/1634/1
f 2794/1582/1 2795/1583/1 2745/1635/1
f 2795/1583/1 2796/1584/1 2746/1636/1
f 2796/1584/1 2797/1585/1 2747/1637/1
f 2797/1585/1 2798/1586/1 2748/1638/1
f 2798/1586/1 2799/713/1 2749/715/1
f 255/1588/1 2700/1587/1 2657/1639/1
f 2700/1587/1 2701/1589/1 2658/1641/1
f 2701/1589/1 2702/1590/1 2659/1642/1
f 2706/1643/3 3980/5280/3 3979/1644/3
f 2617/1646/4 2212/5427/4 3975/1647/4
f 2615/1649/2 2257/1657/2 2213/1650/2
f 2659/1652/5 2211/5279/5 2263/1653/5
f 2705/1645/3 3979/1644/3 3978/1654/3
f 2614/1656/2 2258/1660/2 2257/1657/2
f 2704/1655/3 3978/1654/3 3977/921/3
f 2613/1659/2 2259/1753/2 2258/1660/2
f 2267/1661/5 3812/5038/5 3810/1662/5
f 2168/1664/4 3809/1670/4 3811/1665/4
f 2217/1663/5 3810/1662/5 3808/1667/5
f 2118/1669/4 3807/1676/4 3809/1670/4
f 2167/1668/5 3808/1667/5 3806/1671/5
f 2673/1673/2 3841/1681/2 3842/1674/2
f 2068/1675/4 3805/1690/4 3807/1676/4
f 1867/1677/2 3796/5428/2 3797/1678/2
f 2672/1680/2 3840/1685/2 3841/1681/2
f 2117/1672/5 3806/1671/5 3804/1682/5
f 2671/1684/2 3839/1692/2 3840/1685/2
f 2724/1686/3 3857/5429/3 3856/1687/3
f 2018/1689/4 3803/2079/4 3805/1690/4
f 2670/1691/2 3838/1914/2 3839/1692/2
f 2724/1614/1 2725/1615/1 2675/1693/1
f 2725/1615/1 2726/1616/1 2676/1695/1
f 2726/1616/1 2727/1617/1 2677/1696/1
f 2727/1617/1 2728/1618/1 2678/1697/1
f 2728/1618/1 2729/1619/1 2679/1698/1
f 287/1699/4 3721/4923/4 3720/1700/4
f 2734/1702/3 3749/4915/3 3748/1703/3
f 2679/1705/2 3724/1737/2 3725/1706/2
f 2747/1708/3 3762/4912/3 3761/1709/3
f 2692/1711/2 3737/1718/2 3738/1712/2
f 2733/1704/3 3748/1703/3 3747/1713/3
f 2746/1710/3 3761/1709/3 3760/1715/3
f 2691/1717/2 3736/1727/2 3737/1718/2
f 286/1719/3 3720/3210/3 3723/1720/3
f 2732/1714/3 3747/1713/3 3746/1722/3
f 2745/1716/3 3760/1715/3 3759/1724/3
f 2690/1726/2 3735/1736/2 3736/1727/2
f 2699/1728/2 3722/4835/2 3721/1729/2
f 2731/1723/3 3746/1722/3 3745/1731/3
f 2744/1725/3 3759/1724/3 3758/1733/3
f 2689/1735/2 3734/1742/2 3735/1736/2
f 2730/1732/3 3745/1731/3 3744/1737/3
f 2743/1734/3 3758/1733/3 3757/1739/3
f 2688/1741/2 3733/3195/2 3734/1742/2
f 2742/1740/3 3757/1739/3 3756/1376/3
f 254/1640/1 2657/1639/1 2607/1744/1
f 2657/1639/1 2658/1641/1 2608/1746/1
f 2658/1641/1 2659/1642/1 2609/1747/1
f 2703/1658/3 3977/921/3 3976/923/3
f 2710/1749/3 3984/5430/3 3983/1750/3
f 2612/1752/2 2260/1757/2 2259/1753/2
f 2709/1751/3 3983/1750/3 3982/1754/3
f 2611/1756/2 2261/1761/2 2260/1757/2
f 2708/1755/3 3982/1754/3 3981/1758/3
f 2610/1760/2 2262/5277/2 2261/1761/2
f 2660/1648/4 3975/1647/4 3984/1762/4
f 2723/1688/3 3856/1687/3 3855/1764/3
f 2661/1766/1 2662/1769/1 2619/1767/1
f 2662/1769/1 2663/1771/1 2620/1770/1
f 2663/1771/1 2664/1773/1 2621/1772/1
f 2664/1773/1 2665/1775/1 2622/1774/1
f 2665/1775/1 2666/1777/1 2623/1776/1
f 2666/1777/1 2667/1779/1 2624/1778/1
f 2667/1779/1 2668/1781/1 2625/1780/1
f 2668/1781/1 2669/1783/1 2626/1782/1
f 2669/1783/1 2670/1785/1 2627/1784/1
f 2670/1785/1 2671/1787/1 2628/1786/1
f 2671/1787/1 2672/1789/1 2629/1788/1
f 2672/1789/1 2673/1791/1 2630/1790/1
f 2673/1791/1 2674/1694/1 2631/1792/1
f 2674/1694/1 2675/1693/1 2632/1793/1
f 2675/1693/1 2676/1695/1 2633/1794/1
f 2676/1695/1 2677/1696/1 2634/1795/1
f 2677/1696/1 2678/1697/1 2635/1796/1
f 2678/1697/1 2679/1698/1 2636/1797/1
f 2486/1798/5 3786/4963/5 3784/1799/5
f 2680/1801/1 2681/1804/1 2638/1802/1
f 2681/1804/1 2682/1806/1 2639/1805/1
f 2682/1806/1 2683/1808/1 2640/1807/1
f 2683/1808/1 2684/1810/1 2641/1809/1
f 2684/1810/1 2685/1812/1 2642/1811/1
f 2685/1812/1 2686/1814/1 2643/1813/1
f 2686/1814/1 2687/1816/1 2644/1815/1
f 2687/1816/1 2688/1818/1 2645/1817/1
f 2688/1818/1 2689/1820/1 2646/1819/1
f 2689/1820/1 2690/1822/1 2647/1821/1
f 2690/1822/1 2691/1824/1 2648/1823/1
f 2691/1824/1 2692/1826/1 2649/1825/1
f 2692/1826/1 2693/1828/1 2650/1827/1
f 2693/1828/1 2694/1830/1 2651/1829/1
f 2694/1830/1 2695/1832/1 2652/1831/1
f 2695/1832/1 2696/1834/1 2653/1833/1
f 2696/1834/1 2697/1836/1 2654/1835/1
f 2697/1836/1 2698/1838/1 2655/1837/1
f 2698/1838/1 2699/708/1 2656/706/1
f 253/1745/1 2607/1744/1 2557/1839/1
f 2607/1744/1 2608/1746/1 2558/1841/1
f 2608/1746/1 2609/1747/1 2559/1842/1
f 2609/1747/1 2610/1844/1 2560/1843/1
f 2610/1844/1 2611/1846/1 2561/1845/1
f 2611/1846/1 2612/1848/1 2562/1847/1
f 2612/1848/1 2613/1850/1 2563/1849/1
f 2613/1850/1 2614/1852/1 2564/1851/1
f 2614/1852/1 2615/1854/1 2565/1853/1
f 2615/1854/1 2616/1856/1 2566/1855/1
f 2616/1856/1 2617/5431/1 2567/1857/1
f 2067/1683/5 3804/1682/5 3802/1858/5
f 2618/1768/1 2619/1767/1 2569/1860/1
f 2619/1767/1 2620/1770/1 2570/1862/1
f 2620/1770/1 2621/1772/1 2571/1863/1
f 2621/1772/1 2622/1774/1 2572/1864/1
f 2622/1774/1 2623/1776/1 2573/1865/1
f 2623/1776/1 2624/1778/1 2574/1866/1
f 2624/1778/1 2625/1780/1 2575/1867/1
f 2625/1780/1 2626/1782/1 2576/1868/1
f 2626/1782/1 2627/1784/1 2577/1869/1
f 2627/1784/1 2628/1786/1 2578/1870/1
f 2628/1786/1 2629/1788/1 2579/1871/1
f 2629/1788/1 2630/1790/1 2580/1872/1
f 2630/1790/1 2631/1792/1 2581/1873/1
f 2631/1792/1 2632/1793/1 2582/1874/1
f 2632/1793/1 2633/1794/1 2583/1875/1
f 2633/1794/1 2634/1795/1 2584/1876/1
f 2634/1795/1 2635/1796/1 2585/1877/1
f 2635/1796/1 2636/1797/1 2586/1878/1
f 2237/1879/4 3777/2400/4 3779/1880/4
f 2637/1803/1 2638/1802/1 2588/1882/1
f 2638/1802/1 2639/1805/1 2589/1884/1
f 2639/1805/1 2640/1807/1 2590/1885/1
f 2640/1807/1 2641/1809/1 2591/1886/1
f 2641/1809/1 2642/1811/1 2592/1887/1
f 2642/1811/1 2643/1813/1 2593/1888/1
f 2643/1813/1 2644/1815/1 2594/1889/1
f 2644/1815/1 2645/1817/1 2595/1890/1
f 2645/1817/1 2646/1819/1 2596/1891/1
f 2646/1819/1 2647/1821/1 2597/1892/1
f 2647/1821/1 2648/1823/1 2598/1893/1
f 2648/1823/1 2649/1825/1 2599/1894/1
f 2649/1825/1 2650/1827/1 2600/1895/1
f 2650/1827/1 2651/1829/1 2601/1896/1
f 2651/1829/1 2652/1831/1 2602/1897/1
f 2652/1831/1 2653/1833/1 2603/1898/1
f 2653/1833/1 2654/1835/1 2604/1899/1
f 2654/1835/1 2655/1837/1 2605/1900/1
f 2655/1837/1 2656/706/1 2606/704/1
f 252/1840/1 2557/1839/1 2507/1901/1
f 2557/1839/1 2558/1841/1 2508/1903/1
f 2558/1841/1 2559/1842/1 2509/1904/1
f 2559/1842/1 2560/1843/1 2510/1905/1
f 2560/1843/1 2561/1845/1 2511/1906/1
f 2561/1845/1 2562/1847/1 2512/1907/1
f 2562/1847/1 2563/1849/1 2513/1908/1
f 2563/1849/1 2564/1851/1 2514/1909/1
f 2564/1851/1 2565/1853/1 2515/1910/1
f 2565/1853/1 2566/1855/1 2516/1911/1
f 2566/1855/1 2567/1857/1 2517/1912/1
f 2669/1913/2 3837/2024/2 3838/1914/2
f 2568/1861/1 2569/1860/1 2519/1915/1
f 2569/1860/1 2570/1862/1 2520/1917/1
f 2570/1862/1 2571/1863/1 2521/1918/1
f 2571/1863/1 2572/1864/1 2522/1919/1
f 2572/1864/1 2573/1865/1 2523/1920/1
f 2573/1865/1 2574/1866/1 2524/1921/1
f 2574/1866/1 2575/1867/1 2525/1922/1
f 2575/1867/1 2576/1868/1 2526/1923/1
f 2576/1868/1 2577/1869/1 2527/1924/1
f 2577/1869/1 2578/1870/1 2528/1925/1
f 2578/1870/1 2579/1871/1 2529/1926/1
f 2579/1871/1 2580/1872/1 2530/1927/1
f 2580/1872/1 2581/1873/1 2531/1928/1
f 2581/1873/1 2582/1874/1 2532/1929/1
f 2582/1874/1 2583/1875/1 2533/1930/1
f 2583/1875/1 2584/1876/1 2534/1931/1
f 2584/1876/1 2585/1877/1 2535/1932/1
f 2585/1877/1 2586/1878/1 2536/1933/1
f 2680/1934/3 3795/5432/3 3794/1935/3
f 2587/1883/1 2588/1882/1 2538/1937/1
f 2588/1882/1 2589/1884/1 2539/1939/1
f 2589/1884/1 2590/1885/1 2540/1940/1
f 2590/1885/1 2591/1886/1 2541/1941/1
f 2591/1886/1 2592/1887/1 2542/1942/1
f 2592/1887/1 2593/1888/1 2543/1943/1
f 2593/1888/1 2594/1889/1 2544/1944/1
f 2594/1889/1 2595/1890/1 2545/1945/1
f 2595/1890/1 2596/1891/1 2546/1946/1
f 2596/1891/1 2597/1892/1 2547/1947/1
f 2597/1892/1 2598/1893/1 2548/1948/1
f 2598/1893/1 2599/1894/1 2549/1949/1
f 2599/1894/1 2600/1895/1 2550/1950/1
f 2600/1895/1 2601/1896/1 2551/1951/1
f 2601/1896/1 2602/1897/1 2552/1952/1
f 2602/1897/1 2603/1898/1 2553/1953/1
f 2603/1898/1 2604/1899/1 2554/1954/1
f 2604/1899/1 2605/1900/1 2555/1955/1
f 2605/1900/1 2606/704/1 2556/702/1
f 251/1902/1 2507/1901/1 2457/1956/1
f 2507/1901/1 2508/1903/1 2458/1958/1
f 2508/1903/1 2509/1904/1 2459/1959/1
f 2509/1904/1 2510/1905/1 2460/1960/1
f 2510/1905/1 2511/1906/1 2461/1961/1
f 2511/1906/1 2512/1907/1 2462/1962/1
f 2512/1907/1 2513/1908/1 2463/1963/1
f 2513/1908/1 2514/1909/1 2464/1964/1
f 2514/1909/1 2515/1910/1 2465/1965/1
f 2515/1910/1 2516/1911/1 2466/1966/1
f 2516/1911/1 2517/1912/1 2467/1967/1
f 2722/1765/3 3855/1764/3 3854/1968/3
f 2518/1916/1 2519/1915/1 2469/1970/1
f 2519/1915/1 2520/1917/1 2470/1972/1
f 2520/1917/1 2521/1918/1 2471/1973/1
f 2521/1918/1 2522/1919/1 2472/1974/1
f 2522/1919/1 2523/1920/1 2473/1975/1
f 2523/1920/1 2524/1921/1 2474/1976/1
f 2524/1921/1 2525/1922/1 2475/1977/1
f 2525/1922/1 2526/1923/1 2476/1978/1
f 2526/1923/1 2527/1924/1 2477/1979/1
f 2527/1924/1 2528/1925/1 2478/1980/1
f 2528/1925/1 2529/1926/1 2479/1981/1
f 2529/1926/1 2530/1927/1 2480/1982/1
f 2530/1927/1 2531/1928/1 2481/1983/1
f 2531/1928/1 2532/1929/1 2482/1984/1
f 2532/1929/1 2533/1930/1 2483/1985/1
f 2533/1930/1 2534/1931/1 2484/1986/1
f 2534/1931/1 2535/1932/1 2485/1987/1
f 2535/1932/1 2536/1933/1 2486/1988/1
f 2679/1989/5 3794/5433/5 3792/1990/5
f 2537/1938/1 2538/1937/1 2488/1992/1
f 2538/1937/1 2539/1939/1 2489/1994/1
f 2539/1939/1 2540/1940/1 2490/1995/1
f 2540/1940/1 2541/1941/1 2491/1996/1
f 2541/1941/1 2542/1942/1 2492/1997/1
f 2542/1942/1 2543/1943/1 2493/1998/1
f 2543/1943/1 2544/1944/1 2494/1999/1
f 2544/1944/1 2545/1945/1 2495/2000/1
f 2545/1945/1 2546/1946/1 2496/2001/1
f 2546/1946/1 2547/1947/1 2497/2002/1
f 2547/1947/1 2548/1948/1 2498/2003/1
f 2548/1948/1 2549/1949/1 2499/2004/1
f 2549/1949/1 2550/1950/1 2500/2005/1
f 2550/1950/1 2551/1951/1 2501/2006/1
f 2551/1951/1 2552/1952/1 2502/2007/1
f 2552/1952/1 2553/1953/1 2503/2008/1
f 2553/1953/1 2554/1954/1 2504/2009/1
f 2554/1954/1 2555/1955/1 2505/2010/1
f 2555/1955/1 2556/702/1 2506/700/1
f 250/1957/1 2457/1956/1 2407/2011/1
f 2457/1956/1 2458/1958/1 2408/2013/1
f 2458/1958/1 2459/1959/1 2409/2014/1
f 2459/1959/1 2460/1960/1 2410/2015/1
f 2460/1960/1 2461/1961/1 2411/2016/1
f 2461/1961/1 2462/1962/1 2412/2017/1
f 2462/1962/1 2463/1963/1 2413/2018/1
f 2463/1963/1 2464/1964/1 2414/2019/1
f 2464/1964/1 2465/1965/1 2415/2020/1
f 2465/1965/1 2466/1966/1 2416/2021/1
f 2466/1966/1 2467/1967/1 2417/2022/1
f 2668/2023/2 3836/2213/2 3837/2024/2
f 2468/1971/1 2469/1970/1 2419/2025/1
f 2469/1970/1 2470/1972/1 2420/2027/1
f 2470/1972/1 2471/1973/1 2421/2028/1
f 2471/1973/1 2472/1974/1 2422/2029/1
f 2472/1974/1 2473/1975/1 2423/2030/1
f 2473/1975/1 2474/1976/1 2424/2031/1
f 2474/1976/1 2475/1977/1 2425/2032/1
f 2475/1977/1 2476/1978/1 2426/2033/1
f 2476/1978/1 2477/1979/1 2427/2034/1
f 2477/1979/1 2478/1980/1 2428/2035/1
f 2478/1980/1 2479/1981/1 2429/2036/1
f 2479/1981/1 2480/1982/1 2430/2037/1
f 2480/1982/1 2481/1983/1 2431/2038/1
f 2481/1983/1 2482/1984/1 2432/2039/1
f 2482/1984/1 2483/1985/1 2433/2040/1
f 2483/1985/1 2484/1986/1 2434/2041/1
f 2484/1986/1 2485/1987/1 2435/2042/1
f 2485/1987/1 2486/1988/1 2436/2043/1
f 2286/2044/5 3778/4959/5 3776/2045/5
f 2487/1993/1 2488/1992/1 2438/2047/1
f 2488/1992/1 2489/1994/1 2439/2049/1
f 2489/1994/1 2490/1995/1 2440/2050/1
f 2490/1995/1 2491/1996/1 2441/2051/1
f 2491/1996/1 2492/1997/1 2442/2052/1
f 2492/1997/1 2493/1998/1 2443/2053/1
f 2493/1998/1 2494/1999/1 2444/2054/1
f 2494/1999/1 2495/2000/1 2445/2055/1
f 2495/2000/1 2496/2001/1 2446/2056/1
f 2496/2001/1 2497/2002/1 2447/2057/1
f 2497/2002/1 2498/2003/1 2448/2058/1
f 2498/2003/1 2499/2004/1 2449/2059/1
f 2499/2004/1 2500/2005/1 2450/2060/1
f 2500/2005/1 2501/2006/1 2451/2061/1
f 2501/2006/1 2502/2007/1 2452/2062/1
f 2502/2007/1 2503/2008/1 2453/2063/1
f 2503/2008/1 2504/2009/1 2454/2064/1
f 2504/2009/1 2505/2010/1 2455/2065/1
f 2505/2010/1 2506/700/1 2456/698/1
f 249/2012/1 2407/2011/1 2357/2066/1
f 2407/2011/1 2408/2013/1 2358/2068/1
f 2408/2013/1 2409/2014/1 2359/2069/1
f 2409/2014/1 2410/2015/1 2360/2070/1
f 2410/2015/1 2411/2016/1 2361/2071/1
f 2411/2016/1 2412/2017/1 2362/2072/1
f 2412/2017/1 2413/2018/1 2363/2073/1
f 2413/2018/1 2414/2019/1 2364/2074/1
f 2414/2019/1 2415/2020/1 2365/2075/1
f 2415/2020/1 2416/2021/1 2366/2076/1
f 2416/2021/1 2417/2022/1 2367/2077/1
f 1968/2078/4 3801/2616/4 3803/2079/4
f 2418/2026/1 2419/2025/1 2369/2080/1
f 2419/2025/1 2420/2027/1 2370/2082/1
f 2420/2027/1 2421/2028/1 2371/2083/1
f 2421/2028/1 2422/2029/1 2372/2084/1
f 2422/2029/1 2423/2030/1 2373/2085/1
f 2423/2030/1 2424/2031/1 2374/2086/1
f 2132/2087/4 3861/2240/4 3863/2088/4
f 2425/2032/1 2426/2033/1 2376/2090/1
f 2426/2033/1 2427/2034/1 2377/2092/1
f 2427/2034/1 2428/2035/1 2378/2093/1
f 2428/2035/1 2429/2036/1 2379/2094/1
f 2429/2036/1 2430/2037/1 2380/2095/1
f 2430/2037/1 2431/2038/1 2381/2096/1
f 2431/2038/1 2432/2039/1 2382/2097/1
f 2432/2039/1 2433/2040/1 2383/2098/1
f 2433/2040/1 2434/2041/1 2384/2099/1
f 2434/2041/1 2435/2042/1 2385/2100/1
f 2435/2042/1 2436/2043/1 2386/2101/1
f 2037/2102/4 3769/2637/4 3771/2103/4
f 2437/2048/1 2438/2047/1 2388/2105/1
f 2438/2047/1 2439/2049/1 2389/2107/1
f 2439/2049/1 2440/2050/1 2390/2108/1
f 2440/2050/1 2441/2051/1 2391/2109/1
f 2441/2051/1 2442/2052/1 2392/2110/1
f 2442/2052/1 2443/2053/1 2393/2111/1
f 2443/2053/1 2444/2054/1 2394/2112/1
f 2444/2054/1 2445/2055/1 2395/2113/1
f 2445/2055/1 2446/2056/1 2396/2114/1
f 2446/2056/1 2447/2057/1 2397/2115/1
f 2447/2057/1 2448/2058/1 2398/2116/1
f 2448/2058/1 2449/2059/1 2399/2117/1
f 2449/2059/1 2450/2060/1 2400/2118/1
f 2400/2119/5 3716/4871/5 3714/2120/5
f 2451/2061/1 2452/2062/1 2402/2122/1
f 2452/2062/1 2453/2063/1 2403/2124/1
f 2453/2063/1 2454/2064/1 2404/2125/1
f 2454/2064/1 2455/2065/1 2405/2126/1
f 2455/2065/1 2456/698/1 2406/696/1
f 248/2067/1 2357/2066/1 2307/2127/1
f 2357/2066/1 2358/2068/1 2308/2129/1
f 2358/2068/1 2359/2069/1 2309/2130/1
f 2359/2069/1 2360/2070/1 2310/2131/1
f 2360/2070/1 2361/2071/1 2311/2132/1
f 2361/2071/1 2362/2072/1 2312/2133/1
f 2362/2072/1 2363/2073/1 2313/2134/1
f 2363/2073/1 2364/2074/1 2314/2135/1
f 2364/2074/1 2365/2075/1 2315/2136/1
f 2365/2075/1 2366/2076/1 2316/2137/1
f 2366/2076/1 2367/2077/1 2317/2138/1
f 2721/1969/3 3854/1968/3 3853/2139/3
f 2368/2081/1 2369/2080/1 2319/2141/1
f 2369/2080/1 2370/2082/1 2320/2143/1
f 2370/2082/1 2371/2083/1 2321/2144/1
f 2371/2083/1 2372/2084/1 2322/2145/1
f 2372/2084/1 2373/2085/1 2323/2146/1
f 2373/2085/1 2374/2086/1 2324/2147/1
f 2326/2148/3 3878/5122/3 3877/2149/3
f 2375/2091/1 2376/2090/1 2326/2151/1
f 2376/2090/1 2377/2092/1 2327/2153/1
f 2377/2092/1 2378/2093/1 2328/2154/1
f 2378/2093/1 2379/2094/1 2329/2155/1
f 2379/2094/1 2380/2095/1 2330/2156/1
f 2380/2095/1 2381/2096/1 2331/2157/1
f 2381/2096/1 2382/2097/1 2332/2158/1
f 2382/2097/1 2383/2098/1 2333/2159/1
f 2383/2098/1 2384/2099/1 2334/2160/1
f 2384/2099/1 2385/2100/1 2335/2161/1
f 2385/2100/1 2386/2101/1 2336/2162/1
f 2086/2163/5 3770/4955/5 3768/2164/5
f 2387/2106/1 2388/2105/1 2338/2166/1
f 2388/2105/1 2389/2107/1 2339/2168/1
f 2389/2107/1 2390/2108/1 2340/2169/1
f 2390/2108/1 2391/2109/1 2341/2170/1
f 2391/2109/1 2392/2110/1 2342/2171/1
f 2392/2110/1 2393/2111/1 2343/2172/1
f 2393/2111/1 2394/2112/1 2344/2173/1
f 2394/2112/1 2395/2113/1 2345/2174/1
f 2395/2113/1 2396/2114/1 2346/2175/1
f 2396/2114/1 2397/2115/1 2347/2176/1
f 2397/2115/1 2398/2116/1 2348/2177/1
f 2398/2116/1 2399/2117/1 2349/2178/1
f 2399/2117/1 2400/2118/1 2350/2179/1
f 2451/2180/3 3719/4875/3 3718/2181/3
f 2401/2123/1 2402/2122/1 2352/2183/1
f 2402/2122/1 2403/2124/1 2353/2185/1
f 2403/2124/1 2404/2125/1 2354/2186/1
f 2404/2125/1 2405/2126/1 2355/2187/1
f 2405/2126/1 2406/696/1 2356/694/1
f 3977/2188/1 3978/5254/1 2209/2189/1
f 3976/2191/1 3977/2188/1 2210/2190/1
f 2307/2193/3 3964/2370/3 3939/2194/3
f 2158/2195/2 3941/2205/2 3942/2196/2
f 2314/2198/3 3971/2291/3 3970/2199/3
f 247/2201/5 3939/5434/5 3938/2202/5
f 2157/2204/2 3940/2285/2 3941/2205/2
f 2313/2200/3 3970/2199/3 3969/2206/3
f 2314/2135/1 2315/2136/1 2265/2208/1
f 2315/2136/1 2316/2137/1 2266/2210/1
f 2316/2137/1 2317/2138/1 2267/2211/1
f 2667/2212/2 3835/2444/2 3836/2213/2
f 2318/2142/1 2319/2141/1 2269/2214/1
f 2319/2141/1 2320/2143/1 2270/2216/1
f 2320/2143/1 2321/2144/1 2271/2217/1
f 2321/2144/1 2322/2145/1 2272/2218/1
f 2322/2145/1 2323/2146/1 2273/2219/1
f 2323/2146/1 2324/2147/1 2274/2220/1
f 2181/2221/5 3862/5129/5 3860/2222/5
f 2230/2224/2 3864/5435/2 3865/2225/2
f 2375/2227/4 3885/2393/4 3887/2228/4
f 2424/2230/5 3886/5436/5 3884/2231/5
f 2081/2233/2 3858/4744/2 3859/2234/2
f 2281/2236/4 3874/5437/4 3883/2237/4
f 2082/2239/4 3859/5438/4 3861/2240/4
f 2333/2241/3 3896/5157/3 3895/2242/3
f 2286/2244/4 3893/5439/4 3899/2245/4
f 2284/2247/2 3891/5163/2 3892/2248/2
f 2336/2250/3 3899/2460/3 3898/2251/3
f 2332/2243/3 3895/2242/3 3894/2253/3
f 2387/2255/4 3783/4973/4 3785/2256/4
f 2337/2167/1 2338/2166/1 2288/2258/1
f 2338/2166/1 2339/2168/1 2289/2260/1
f 2339/2168/1 2340/2169/1 2290/2261/1
f 2340/2169/1 2341/2170/1 2291/2262/1
f 2341/2170/1 2342/2171/1 2292/2263/1
f 2342/2171/1 2343/2172/1 2293/2264/1
f 2343/2172/1 2344/2173/1 2294/2265/1
f 2344/2173/1 2345/2174/1 2295/2266/1
f 2345/2174/1 2346/2175/1 2296/2267/1
f 2346/2175/1 2347/2176/1 2297/2268/1
f 2347/2176/1 2348/2177/1 2298/2269/1
f 2348/2177/1 2349/2178/1 2299/2270/1
f 2349/2178/1 2350/2179/1 2300/2271/1
f 2101/2272/4 3705/2541/4 3707/2273/4
f 2351/2184/1 2352/2183/1 2302/2275/1
f 2352/2183/1 2353/2185/1 2303/2277/1
f 2353/2185/1 2354/2186/1 2304/2278/1
f 2354/2186/1 2355/2187/1 2305/2279/1
f 2355/2187/1 2356/694/1 2306/692/1
f 2164/982/4 3947/5440/4 3955/2280/4
f 246/2203/5 3938/2202/5 3937/2282/5
f 244/2284/2 3936/1266/2 3940/2285/2
f 2163/2286/2 3946/2293/2 3947/2287/2
f 2312/2207/3 3969/2206/3 3968/2289/3
f 245/2283/5 3937/2282/5 3936/2291/5
f 2162/2292/2 3945/2360/2 3946/2293/2
f 2311/2290/3 3968/2289/3 3967/2294/3
f 2264/2209/1 2265/2208/1 2215/2296/1
f 2265/2208/1 2266/2210/1 2216/2298/1
f 2266/2210/1 2267/2211/1 2217/2299/1
f 2017/1859/5 3802/1858/5 3800/2300/5
f 2268/2215/1 2269/2214/1 2219/2302/1
f 2269/2214/1 2270/2216/1 2220/2304/1
f 2270/2216/1 2271/2217/1 2221/2305/1
f 2271/2217/1 2272/2218/1 2222/2306/1
f 2272/2218/1 2273/2219/1 2223/2307/1
f 2273/2219/1 2274/2220/1 2224/2308/1
f 2274/2220/1 2275/2310/1 2225/2309/1
f 2275/2310/1 2276/2312/1 2226/2311/1
f 2276/2312/1 2277/2314/1 2227/2313/1
f 2277/2314/1 2278/2316/1 2228/2315/1
f 2278/2316/1 2279/2318/1 2229/2317/1
f 2279/2318/1 2280/5441/1 2230/2319/1
f 2282/2320/3 3875/5442/3 3874/2321/3
f 2131/2223/5 3860/2222/5 3858/2323/5
f 2282/2325/1 2283/2328/1 2233/2326/1
f 2283/2328/1 2284/2330/1 2234/2329/1
f 2284/2330/1 2285/2332/1 2235/2331/1
f 2285/2332/1 2286/5443/1 2236/2333/1
f 2587/2334/4 3791/2694/4 3793/2335/4
f 2287/2259/1 2288/2258/1 2238/2337/1
f 2288/2258/1 2289/2260/1 2239/2339/1
f 2289/2260/1 2290/2261/1 2240/2340/1
f 2290/2261/1 2291/2262/1 2241/2341/1
f 2291/2262/1 2292/2263/1 2242/2342/1
f 2292/2263/1 2293/2264/1 2243/2343/1
f 2293/2264/1 2294/2265/1 2244/2344/1
f 2294/2265/1 2295/2266/1 2245/2345/1
f 2295/2266/1 2296/2267/1 2246/2346/1
f 2296/2267/1 2297/2268/1 2247/2347/1
f 2297/2268/1 2298/2269/1 2248/2348/1
f 2298/2269/1 2299/2270/1 2249/2349/1
f 2299/2270/1 2300/2271/1 2250/2350/1
f 2301/2351/4 3713/2597/4 3715/2352/4
f 2301/2276/1 2302/2275/1 2252/2354/1
f 2302/2275/1 2303/2277/1 2253/2356/1
f 2303/2277/1 2304/2278/1 2254/2357/1
f 2304/2278/1 2305/2279/1 2255/2358/1
f 2305/2279/1 2306/692/1 2256/690/1
f 2161/2359/2 3944/2366/2 3945/2360/2
f 2310/2295/3 3967/2294/3 3966/2361/3
f 2264/2363/4 3963/2371/4 3971/2364/4
f 2160/2365/2 3943/2369/2 3944/2366/2
f 2309/2362/3 3966/2361/3 3965/2367/3
f 2159/2197/2 3942/2196/2 3943/2369/2
f 2308/2368/3 3965/2367/3 3964/2370/3
f 2214/2281/4 3955/2280/4 3963/2371/4
f 2214/2297/1 2215/2296/1 2165/2372/1
f 2215/2296/1 2216/2298/1 2166/2374/1
f 2216/2298/1 2217/2299/1 2167/2375/1
f 2720/2140/3 3853/2139/3 3852/2376/3
f 2218/2303/1 2219/2302/1 2169/2378/1
f 2219/2302/1 2220/2304/1 2170/2380/1
f 2220/2304/1 2221/2305/1 2171/2381/1
f 2221/2305/1 2222/2306/1 2172/2382/1
f 2222/2306/1 2223/2307/1 2173/2383/1
f 2223/2307/1 2224/2308/1 2174/2384/1
f 2224/2308/1 2225/2309/1 2175/2385/1
f 2225/2309/1 2226/2311/1 2176/2386/1
f 2226/2311/1 2227/2313/1 2177/2387/1
f 2227/2313/1 2228/2315/1 2178/2388/1
f 2228/2315/1 2229/2317/1 2179/2389/1
f 2229/2317/1 2230/2319/1 2180/2390/1
f 2230/2319/1 2231/5444/1 2181/2391/1
f 2325/2392/4 3877/5445/4 3885/2393/4
f 2232/2327/1 2233/2326/1 2183/2394/1
f 2233/2326/1 2234/2329/1 2184/2396/1
f 2234/2329/1 2235/2331/1 2185/2397/1
f 2235/2331/1 2236/2333/1 2186/2398/1
f 2187/2399/4 3775/4971/4 3777/2400/4
f 2237/2338/1 2238/2337/1 2188/2401/1
f 2238/2337/1 2239/2339/1 2189/2403/1
f 2239/2339/1 2240/2340/1 2190/2404/1
f 2240/2340/1 2241/2341/1 2191/2405/1
f 2241/2341/1 2242/2342/1 2192/2406/1
f 2242/2342/1 2243/2343/1 2193/2407/1
f 2243/2343/1 2244/2344/1 2194/2408/1
f 2244/2344/1 2245/2345/1 2195/2409/1
f 2245/2345/1 2246/2346/1 2196/2410/1
f 2246/2346/1 2247/2347/1 2197/2411/1
f 2247/2347/1 2248/2348/1 2198/2412/1
f 2248/2348/1 2249/2349/1 2199/2413/1
f 2249/2349/1 2250/2350/1 2200/2414/1
f 2150/2415/5 3706/4859/5 3704/2416/5
f 2251/2355/1 2252/2354/1 2202/2418/1
f 2252/2354/1 2253/2356/1 2203/2420/1
f 2253/2356/1 2254/2357/1 2204/2421/1
f 2254/2357/1 2255/2358/1 2205/2422/1
f 2255/2358/1 2256/690/1 2206/688/1
f 244/2423/1 2157/2426/1 2107/2424/1
f 2157/2426/1 2158/2428/1 2108/2427/1
f 2158/2428/1 2159/2430/1 2109/2429/1
f 2159/2430/1 2160/2432/1 2110/2431/1
f 2160/2432/1 2161/2434/1 2111/2433/1
f 2161/2434/1 2162/2436/1 2112/2435/1
f 2162/2436/1 2163/2438/1 2113/2437/1
f 2163/2438/1 2164/2373/1 2114/2439/1
f 2164/2373/1 2165/2372/1 2115/2440/1
f 2165/2372/1 2166/2374/1 2116/2441/1
f 2166/2374/1 2167/2375/1 2117/2442/1
f 2666/2443/2 3834/2729/2 3835/2444/2
f 2168/2379/1 2169/2378/1 2119/2445/1
f 2169/2378/1 2170/2380/1 2120/2447/1
f 2170/2380/1 2171/2381/1 2121/2448/1
f 2171/2381/1 2172/2382/1 2122/2449/1
f 2172/2382/1 2173/2383/1 2123/2450/1
f 2173/2383/1 2174/2384/1 2124/2451/1
f 2174/2384/1 2175/2385/1 2125/2452/1
f 2175/2385/1 2176/2386/1 2126/2453/1
f 2176/2386/1 2177/2387/1 2127/2454/1
f 2177/2387/1 2178/2388/1 2128/2455/1
f 2178/2388/1 2179/2389/1 2129/2456/1
f 2179/2389/1 2180/2390/1 2130/2457/1
f 2180/2390/1 2181/2391/1 2131/2458/1
f 2232/2459/4 3866/5135/4 3875/2460/4
f 2182/2395/1 2183/2394/1 2133/2461/1
f 2183/2394/1 2184/2396/1 2134/2463/1
f 2184/2396/1 2185/2397/1 2135/2464/1
f 2185/2397/1 2186/2398/1 2136/2465/1
f 2436/1800/5 3784/1799/5 3782/2466/5
f 2187/2402/1 2188/2401/1 2138/2468/1
f 2188/2401/1 2189/2403/1 2139/2470/1
f 2189/2403/1 2190/2404/1 2140/2471/1
f 2190/2404/1 2191/2405/1 2141/2472/1
f 2191/2405/1 2192/2406/1 2142/2473/1
f 2192/2406/1 2193/2407/1 2143/2474/1
f 2193/2407/1 2194/2408/1 2144/2475/1
f 2194/2408/1 2195/2409/1 2145/2476/1
f 2195/2409/1 2196/2410/1 2146/2477/1
f 2196/2410/1 2197/2411/1 2147/2478/1
f 2197/2411/1 2198/2412/1 2148/2479/1
f 2198/2412/1 2199/2413/1 2149/2480/1
f 2199/2413/1 2200/2414/1 2150/2481/1
f 2350/2121/5 3714/2120/5 3712/2482/5
f 2201/2419/1 2202/2418/1 2152/2484/1
f 2202/2418/1 2203/2420/1 2153/2486/1
f 2203/2420/1 2204/2421/1 2154/2487/1
f 2204/2421/1 2205/2422/1 2155/2488/1
f 2205/2422/1 2206/688/1 2156/686/1
f 243/2425/1 2107/2424/1 2057/2489/1
f 2107/2424/1 2108/2427/1 2058/2491/1
f 2108/2427/1 2109/2429/1 2059/2492/1
f 2109/2429/1 2110/2431/1 2060/2493/1
f 2110/2431/1 2111/2433/1 2061/2494/1
f 2111/2433/1 2112/2435/1 2062/2495/1
f 2112/2435/1 2113/2437/1 2063/2496/1
f 2113/2437/1 2114/2439/1 2064/2497/1
f 2114/2439/1 2115/2440/1 2065/2498/1
f 2115/2440/1 2116/2441/1 2066/2499/1
f 2116/2441/1 2117/2442/1 2067/2500/1
f 2468/2501/4 3821/5085/4 3823/2502/4
f 2118/2446/1 2119/2445/1 2069/2504/1
f 2119/2445/1 2120/2447/1 2070/2506/1
f 2120/2447/1 2121/2448/1 2071/2507/1
f 2121/2448/1 2122/2449/1 2072/2508/1
f 2122/2449/1 2123/2450/1 2073/2509/1
f 2123/2450/1 2124/2451/1 2074/2510/1
f 2124/2451/1 2125/2452/1 2075/2511/1
f 2125/2452/1 2126/2453/1 2076/2512/1
f 2126/2453/1 2127/2454/1 2077/2513/1
f 2127/2454/1 2128/2455/1 2078/2514/1
f 2128/2455/1 2129/2456/1 2079/2515/1
f 2129/2456/1 2130/2457/1 2080/2516/1
f 2130/2457/1 2131/2458/1 2081/2517/1
f 2279/1722/2 3872/5143/2 3873/2518/2
f 2132/2462/1 2133/2461/1 2083/2519/1
f 2133/2461/1 2134/2463/1 2084/2521/1
f 2134/2463/1 2135/2464/1 2085/2522/1
f 2135/2464/1 2136/2465/1 2086/2523/1
f 2636/1991/5 3792/1990/5 3790/2524/5
f 2137/2469/1 2138/2468/1 2088/2526/1
f 2138/2468/1 2139/2470/1 2089/2528/1
f 2139/2470/1 2140/2471/1 2090/2529/1
f 2140/2471/1 2141/2472/1 2091/2530/1
f 2141/2472/1 2142/2473/1 2092/2531/1
f 2142/2473/1 2143/2474/1 2093/2532/1
f 2143/2474/1 2144/2475/1 2094/2533/1
f 2144/2475/1 2145/2476/1 2095/2534/1
f 2145/2476/1 2146/2477/1 2096/2535/1
f 2146/2477/1 2147/2478/1 2097/2536/1
f 2147/2478/1 2148/2479/1 2098/2537/1
f 2148/2479/1 2149/2480/1 2099/2538/1
f 2149/2480/1 2150/2481/1 2100/2539/1
f 2051/2540/4 3703/4877/4 3705/2541/4
f 2151/2485/1 2152/2484/1 2102/2542/1
f 2152/2484/1 2153/2486/1 2103/2544/1
f 2153/2486/1 2154/2487/1 2104/2545/1
f 2154/2487/1 2155/2488/1 2105/2546/1
f 2155/2488/1 2156/686/1 2106/684/1
f 242/2490/1 2057/2489/1 2007/2547/1
f 2057/2489/1 2058/2491/1 2008/2549/1
f 2058/2491/1 2059/2492/1 2009/2550/1
f 2059/2492/1 2060/2493/1 2010/2551/1
f 2060/2493/1 2061/2494/1 2011/2552/1
f 2061/2494/1 2062/2495/1 2012/2553/1
f 2062/2495/1 2063/2496/1 2013/2554/1
f 2063/2496/1 2064/2497/1 2014/2555/1
f 2064/2497/1 2065/2498/1 2015/2556/1
f 2065/2498/1 2066/2499/1 2016/2557/1
f 2066/2499/1 2067/2500/1 2017/2558/1
f 2719/2377/3 3852/2376/3 3851/2559/3
f 2068/2505/1 2069/2504/1 2019/2561/1
f 2069/2504/1 2070/2506/1 2020/2563/1
f 2070/2506/1 2071/2507/1 2021/2564/1
f 2071/2507/1 2072/2508/1 2022/2565/1
f 2072/2508/1 2073/2509/1 2023/2566/1
f 2073/2509/1 2074/2510/1 2024/2567/1
f 2074/2510/1 2075/2511/1 2025/2568/1
f 2075/2511/1 2076/2512/1 2026/2569/1
f 2076/2512/1 2077/2513/1 2027/2570/1
f 2077/2513/1 2078/2514/1 2028/2571/1
f 2078/2514/1 2079/2515/1 2029/2572/1
f 2079/2515/1 2080/2516/1 2030/2573/1
f 2080/2516/1 2081/2517/1 2031/2574/1
f 2081/2517/1 2082/2520/1 2032/2575/1
f 2082/2520/1 2083/2519/1 2033/2576/1
f 2083/2519/1 2084/2521/1 2034/2577/1
f 2084/2521/1 2085/2522/1 2035/2578/1
f 2085/2522/1 2086/2523/1 2036/2579/1
f 2236/2046/5 3776/2045/5 3774/2580/5
f 2087/2527/1 2088/2526/1 2038/2582/1
f 2088/2526/1 2089/2528/1 2039/2584/1
f 2089/2528/1 2090/2529/1 2040/2585/1
f 2090/2529/1 2091/2530/1 2041/2586/1
f 2091/2530/1 2092/2531/1 2042/2587/1
f 2092/2531/1 2093/2532/1 2043/2588/1
f 2093/2532/1 2094/2533/1 2044/2589/1
f 2094/2533/1 2095/2534/1 2045/2590/1
f 2095/2534/1 2096/2535/1 2046/2591/1
f 2096/2535/1 2097/2536/1 2047/2592/1
f 2097/2536/1 2098/2537/1 2048/2593/1
f 2098/2537/1 2099/2538/1 2049/2594/1
f 2099/2538/1 2100/2539/1 2050/2595/1
f 2251/2596/4 3711/4876/4 3713/2597/4
f 2101/2543/1 2102/2542/1 2052/2598/1
f 2102/2542/1 2103/2544/1 2053/2600/1
f 2103/2544/1 2104/2545/1 2054/2601/1
f 2104/2545/1 2105/2546/1 2055/2602/1
f 2105/2546/1 2106/684/1 2056/682/1
f 241/2548/1 2007/2547/1 1957/2603/1
f 2007/2547/1 2008/2549/1 1958/2605/1
f 2008/2549/1 2009/2550/1 1959/2606/1
f 2009/2550/1 2010/2551/1 1960/2607/1
f 2010/2551/1 2011/2552/1 1961/2608/1
f 2011/2552/1 2012/2553/1 1962/2609/1
f 2012/2553/1 2013/2554/1 1963/2610/1
f 2013/2554/1 2014/2555/1 1964/2611/1
f 2014/2555/1 2015/2556/1 1965/2612/1
f 2015/2556/1 2016/2557/1 1966/2613/1
f 2016/2557/1 2017/2558/1 1967/2614/1
f 1918/2615/4 3799/5084/4 3801/2616/4
f 2018/2562/1 2019/2561/1 1969/2617/1
f 2019/2561/1 2020/2563/1 1970/2619/1
f 2020/2563/1 2021/2564/1 1971/2620/1
f 2021/2564/1 2022/2565/1 1972/2621/1
f 2022/2565/1 2023/2566/1 1973/2622/1
f 2023/2566/1 2024/2567/1 1974/2623/1
f 2024/2567/1 2025/2568/1 1975/2624/1
f 2025/2568/1 2026/2569/1 1976/2625/1
f 2026/2569/1 2027/2570/1 1977/2626/1
f 2027/2570/1 2028/2571/1 1978/2627/1
f 2028/2571/1 2029/2572/1 1979/2628/1
f 2029/2572/1 2030/2573/1 1980/2629/1
f 2030/2573/1 2031/2574/1 1981/2630/1
f 2031/2574/1 2032/2575/1 1982/2631/1
f 2032/2575/1 2033/2576/1 1983/2632/1
f 2033/2576/1 2034/2577/1 1984/2633/1
f 2034/2577/1 2035/2578/1 1985/2634/1
f 2035/2578/1 2036/2579/1 1986/2635/1
f 1987/2636/4 3767/4969/4 3769/2637/4
f 2037/2583/1 2038/2582/1 1988/2638/1
f 2038/2582/1 2039/2584/1 1989/2640/1
f 2039/2584/1 2040/2585/1 1990/2641/1
f 2040/2585/1 2041/2586/1 1991/2642/1
f 2041/2586/1 2042/2587/1 1992/2643/1
f 2042/2587/1 2043/2588/1 1993/2644/1
f 2043/2588/1 2044/2589/1 1994/2645/1
f 2044/2589/1 2045/2590/1 1995/2646/1
f 2045/2590/1 2046/2591/1 1996/2647/1
f 2046/2591/1 2047/2592/1 1997/2648/1
f 2047/2592/1 2048/2593/1 1998/2649/1
f 2048/2593/1 2049/2594/1 1999/2650/1
f 2049/2594/1 2050/2595/1 2000/2651/1
f 2100/2417/5 3704/2416/5 3702/2652/5
f 2051/2599/1 2052/2598/1 2002/2654/1
f 2052/2598/1 2053/2600/1 2003/2656/1
f 2053/2600/1 2054/2601/1 2004/2657/1
f 2054/2601/1 2055/2602/1 2005/2658/1
f 2055/2602/1 2056/682/1 2006/680/1
f 240/2604/1 1957/2603/1 1907/2659/1
f 1957/2603/1 1958/2605/1 1908/2661/1
f 1958/2605/1 1959/2606/1 1909/2662/1
f 1959/2606/1 1960/2607/1 1910/2663/1
f 1960/2607/1 1961/2608/1 1911/2664/1
f 1961/2608/1 1962/2609/1 1912/2665/1
f 1962/2609/1 1963/2610/1 1913/2666/1
f 1963/2610/1 1964/2611/1 1914/2667/1
f 1964/2611/1 1965/2612/1 1915/2668/1
f 1965/2612/1 1966/2613/1 1916/2669/1
f 1966/2613/1 1967/2614/1 1917/2670/1
f 2710/2671/5 3843/5446/5 3828/2672/5
f 1968/2618/1 1969/2617/1 1919/2674/1
f 1969/2617/1 1970/2619/1 1920/2676/1
f 1970/2619/1 1971/2620/1 1921/2677/1
f 1971/2620/1 1972/2621/1 1922/2678/1
f 1972/2621/1 1973/2622/1 1923/2679/1
f 1973/2622/1 1974/2623/1 1924/2680/1
f 1974/2623/1 1975/2624/1 1925/2681/1
f 1975/2624/1 1976/2625/1 1926/2682/1
f 1976/2625/1 1977/2626/1 1927/2683/1
f 1977/2626/1 1978/2627/1 1928/2684/1
f 1978/2627/1 1979/2628/1 1929/2685/1
f 1979/2628/1 1980/2629/1 1930/2686/1
f 1980/2629/1 1981/2630/1 1931/2687/1
f 1981/2630/1 1982/2631/1 1932/2688/1
f 1982/2631/1 1983/2632/1 1933/2689/1
f 1983/2632/1 1984/2633/1 1934/2690/1
f 1984/2633/1 1985/2634/1 1935/2691/1
f 1985/2634/1 1986/2635/1 1936/2692/1
f 2537/2693/4 3789/4967/4 3791/2694/4
f 1987/2639/1 1988/2638/1 1938/2695/1
f 1988/2638/1 1989/2640/1 1939/2697/1
f 1989/2640/1 1990/2641/1 1940/2698/1
f 1990/2641/1 1991/2642/1 1941/2699/1
f 1991/2642/1 1992/2643/1 1942/2700/1
f 1992/2643/1 1993/2644/1 1943/2701/1
f 1993/2644/1 1994/2645/1 1944/2702/1
f 1994/2645/1 1995/2646/1 1945/2703/1
f 1995/2646/1 1996/2647/1 1946/2704/1
f 1996/2647/1 1997/2648/1 1947/2705/1
f 1997/2648/1 1998/2649/1 1948/2706/1
f 1998/2649/1 1999/2650/1 1949/2707/1
f 1999/2650/1 2000/2651/1 1950/2708/1
f 2300/2483/5 3712/2482/5 3710/2709/5
f 2001/2655/1 2002/2654/1 1952/2711/1
f 2002/2654/1 2003/2656/1 1953/2713/1
f 2003/2656/1 2004/2657/1 1954/2714/1
f 2004/2657/1 2005/2658/1 1955/2715/1
f 2005/2658/1 2006/680/1 1956/678/1
f 239/2660/1 1907/2659/1 1857/2716/1
f 1907/2659/1 1908/2661/1 1858/2718/1
f 1908/2661/1 1909/2662/1 1859/2719/1
f 1909/2662/1 1910/2663/1 1860/2720/1
f 1910/2663/1 1911/2664/1 1861/2721/1
f 1911/2664/1 1912/2665/1 1862/2722/1
f 1912/2665/1 1913/2666/1 1863/2723/1
f 1913/2666/1 1914/2667/1 1864/2724/1
f 1914/2667/1 1915/2668/1 1865/2725/1
f 1915/2668/1 1916/2669/1 1866/2726/1
f 1916/2669/1 1917/2670/1 1867/2727/1
f 2665/2728/2 3833/5088/2 3834/2729/2
f 1918/2675/1 1919/2674/1 1869/2730/1
f 1919/2674/1 1920/2676/1 1870/2732/1
f 1920/2676/1 1921/2677/1 1871/2733/1
f 1921/2677/1 1922/2678/1 1872/2734/1
f 1922/2678/1 1923/2679/1 1873/2735/1
f 1925/2736/3 3664/4782/3 3663/2737/3
f 1938/2739/3 3677/4780/3 3676/2740/3
f 1923/2742/5 3662/5447/5 3644/2743/5
f 1883/2745/2 3654/2753/2 3655/2746/2
f 1924/2738/3 3663/2737/3 3662/2748/3
f 1937/2741/3 3676/2740/3 3675/2750/3
f 1882/2752/2 3653/2757/2 3654/2753/2
f 1936/2751/3 3675/2750/3 3674/2754/3
f 1881/2756/2 3652/2761/2 3653/2757/2
f 1935/2755/3 3674/2754/3 3673/2758/3
f 1880/2760/2 3651/2765/2 3652/2761/2
f 1934/2759/3 3673/2758/3 3672/2762/3
f 1879/2764/2 3650/2769/2 3651/2765/2
f 1933/2763/3 3672/2762/3 3671/2766/3
f 1878/2768/2 3649/2773/2 3650/2769/2
f 1932/2767/3 3671/2766/3 3670/2770/3
f 1877/2772/2 3648/4625/2 3649/2773/2
f 1940/2698/1 1941/2699/1 1891/2774/1
f 1941/2699/1 1942/2700/1 1892/2776/1
f 1942/2700/1 1943/2701/1 1893/2777/1
f 1943/2701/1 1944/2702/1 1894/2778/1
f 1947/2779/3 3635/4746/3 3634/2780/3
f 1894/2782/2 3620/5448/2 3621/2783/2
f 1954/2785/3 3642/4739/3 3641/2786/3
f 1901/2788/2 3627/2796/2 3628/2789/2
f 1946/2781/3 3634/2780/3 3633/2791/3
f 1953/2787/3 3641/2786/3 3640/2793/3
f 1900/2795/2 3626/2802/2 3627/2796/2
f 1945/2792/3 3633/2791/3 3632/2797/3
f 1952/2794/3 3640/2793/3 3639/2799/3
f 1899/2801/2 3625/4758/2 3626/2802/2
f 1905/2803/4 3631/5449/4 3643/2804/4
f 1955/2715/1 1956/678/1 1906/676/1
f 238/2717/1 1857/2716/1 1807/2806/1
f 1857/2716/1 1858/2718/1 1808/2808/1
f 1858/2718/1 1859/2719/1 1809/2809/1
f 1859/2719/1 1860/2720/1 1810/2810/1
f 1866/2811/3 3695/2198/3 3694/2200/3
f 1813/2813/2 3683/2817/2 3684/2814/2
f 1865/2812/3 3694/2200/3 3693/2207/3
f 1812/711/2 3682/2819/2 3683/2817/2
f 1864/2816/3 3693/2207/3 3692/2290/3
f 1811/1712/2 3681/2821/2 3682/2819/2
f 1863/2818/3 3692/2290/3 3691/2295/3
f 1810/1718/2 3680/5450/2 3681/2821/2
f 1868/2731/1 1869/2730/1 1819/2822/1
f 1869/2730/1 1870/2732/1 1820/2824/1
f 1870/2732/1 1871/2733/1 1821/2825/1
f 1871/2733/1 1872/2734/1 1822/2826/1
f 1872/2734/1 1873/2735/1 1823/2827/1
f 1873/2735/1 1874/2829/1 1824/2828/1
f 1874/2829/1 1875/2831/1 1825/2830/1
f 1875/2831/1 1876/2833/1 1826/2832/1
f 1876/2833/1 1877/2835/1 1827/2834/1
f 1877/2835/1 1878/2837/1 1828/2836/1
f 1878/2837/1 1879/2839/1 1829/2838/1
f 1879/2839/1 1880/2841/1 1830/2840/1
f 1880/2841/1 1881/2843/1 1831/2842/1
f 1881/2843/1 1882/2845/1 1832/2844/1
f 1882/2845/1 1883/2847/1 1833/2846/1
f 1883/2847/1 1884/2849/1 1834/2848/1
f 1884/2849/1 1885/2851/1 1835/2850/1
f 1885/2851/1 1886/2853/1 1836/2852/1
f 1886/2853/1 1887/2855/1 1837/2854/1
f 1887/2855/1 1888/2857/1 1838/2856/1
f 1888/2857/1 1889/2859/1 1839/2858/1
f 1889/2859/1 1890/2775/1 1840/2860/1
f 1890/2775/1 1891/2774/1 1841/2861/1
f 1891/2774/1 1892/2776/1 1842/2862/1
f 1892/2776/1 1893/2777/1 1843/2863/1
f 1893/2777/1 1894/2778/1 1844/2864/1
f 1894/2778/1 1895/2866/1 1845/2865/1
f 1895/2866/1 1896/2868/1 1846/2867/1
f 1896/2868/1 1897/2870/1 1847/2869/1
f 1897/2870/1 1898/2872/1 1848/2871/1
f 1898/2872/1 1899/2874/1 1849/2873/1
f 1899/2874/1 1900/2876/1 1850/2875/1
f 1900/2876/1 1901/2878/1 1851/2877/1
f 1901/2878/1 1902/2880/1 1852/2879/1
f 1902/2880/1 1903/2882/1 1853/2881/1
f 1903/2882/1 1904/2884/1 1854/2883/1
f 1904/2884/1 1905/2805/1 1855/2885/1
f 1905/2805/1 1906/676/1 1856/674/1
f 237/2807/1 1807/2806/1 1757/2886/1
f 1807/2806/1 1808/2808/1 1758/2888/1
f 1808/2808/1 1809/2809/1 1759/2889/1
f 1809/2809/1 1810/2810/1 1760/2890/1
f 1810/2810/1 1811/2892/1 1761/2891/1
f 1811/2892/1 1812/2894/1 1762/2893/1
f 1812/2894/1 1813/2896/1 1763/2895/1
f 1813/2896/1 1814/2898/1 1764/2897/1
f 1814/2898/1 1815/2900/1 1765/2899/1
f 1815/2900/1 1816/2902/1 1766/2901/1
f 1816/2902/1 1817/2904/1 1767/2903/1
f 1817/2904/1 1818/2823/1 1768/2905/1
f 1818/2823/1 1819/2822/1 1769/2906/1
f 1819/2822/1 1820/2824/1 1770/2907/1
f 1820/2824/1 1821/2825/1 1771/2908/1
f 1821/2825/1 1822/2826/1 1772/2909/1
f 1822/2826/1 1823/2827/1 1773/2910/1
f 1823/2827/1 1824/2828/1 1774/2911/1
f 1824/2828/1 1825/2830/1 1775/2912/1
f 1825/2830/1 1826/2832/1 1776/2913/1
f 1826/2832/1 1827/2834/1 1777/2914/1
f 1827/2834/1 1828/2836/1 1778/2915/1
f 1828/2836/1 1829/2838/1 1779/2916/1
f 1829/2838/1 1830/2840/1 1780/2917/1
f 1830/2840/1 1831/2842/1 1781/2918/1
f 1831/2842/1 1832/2844/1 1782/2919/1
f 1832/2844/1 1833/2846/1 1783/2920/1
f 1833/2846/1 1834/2848/1 1784/2921/1
f 1834/2848/1 1835/2850/1 1785/2922/1
f 1835/2850/1 1836/2852/1 1786/2923/1
f 1836/2852/1 1837/2854/1 1787/2924/1
f 1837/2854/1 1838/2856/1 1788/2925/1
f 1838/2856/1 1839/2858/1 1789/2926/1
f 1839/2858/1 1840/2860/1 1790/2927/1
f 1840/2860/1 1841/2861/1 1791/2928/1
f 1841/2861/1 1842/2862/1 1792/2929/1
f 1842/2862/1 1843/2863/1 1793/2930/1
f 1843/2863/1 1844/2864/1 1794/2931/1
f 1844/2864/1 1845/2865/1 1795/2932/1
f 1845/2865/1 1846/2867/1 1796/2933/1
f 1846/2867/1 1847/2869/1 1797/2934/1
f 1847/2869/1 1848/2871/1 1798/2935/1
f 1848/2871/1 1849/2873/1 1799/2936/1
f 1849/2873/1 1850/2875/1 1800/2937/1
f 1850/2875/1 1851/2877/1 1801/2938/1
f 1851/2877/1 1852/2879/1 1802/2939/1
f 1852/2879/1 1853/2881/1 1803/2940/1
f 1853/2881/1 1854/2883/1 1804/2941/1
f 1854/2883/1 1855/2885/1 1805/2942/1
f 1855/2885/1 1856/674/1 1806/672/1
f 236/2887/1 1757/2886/1 1707/2943/1
f 1757/2886/1 1758/2888/1 1708/2945/1
f 1758/2888/1 1759/2889/1 1709/2946/1
f 1759/2889/1 1760/2890/1 1710/2947/1
f 1760/2890/1 1761/2891/1 1711/2948/1
f 1761/2891/1 1762/2893/1 1712/2949/1
f 1762/2893/1 1763/2895/1 1713/2950/1
f 1763/2895/1 1764/2897/1 1714/2951/1
f 1764/2897/1 1765/2899/1 1715/2952/1
f 1765/2899/1 1766/2901/1 1716/2953/1
f 1766/2901/1 1767/2903/1 1717/2954/1
f 1767/2903/1 1768/2905/1 1718/2955/1
f 1768/2905/1 1769/2906/1 1719/2956/1
f 1769/2906/1 1770/2907/1 1720/2957/1
f 1770/2907/1 1771/2908/1 1721/2958/1
f 1771/2908/1 1772/2909/1 1722/2959/1
f 1772/2909/1 1773/2910/1 1723/2960/1
f 1773/2910/1 1774/2911/1 1724/2961/1
f 1774/2911/1 1775/2912/1 1725/2962/1
f 1775/2912/1 1776/2913/1 1726/2963/1
f 1776/2913/1 1777/2914/1 1727/2964/1
f 1777/2914/1 1778/2915/1 1728/2965/1
f 1778/2915/1 1779/2916/1 1729/2966/1
f 1779/2916/1 1780/2917/1 1730/2967/1
f 1780/2917/1 1781/2918/1 1731/2968/1
f 1781/2918/1 1782/2919/1 1732/2969/1
f 1782/2919/1 1783/2920/1 1733/2970/1
f 1783/2920/1 1784/2921/1 1734/2971/1
f 1784/2921/1 1785/2922/1 1735/2972/1
f 1785/2922/1 1786/2923/1 1736/2973/1
f 1786/2923/1 1787/2924/1 1737/2974/1
f 1787/2924/1 1788/2925/1 1738/2975/1
f 1788/2925/1 1789/2926/1 1739/2976/1
f 1789/2926/1 1790/2927/1 1740/2977/1
f 1790/2927/1 1791/2928/1 1741/2978/1
f 1791/2928/1 1792/2929/1 1742/2979/1
f 1792/2929/1 1793/2930/1 1743/2980/1
f 1793/2930/1 1794/2931/1 1744/2981/1
f 1794/2931/1 1795/2932/1 1745/2982/1
f 1795/2932/1 1796/2933/1 1746/2983/1
f 1796/2933/1 1797/2934/1 1747/2984/1
f 1797/2934/1 1798/2935/1 1748/2985/1
f 1798/2935/1 1799/2936/1 1749/2986/1
f 1799/2936/1 1800/2937/1 1750/2987/1
f 1800/2937/1 1801/2938/1 1751/2988/1
f 1801/2938/1 1802/2939/1 1752/2989/1
f 1802/2939/1 1803/2940/1 1753/2990/1
f 1803/2940/1 1804/2941/1 1754/2991/1
f 1804/2941/1 1805/2942/1 1755/2992/1
f 1805/2942/1 1806/672/1 1756/670/1
f 235/2944/1 1707/2943/1 1657/2993/1
f 1707/2943/1 1708/2945/1 1658/2995/1
f 1708/2945/1 1709/2946/1 1659/2996/1
f 1709/2946/1 1710/2947/1 1660/2997/1
f 1710/2947/1 1711/2948/1 1661/2998/1
f 1711/2948/1 1712/2949/1 1662/2999/1
f 1712/2949/1 1713/2950/1 1663/3000/1
f 1713/2950/1 1714/2951/1 1664/3001/1
f 1714/2951/1 1715/2952/1 1665/3002/1
f 1715/2952/1 1716/2953/1 1666/3003/1
f 1716/2953/1 1717/2954/1 1667/3004/1
f 1717/2954/1 1718/2955/1 1668/3005/1
f 1718/2955/1 1719/2956/1 1669/3006/1
f 1719/2956/1 1720/2957/1 1670/3007/1
f 1720/2957/1 1721/2958/1 1671/3008/1
f 1721/2958/1 1722/2959/1 1672/3009/1
f 1722/2959/1 1723/2960/1 1673/3010/1
f 1723/2960/1 1724/2961/1 1674/3011/1
f 1724/2961/1 1725/2962/1 1675/3012/1
f 1725/2962/1 1726/2963/1 1676/3013/1
f 1726/2963/1 1727/2964/1 1677/3014/1
f 1727/2964/1 1728/2965/1 1678/3015/1
f 1728/2965/1 1729/2966/1 1679/3016/1
f 1729/2966/1 1730/2967/1 1680/3017/1
f 1730/2967/1 1731/2968/1 1681/3018/1
f 1731/2968/1 1732/2969/1 1682/3019/1
f 1732/2969/1 1733/2970/1 1683/3020/1
f 1733/2970/1 1734/2971/1 1684/3021/1
f 1734/2971/1 1735/2972/1 1685/3022/1
f 1735/2972/1 1736/2973/1 1686/3023/1
f 1736/2973/1 1737/2974/1 1687/3024/1
f 1737/2974/1 1738/2975/1 1688/3025/1
f 1738/2975/1 1739/2976/1 1689/3026/1
f 1739/2976/1 1740/2977/1 1690/3027/1
f 1740/2977/1 1741/2978/1 1691/3028/1
f 1741/2978/1 1742/2979/1 1692/3029/1
f 1742/2979/1 1743/2980/1 1693/3030/1
f 1743/2980/1 1744/2981/1 1694/3031/1
f 1744/2981/1 1745/2982/1 1695/3032/1
f 1745/2982/1 1746/2983/1 1696/3033/1
f 1746/2983/1 1747/2984/1 1697/3034/1
f 1747/2984/1 1748/2985/1 1698/3035/1
f 1748/2985/1 1749/2986/1 1699/3036/1
f 1749/2986/1 1750/2987/1 1700/3037/1
f 1750/2987/1 1751/2988/1 1701/3038/1
f 1751/2988/1 1752/2989/1 1702/3039/1
f 1752/2989/1 1753/2990/1 1703/3040/1
f 1753/2990/1 1754/2991/1 1704/3041/1
f 1754/2991/1 1755/2992/1 1705/3042/1
f 1755/2992/1 1756/670/1 1706/668/1
f 234/2994/1 1657/2993/1 1607/3043/1
f 1657/2993/1 1658/2995/1 1608/3045/1
f 1658/2995/1 1659/2996/1 1609/3046/1
f 1659/2996/1 1660/2997/1 1610/3047/1
f 1660/2997/1 1661/2998/1 1611/3048/1
f 1661/2998/1 1662/2999/1 1612/3049/1
f 1662/2999/1 1663/3000/1 1613/3050/1
f 1663/3000/1 1664/3001/1 1614/3051/1
f 1664/3001/1 1665/3002/1 1615/3052/1
f 1665/3002/1 1666/3003/1 1616/3053/1
f 1666/3003/1 1667/3004/1 1617/3054/1
f 1667/3004/1 1668/3005/1 1618/3055/1
f 1668/3005/1 1669/3006/1 1619/3056/1
f 1669/3006/1 1670/3007/1 1620/3057/1
f 1670/3007/1 1671/3008/1 1621/3058/1
f 1671/3008/1 1672/3009/1 1622/3059/1
f 1672/3009/1 1673/3010/1 1623/3060/1
f 1673/3010/1 1674/3011/1 1624/3061/1
f 1674/3011/1 1675/3012/1 1625/3062/1
f 1675/3012/1 1676/3013/1 1626/3063/1
f 1676/3013/1 1677/3014/1 1627/3064/1
f 1677/3014/1 1678/3015/1 1628/3065/1
f 1678/3015/1 1679/3016/1 1629/3066/1
f 1679/3016/1 1680/3017/1 1630/3067/1
f 1680/3017/1 1681/3018/1 1631/3068/1
f 1681/3018/1 1682/3019/1 1632/3069/1
f 1682/3019/1 1683/3020/1 1633/3070/1
f 1683/3020/1 1684/3021/1 1634/3071/1
f 1684/3021/1 1685/3022/1 1635/3072/1
f 1685/3022/1 1686/3023/1 1636/3073/1
f 1686/3023/1 1687/3024/1 1637/3074/1
f 1687/3024/1 1688/3025/1 1638/3075/1
f 1688/3025/1 1689/3026/1 1639/3076/1
f 1689/3026/1 1690/3027/1 1640/3077/1
f 1690/3027/1 1691/3028/1 1641/3078/1
f 1691/3028/1 1692/3029/1 1642/3079/1
f 1692/3029/1 1693/3030/1 1643/3080/1
f 1693/3030/1 1694/3031/1 1644/3081/1
f 1694/3031/1 1695/3032/1 1645/3082/1
f 1695/3032/1 1696/3033/1 1646/3083/1
f 1696/3033/1 1697/3034/1 1647/3084/1
f 1697/3034/1 1698/3035/1 1648/3085/1
f 1698/3035/1 1699/3036/1 1649/3086/1
f 1699/3036/1 1700/3037/1 1650/3087/1
f 1700/3037/1 1701/3038/1 1651/3088/1
f 1701/3038/1 1702/3039/1 1652/3089/1
f 1702/3039/1 1703/3040/1 1653/3090/1
f 1703/3040/1 1704/3041/1 1654/3091/1
f 1704/3041/1 1705/3042/1 1655/3092/1
f 1705/3042/1 1706/668/1 1656/666/1
f 233/3044/1 1607/3043/1 1557/3093/1
f 1607/3043/1 1608/3045/1 1558/3095/1
f 1608/3045/1 1609/3046/1 1559/3096/1
f 1609/3046/1 1610/3047/1 1560/3097/1
f 1610/3047/1 1611/3048/1 1561/3098/1
f 1611/3048/1 1612/3049/1 1562/3099/1
f 1612/3049/1 1613/3050/1 1563/3100/1
f 1613/3050/1 1614/3051/1 1564/3101/1
f 1614/3051/1 1615/3052/1 1565/3102/1
f 1615/3052/1 1616/3053/1 1566/3103/1
f 1616/3053/1 1617/3054/1 1567/3104/1
f 1617/3054/1 1618/3055/1 1568/3105/1
f 1618/3055/1 1619/3056/1 1569/3106/1
f 1619/3056/1 1620/3057/1 1570/3107/1
f 1620/3057/1 1621/3058/1 1571/3108/1
f 1621/3058/1 1622/3059/1 1572/3109/1
f 1622/3059/1 1623/3060/1 1573/3110/1
f 1623/3060/1 1624/3061/1 1574/3111/1
f 1624/3061/1 1625/3062/1 1575/3112/1
f 1625/3062/1 1626/3063/1 1576/3113/1
f 1626/3063/1 1627/3064/1 1577/3114/1
f 1627/3064/1 1628/3065/1 1578/3115/1
f 1628/3065/1 1629/3066/1 1579/3116/1
f 1629/3066/1 1630/3067/1 1580/3117/1
f 1630/3067/1 1631/3068/1 1581/3118/1
f 1631/3068/1 1632/3069/1 1582/3119/1
f 1632/3069/1 1633/3070/1 1583/3120/1
f 1633/3070/1 1634/3071/1 1584/3121/1
f 1634/3071/1 1635/3072/1 1585/3122/1
f 1635/3072/1 1636/3073/1 1586/3123/1
f 1636/3073/1 1637/3074/1 1587/3124/1
f 1637/3074/1 1638/3075/1 1588/3125/1
f 1638/3075/1 1639/3076/1 1589/3126/1
f 1639/3076/1 1640/3077/1 1590/3127/1
f 1640/3077/1 1641/3078/1 1591/3128/1
f 1641/3078/1 1642/3079/1 1592/3129/1
f 1642/3079/1 1643/3080/1 1593/3130/1
f 1643/3080/1 1644/3081/1 1594/3131/1
f 1644/3081/1 1645/3082/1 1595/3132/1
f 1645/3082/1 1646/3083/1 1596/3133/1
f 1646/3083/1 1647/3084/1 1597/3134/1
f 1647/3084/1 1648/3085/1 1598/3135/1
f 1648/3085/1 1649/3086/1 1599/3136/1
f 1649/3086/1 1650/3087/1 1600/3137/1
f 1650/3087/1 1651/3088/1 1601/3138/1
f 1651/3088/1 1652/3089/1 1602/3139/1
f 1652/3089/1 1653/3090/1 1603/3140/1
f 1653/3090/1 1654/3091/1 1604/3141/1
f 1654/3091/1 1655/3092/1 1605/3142/1
f 1655/3092/1 1656/666/1 1606/663/1
f 232/3094/1 1557/3093/1 1507/3143/1
f 1557/3093/1 1558/3095/1 1508/3145/1
f 1558/3095/1 1559/3096/1 1509/3146/1
f 1559/3096/1 1560/3097/1 1510/3147/1
f 1560/3097/1 1561/3098/1 1511/3148/1
f 1561/3098/1 1562/3099/1 1512/3149/1
f 1562/3099/1 1563/3100/1 1513/3150/1
f 1563/3100/1 1564/3101/1 1514/3151/1
f 1564/3101/1 1565/3102/1 1515/3152/1
f 1565/3102/1 1566/3103/1 1516/3153/1
f 1566/3103/1 1567/3104/1 1517/3154/1
f 1567/3104/1 1568/3105/1 1518/3155/1
f 1568/3105/1 1569/3106/1 1519/3156/1
f 1569/3106/1 1570/3107/1 1520/3157/1
f 1570/3107/1 1571/3108/1 1521/3158/1
f 1571/3108/1 1572/3109/1 1522/3159/1
f 1572/3109/1 1573/3110/1 1523/3160/1
f 1573/3110/1 1574/3111/1 1524/3161/1
f 1574/3111/1 1575/3112/1 1525/3162/1
f 1575/3112/1 1576/3113/1 1526/3163/1
f 1576/3113/1 1577/3114/1 1527/3164/1
f 1577/3114/1 1578/3115/1 1528/3165/1
f 1578/3115/1 1579/3116/1 1529/3166/1
f 1579/3116/1 1580/3117/1 1530/3167/1
f 1580/3117/1 1581/3118/1 1531/3168/1
f 1581/3118/1 1582/3119/1 1532/3169/1
f 1582/3119/1 1583/3120/1 1533/3170/1
f 1583/3120/1 1584/3121/1 1534/3171/1
f 1584/3121/1 1585/3122/1 1535/3172/1
f 1585/3122/1 1586/3123/1 1536/3173/1
f 1586/3123/1 1587/3124/1 1537/3174/1
f 1587/3124/1 1588/3125/1 1538/3175/1
f 1588/3125/1 1589/3126/1 1539/3176/1
f 1589/3126/1 1590/3127/1 1540/3177/1
f 1590/3127/1 1591/3128/1 1541/3178/1
f 1591/3128/1 1592/3129/1 1542/3179/1
f 1592/3129/1 1593/3130/1 1543/3180/1
f 1593/3130/1 1594/3131/1 1544/3181/1
f 1594/3131/1 1595/3132/1 1545/3182/1
f 1595/3132/1 1596/3133/1 1546/3183/1
f 1596/3133/1 1597/3134/1 1547/3184/1
f 1597/3134/1 1598/3135/1 1548/3185/1
f 1598/3135/1 1599/3136/1 1549/3186/1
f 1599/3136/1 1600/3137/1 1550/3187/1
f 1600/3137/1 1601/3138/1 1551/3188/1
f 1601/3138/1 1602/3139/1 1552/3189/1
f 1602/3139/1 1603/3140/1 1553/3190/1
f 1603/3140/1 1604/3141/1 1554/3191/1
f 1604/3141/1 1605/3142/1 1555/3192/1
f 1605/3142/1 1606/663/1 1556/665/1
f 1511/3193/3 1217/4567/3 1218/3194/3
f 1458/1706/2 1227/3201/2 1226/3196/2
f 1463/3198/4 1222/2226/4 1215/2803/4
f 1510/3195/3 1218/3194/3 1219/3200/3
f 1457/1737/2 1228/3203/2 1227/3201/2
f 1509/1742/3 1219/3200/3 1220/3202/3
f 230/1731/2 4076/5451/2 1228/3203/2
f 1467/3204/2 3538/1453/2 3539/1104/2
f 1521/2761/3 3560/4617/3 3559/3206/3
f 1466/3208/2 3537/3214/2 3538/1453/2
f 1479/3209/2 3550/3216/2 3551/3210/2
f 1520/3207/3 3559/3206/3 3558/3211/3
f 1465/3213/2 3536/1229/2 3537/3214/2
f 1478/3215/2 3549/1226/2 3550/3216/2
f 1519/3212/3 3558/3211/3 3557/3217/3
f 1464/3218/2 3535/3222/2 3536/1229/2
f 1477/3219/2 3548/1224/2 3549/1226/2
f 1518/2746/3 3557/3217/3 3556/3220/3
f 1463/1748/2 3534/5452/2 3535/3222/2
f 1476/3220/2 3547/3227/2 3548/1224/2
f 1517/3221/3 3556/3220/3 3555/3219/3
f 1530/3224/3 3569/5453/3 3568/3225/3
f 1475/3217/2 3546/867/2 3547/3227/2
f 1516/3223/3 3555/3219/3 3554/3215/3
f 1530/3167/1 1531/3168/1 1481/3229/1
f 1531/3168/1 1532/3169/1 1482/3231/1
f 1532/3169/1 1533/3170/1 1483/3232/1
f 310/3233/3 3570/4691/3 3573/3234/3
f 1549/3236/3 3613/3251/3 3612/3237/3
f 1494/3239/2 3585/3246/2 3586/1741/2
f 1535/662/3 3599/661/3 3598/3241/3
f 1506/3241/2 3572/1728/2 3571/1730/2
f 1548/3238/3 3612/3237/3 3611/3244/3
f 1493/3244/2 3584/3248/2 3585/3246/2
f 1534/3242/3 3598/3241/3 3597/3243/3
f 1547/3245/3 3611/3244/3 3610/3239/3
f 1492/3237/2 3583/3252/2 3584/3248/2
f 1505/661/2 3596/3254/2 3572/1728/2
f 1546/3247/3 3610/3239/3 3609/3240/3
f 311/1936/4 3571/1935/4 3570/3250/4
f 1491/3251/2 3582/3258/2 3583/3252/2
f 1504/3253/2 3595/3260/2 3596/3254/2
f 1545/3249/3 3609/3240/3 3608/3255/3
f 1490/3257/2 3581/3267/2 3582/3258/2
f 1503/3259/2 3594/3269/2 3595/3260/2
f 1544/3256/3 3608/3255/3 3607/3261/3
f 1533/3263/5 3597/4623/5 3574/3264/5
f 1489/3266/2 3580/4712/2 3581/3267/2
f 1502/3268/2 3593/4710/2 3594/3269/2
f 1543/3262/3 3607/3261/3 3606/3270/3
f 230/3272/1 1457/3275/1 1407/3273/1
f 1457/3275/1 1458/3277/1 1408/3276/1
f 1458/3277/1 1459/3279/1 1409/3278/1
f 1459/3279/1 1460/3281/1 1410/3280/1
f 1460/3281/1 1461/3283/1 1411/3282/1
f 1461/3283/1 1462/3285/1 1412/3284/1
f 1462/3285/1 1463/3287/1 1413/3286/1
f 1463/3287/1 1464/3289/1 1414/3288/1
f 1464/3289/1 1465/3291/1 1415/3290/1
f 1465/3291/1 1466/3293/1 1416/3292/1
f 1466/3293/1 1467/3295/1 1417/3294/1
f 1467/3295/1 1468/3297/1 1418/3296/1
f 1468/3297/1 1469/3299/1 1419/3298/1
f 1469/3299/1 1470/3301/1 1420/3300/1
f 1470/3301/1 1471/3303/1 1421/3302/1
f 1471/3303/1 1472/3305/1 1422/3304/1
f 1472/3305/1 1473/3307/1 1423/3306/1
f 1473/3307/1 1474/3309/1 1424/3308/1
f 1474/3309/1 1475/3311/1 1425/3310/1
f 1475/3311/1 1476/3313/1 1426/3312/1
f 1476/3313/1 1477/3315/1 1427/3314/1
f 1477/3315/1 1478/3317/1 1428/3316/1
f 1478/3317/1 1479/3319/1 1429/3318/1
f 1479/3319/1 1480/3230/1 1430/3320/1
f 1480/3230/1 1481/3229/1 1431/3321/1
f 1481/3229/1 1482/3231/1 1432/3322/1
f 1482/3231/1 1483/3232/1 1433/3323/1
f 1483/3232/1 1484/3325/1 1434/3324/1
f 1484/3325/1 1485/3327/1 1435/3326/1
f 1485/3327/1 1486/3329/1 1436/3328/1
f 1486/3329/1 1487/3331/1 1437/3330/1
f 1487/3331/1 1488/3333/1 1438/3332/1
f 1488/3333/1 1489/3335/1 1439/3334/1
f 1489/3335/1 1490/3337/1 1440/3336/1
f 1490/3337/1 1491/3339/1 1441/3338/1
f 1491/3339/1 1492/3341/1 1442/3340/1
f 1492/3341/1 1493/3343/1 1443/3342/1
f 1493/3343/1 1494/3345/1 1444/3344/1
f 1494/3345/1 1495/3347/1 1445/3346/1
f 1495/3347/1 1496/3349/1 1446/3348/1
f 1496/3349/1 1497/3351/1 1447/3350/1
f 1497/3351/1 1498/3353/1 1448/3352/1
f 1498/3353/1 1499/3355/1 1449/3354/1
f 1499/3355/1 1500/3357/1 1450/3356/1
f 1500/3357/1 1501/3359/1 1451/3358/1
f 1501/3359/1 1502/3361/1 1452/3360/1
f 1502/3361/1 1503/3363/1 1453/3362/1
f 1503/3363/1 1504/3365/1 1454/3364/1
f 1504/3365/1 1505/3367/1 1455/3366/1
f 1505/3367/1 1506/658/1 1456/656/1
f 229/3274/1 1407/3273/1 1357/3368/1
f 1407/3273/1 1408/3276/1 1358/3370/1
f 1408/3276/1 1409/3278/1 1359/3371/1
f 1409/3278/1 1410/3280/1 1360/3372/1
f 1410/3280/1 1411/3282/1 1361/3373/1
f 1411/3282/1 1412/3284/1 1362/3374/1
f 1412/3284/1 1413/3286/1 1363/3375/1
f 1413/3286/1 1414/3288/1 1364/3376/1
f 1414/3288/1 1415/3290/1 1365/3377/1
f 1415/3290/1 1416/3292/1 1366/3378/1
f 1416/3292/1 1417/3294/1 1367/3379/1
f 1417/3294/1 1418/3296/1 1368/3380/1
f 1418/3296/1 1419/3298/1 1369/3381/1
f 1419/3298/1 1420/3300/1 1370/3382/1
f 1420/3300/1 1421/3302/1 1371/3383/1
f 1421/3302/1 1422/3304/1 1372/3384/1
f 1422/3304/1 1423/3306/1 1373/3385/1
f 1423/3306/1 1424/3308/1 1374/3386/1
f 1424/3308/1 1425/3310/1 1375/3387/1
f 1425/3310/1 1426/3312/1 1376/3388/1
f 1426/3312/1 1427/3314/1 1377/3389/1
f 1427/3314/1 1428/3316/1 1378/3390/1
f 1428/3316/1 1429/3318/1 1379/3391/1
f 1429/3318/1 1430/3320/1 1380/3392/1
f 1430/3320/1 1431/3321/1 1381/3393/1
f 1431/3321/1 1432/3322/1 1382/3394/1
f 1432/3322/1 1433/3323/1 1383/3395/1
f 1433/3323/1 1434/3324/1 1384/3396/1
f 1434/3324/1 1435/3326/1 1385/3397/1
f 1435/3326/1 1436/3328/1 1386/3398/1
f 1436/3328/1 1437/3330/1 1387/3399/1
f 1437/3330/1 1438/3332/1 1388/3400/1
f 1438/3332/1 1439/3334/1 1389/3401/1
f 1439/3334/1 1440/3336/1 1390/3402/1
f 1440/3336/1 1441/3338/1 1391/3403/1
f 1441/3338/1 1442/3340/1 1392/3404/1
f 1442/3340/1 1443/3342/1 1393/3405/1
f 1443/3342/1 1444/3344/1 1394/3406/1
f 1444/3344/1 1445/3346/1 1395/3407/1
f 1445/3346/1 1446/3348/1 1396/3408/1
f 1446/3348/1 1447/3350/1 1397/3409/1
f 1447/3350/1 1448/3352/1 1398/3410/1
f 1448/3352/1 1449/3354/1 1399/3411/1
f 1449/3354/1 1450/3356/1 1400/3412/1
f 1450/3356/1 1451/3358/1 1401/3413/1
f 1451/3358/1 1452/3360/1 1402/3414/1
f 1452/3360/1 1453/3362/1 1403/3415/1
f 1453/3362/1 1454/3364/1 1404/3416/1
f 1454/3364/1 1455/3366/1 1405/3417/1
f 1455/3366/1 1456/656/1 1406/654/1
f 228/3369/1 1357/3368/1 1307/3418/1
f 1357/3368/1 1358/3370/1 1308/3420/1
f 1358/3370/1 1359/3371/1 1309/3421/1
f 1359/3371/1 1360/3372/1 1310/3422/1
f 1360/3372/1 1361/3373/1 1311/3423/1
f 1361/3373/1 1362/3374/1 1312/3424/1
f 1362/3374/1 1363/3375/1 1313/3425/1
f 1363/3375/1 1364/3376/1 1314/3426/1
f 1364/3376/1 1365/3377/1 1315/3427/1
f 1365/3377/1 1366/3378/1 1316/3428/1
f 1366/3378/1 1367/3379/1 1317/3429/1
f 1367/3379/1 1368/3380/1 1318/3430/1
f 1368/3380/1 1369/3381/1 1319/3431/1
f 1369/3381/1 1370/3382/1 1320/3432/1
f 1370/3382/1 1371/3383/1 1321/3433/1
f 1371/3383/1 1372/3384/1 1322/3434/1
f 1372/3384/1 1373/3385/1 1323/3435/1
f 1373/3385/1 1374/3386/1 1324/3436/1
f 1374/3386/1 1375/3387/1 1325/3437/1
f 1375/3387/1 1376/3388/1 1326/3438/1
f 1376/3388/1 1377/3389/1 1327/3439/1
f 1377/3389/1 1378/3390/1 1328/3440/1
f 1378/3390/1 1379/3391/1 1329/3441/1
f 1379/3391/1 1380/3392/1 1330/3442/1
f 1380/3392/1 1381/3393/1 1331/3443/1
f 1381/3393/1 1382/3394/1 1332/3444/1
f 1382/3394/1 1383/3395/1 1333/3445/1
f 1383/3395/1 1384/3396/1 1334/3446/1
f 1384/3396/1 1385/3397/1 1335/3447/1
f 1385/3397/1 1386/3398/1 1336/3448/1
f 1386/3398/1 1387/3399/1 1337/3449/1
f 1387/3399/1 1388/3400/1 1338/3450/1
f 1388/3400/1 1389/3401/1 1339/3451/1
f 1389/3401/1 1390/3402/1 1340/3452/1
f 1390/3402/1 1391/3403/1 1341/3453/1
f 1391/3403/1 1392/3404/1 1342/3454/1
f 1392/3404/1 1393/3405/1 1343/3455/1
f 1393/3405/1 1394/3406/1 1344/3456/1
f 1394/3406/1 1395/3407/1 1345/3457/1
f 1395/3407/1 1396/3408/1 1346/3458/1
f 1396/3408/1 1397/3409/1 1347/3459/1
f 1397/3409/1 1398/3410/1 1348/3460/1
f 1398/3410/1 1399/3411/1 1349/3461/1
f 1399/3411/1 1400/3412/1 1350/3462/1
f 1400/3412/1 1401/3413/1 1351/3463/1
f 1401/3413/1 1402/3414/1 1352/3464/1
f 1402/3414/1 1403/3415/1 1353/3465/1
f 1403/3415/1 1404/3416/1 1354/3466/1
f 1404/3416/1 1405/3417/1 1355/3467/1
f 1405/3417/1 1406/654/1 1356/652/1
f 227/3419/1 1307/3418/1 1257/3468/1
f 1307/3418/1 1308/3420/1 1258/3470/1
f 1308/3420/1 1309/3421/1 1259/3471/1
f 1309/3421/1 1310/3422/1 1260/3472/1
f 1310/3422/1 1311/3423/1 1261/3473/1
f 1311/3423/1 1312/3424/1 1262/3474/1
f 1312/3424/1 1313/3425/1 1263/3475/1
f 1313/3425/1 1314/3426/1 1264/3476/1
f 1314/3426/1 1315/3427/1 1265/3477/1
f 1315/3427/1 1316/3428/1 1266/3478/1
f 1316/3428/1 1317/3429/1 1267/3479/1
f 1317/3429/1 1318/3430/1 1268/3480/1
f 1318/3430/1 1319/3431/1 1269/3481/1
f 1319/3431/1 1320/3432/1 1270/3482/1
f 1320/3432/1 1321/3433/1 1271/3483/1
f 1321/3433/1 1322/3434/1 1272/3484/1
f 1322/3434/1 1323/3435/1 1273/3485/1
f 1323/3435/1 1324/3436/1 1274/3486/1
f 1324/3436/1 1325/3437/1 1275/3487/1
f 1325/3437/1 1326/3438/1 1276/3488/1
f 1326/3438/1 1327/3439/1 1277/3489/1
f 1327/3439/1 1328/3440/1 1278/3490/1
f 1328/3440/1 1329/3441/1 1279/3491/1
f 1329/3441/1 1330/3442/1 1280/3492/1
f 1330/3442/1 1331/3443/1 1281/3493/1
f 1331/3443/1 1332/3444/1 1282/3494/1
f 1332/3444/1 1333/3445/1 1283/3495/1
f 1333/3445/1 1334/3446/1 1284/3496/1
f 1334/3446/1 1335/3447/1 1285/3497/1
f 1335/3447/1 1336/3448/1 1286/3498/1
f 1336/3448/1 1337/3449/1 1287/3499/1
f 1337/3449/1 1338/3450/1 1288/3500/1
f 1338/3450/1 1339/3451/1 1289/3501/1
f 1339/3451/1 1340/3452/1 1290/3502/1
f 1340/3452/1 1341/3453/1 1291/3503/1
f 1341/3453/1 1342/3454/1 1292/3504/1
f 1342/3454/1 1343/3455/1 1293/3505/1
f 1343/3455/1 1344/3456/1 1294/3506/1
f 1344/3456/1 1345/3457/1 1295/3507/1
f 1345/3457/1 1346/3458/1 1296/3508/1
f 1346/3458/1 1347/3459/1 1297/3509/1
f 1347/3459/1 1348/3460/1 1298/3510/1
f 1348/3460/1 1349/3461/1 1299/3511/1
f 1349/3461/1 1350/3462/1 1300/3512/1
f 1350/3462/1 1351/3463/1 1301/3513/1
f 1351/3463/1 1352/3464/1 1302/3514/1
f 1352/3464/1 1353/3465/1 1303/3515/1
f 1353/3465/1 1354/3466/1 1304/3516/1
f 1354/3466/1 1355/3467/1 1305/3517/1
f 1355/3467/1 1356/652/1 1306/650/1
f 226/3469/1 1257/3468/1 4083/3518/1
f 1257/3468/1 1258/3470/1 4084/3520/1
f 1258/3470/1 1259/3471/1 4085/3521/1
f 1259/3471/1 1260/3472/1 4086/3522/1
f 1260/3472/1 1261/3473/1 4073/3523/1
f 1261/3473/1 1262/3474/1 4074/3524/1
f 1262/3474/1 1263/3475/1 4075/3525/1
f 1263/3475/1 1264/3476/1 1173/3526/1
f 1264/3476/1 1265/3477/1 1172/3527/1
f 1265/3477/1 1266/3478/1 1171/3528/1
f 1266/3478/1 1267/3479/1 225/3529/1
f 1267/3479/1 1268/3480/1 224/3530/1
f 1268/3480/1 1269/3481/1 3501/3531/1
f 1269/3481/1 1270/3482/1 3904/3532/1
f 1270/3482/1 1271/3483/1 3903/3533/1
f 1271/3483/1 1272/3484/1 3902/3534/1
f 1272/3484/1 1273/3485/1 3500/3535/1
f 1273/3485/1 1274/3486/1 3518/3536/1
f 1274/3486/1 1275/3487/1 3901/3537/1
f 1275/3487/1 1276/3488/1 3517/3538/1
f 1276/3488/1 1277/3489/1 3900/3539/1
f 1277/3489/1 1278/3490/1 3905/3540/1
f 1278/3490/1 1279/3491/1 1229/3541/1
f 1279/3491/1 1280/3492/1 1230/3542/1
f 1280/3492/1 1281/3493/1 1231/3543/1
f 1281/3493/1 1282/3494/1 1232/3544/1
f 1282/3494/1 1283/3495/1 1233/3545/1
f 1283/3495/1 1284/3496/1 1234/3546/1
f 1284/3496/1 1285/3497/1 1235/3547/1
f 1285/3497/1 1286/3498/1 1236/3548/1
f 1286/3498/1 1287/3499/1 1237/3549/1
f 1287/3499/1 1288/3500/1 1238/3550/1
f 1288/3500/1 1289/3501/1 1239/3551/1
f 1289/3501/1 1290/3502/1 1240/3552/1
f 1290/3502/1 1291/3503/1 1241/3553/1
f 1291/3503/1 1292/3504/1 1242/3554/1
f 1292/3504/1 1293/3505/1 1243/3555/1
f 1293/3505/1 1294/3506/1 1244/3556/1
f 1294/3506/1 1295/3507/1 1245/3557/1
f 1295/3507/1 1296/3508/1 1246/3558/1
f 1296/3508/1 1297/3509/1 1247/3559/1
f 1297/3509/1 1298/3510/1 1248/3560/1
f 1298/3510/1 1299/3511/1 1249/3561/1
f 1299/3511/1 1300/3512/1 1250/3562/1
f 1300/3512/1 1301/3513/1 1251/3563/1
f 1301/3513/1 1302/3514/1 1252/3564/1
f 1302/3514/1 1303/3515/1 1253/3565/1
f 1303/3515/1 1304/3516/1 1254/3566/1
f 1304/3516/1 1305/3517/1 1255/3567/1
f 1305/3517/1 1306/650/1 1256/648/1
f 1189/3568/2 3508/3575/2 3509/3569/2
f 1242/3571/3 3528/4527/3 3527/3572/3
f 1188/3574/2 3507/3579/2 3508/3575/2
f 1241/3573/3 3527/3572/3 3526/3576/3
f 1187/3578/2 3506/3586/2 3507/3579/2
f 3900/3539/1 3905/3540/1 1174/3580/1
f 1240/3577/3 3526/3576/3 3525/3582/3
f 3517/3538/1 3900/3539/1 1175/3581/1
f 1186/3585/2 3505/3591/2 3506/3586/2
f 3901/3537/1 3517/3538/1 1176/3584/1
f 1239/3583/3 3525/3582/3 3524/3588/3
f 1185/3590/2 3504/3601/2 3505/3591/2
f 3518/3536/1 3901/3537/1 1177/3587/1
f 3905/3540/1 1229/3541/1 1179/3593/1
f 1229/3541/1 1230/3542/1 1180/3594/1
f 1230/3542/1 1231/3543/1 1181/3595/1
f 1231/3543/1 1232/3544/1 1182/3596/1
f 1232/3544/1 1233/3545/1 1183/3597/1
f 1238/3589/3 3524/3588/3 3523/3598/3
f 1184/3600/2 3503/3606/2 3504/3601/2
f 3500/3535/1 3518/3536/1 1178/3592/1
f 1237/3599/3 3523/3598/3 3522/3603/3
f 1183/3605/2 3502/5454/2 3503/3606/2
f 1236/3604/3 3522/3603/3 3521/3607/3
f 1235/3608/3 3521/3607/3 3520/3609/3
f 1234/3610/3 3520/3609/3 3519/3611/3
f 3902/3534/1 3500/3535/1 1207/3602/1
f 1233/3614/5 3519/5455/5 3502/3615/5
f 1247/3559/1 1248/3560/1 1198/3617/1
f 1248/3560/1 1249/3561/1 1199/3619/1
f 1249/3561/1 1250/3562/1 1200/3620/1
f 1250/3562/1 1251/3563/1 1201/3621/1
f 1251/3563/1 1252/3564/1 1202/3622/1
f 1252/3564/1 1253/3565/1 1203/3623/1
f 1253/3565/1 1254/3566/1 1204/3624/1
f 1254/3566/1 1255/3567/1 1205/3625/1
f 1255/3567/1 1256/648/1 1206/646/1
f 223/3626/1 4077/5403/1 4079/3627/1
f 1121/3628/1 4079/3627/1 4080/3629/1
f 1122/3630/1 4080/3629/1 4081/3631/1
f 1123/3632/1 4081/3631/1 4082/3633/1
f 1124/3634/1 4082/3633/1 4068/3635/1
f 1125/3636/1 4068/3635/1 4069/3637/1
f 1126/3638/1 4069/3637/1 4070/3639/1
f 1127/3640/1 4070/3639/1 4072/3641/1
f 4072/3641/1 4067/3644/1 1129/3643/1
f 4067/3644/1 1214/3646/1 1130/3645/1
f 1214/3646/1 1213/3648/1 1131/3647/1
f 1213/3648/1 1212/3650/1 1132/3649/1
f 1212/3650/1 1211/3652/1 1133/3651/1
f 1211/3652/1 1210/3654/1 1134/3653/1
f 1210/3654/1 1209/3656/1 1135/3655/1
f 1209/3656/1 1208/3613/1 1136/3657/1
f 1208/3613/1 1207/3602/1 1137/3658/1
f 1207/3602/1 1178/3592/1 1138/3659/1
f 1178/3592/1 1177/3587/1 1139/3660/1
f 1177/3587/1 1176/3584/1 1140/3661/1
f 1176/3584/1 1175/3581/1 1141/3662/1
f 1175/3581/1 1174/3580/1 1142/3663/1
f 1174/3580/1 1179/3593/1 1143/3664/1
f 1179/3593/1 1180/3594/1 1144/3665/1
f 1180/3594/1 1181/3595/1 1145/3666/1
f 1181/3595/1 1182/3596/1 1146/3667/1
f 1182/3596/1 1183/3597/1 1147/3668/1
f 1183/3597/1 1184/3670/1 1148/3669/1
f 1184/3670/1 1185/3672/1 1149/3671/1
f 1185/3672/1 1186/3674/1 1150/3673/1
f 1186/3674/1 1187/3676/1 1151/3675/1
f 1187/3676/1 1188/3678/1 1152/3677/1
f 1188/3678/1 1189/3680/1 1153/3679/1
f 1189/3680/1 1190/3682/1 1154/3681/1
f 1190/3682/1 1191/3684/1 1155/3683/1
f 1191/3684/1 1192/3686/1 1156/3685/1
f 1192/3686/1 1193/3688/1 1157/3687/1
f 1193/3688/1 1194/3690/1 1158/3689/1
f 1194/3690/1 1195/3692/1 1159/3691/1
f 1195/3692/1 1196/3694/1 1160/3693/1
f 1196/3694/1 1197/3618/1 1161/3695/1
f 1197/3618/1 1198/3617/1 1162/3696/1
f 1198/3617/1 1199/3619/1 1163/3697/1
f 1199/3619/1 1200/3620/1 1164/3698/1
f 1200/3620/1 1201/3621/1 1165/3699/1
f 1201/3621/1 1202/3622/1 1166/3700/1
f 1202/3622/1 1203/3623/1 1167/3701/1
f 1203/3623/1 1204/3624/1 1168/3702/1
f 1204/3624/1 1205/3625/1 1169/3703/1
f 1205/3625/1 1206/646/1 1170/644/1
f 223/3626/1 1121/3628/1 1071/3704/1
f 1121/3628/1 1122/3630/1 1072/3706/1
f 1122/3630/1 1123/3632/1 1073/3707/1
f 1123/3632/1 1124/3634/1 1074/3708/1
f 1124/3634/1 1125/3636/1 1075/3709/1
f 1125/3636/1 1126/3638/1 1076/3710/1
f 1126/3638/1 1127/3640/1 1077/3711/1
f 1127/3640/1 1128/3642/1 1078/3712/1
f 1128/3642/1 1129/3643/1 1079/3713/1
f 1129/3643/1 1130/3645/1 1080/3714/1
f 1130/3645/1 1131/3647/1 1081/3715/1
f 1131/3647/1 1132/3649/1 1082/3716/1
f 1132/3649/1 1133/3651/1 1083/3717/1
f 1133/3651/1 1134/3653/1 1084/3718/1
f 1134/3653/1 1135/3655/1 1085/3719/1
f 1135/3655/1 1136/3657/1 1086/3720/1
f 1136/3657/1 1137/3658/1 1087/3721/1
f 1137/3658/1 1138/3659/1 1088/3722/1
f 1138/3659/1 1139/3660/1 1089/3723/1
f 1139/3660/1 1140/3661/1 1090/3724/1
f 1140/3661/1 1141/3662/1 1091/3725/1
f 1141/3662/1 1142/3663/1 1092/3726/1
f 1142/3663/1 1143/3664/1 1093/3727/1
f 1143/3664/1 1144/3665/1 1094/3728/1
f 1144/3665/1 1145/3666/1 1095/3729/1
f 1145/3666/1 1146/3667/1 1096/3730/1
f 1146/3667/1 1147/3668/1 1097/3731/1
f 1147/3668/1 1148/3669/1 1098/3732/1
f 1148/3669/1 1149/3671/1 1099/3733/1
f 1149/3671/1 1150/3673/1 1100/3734/1
f 1150/3673/1 1151/3675/1 1101/3735/1
f 1151/3675/1 1152/3677/1 1102/3736/1
f 1152/3677/1 1153/3679/1 1103/3737/1
f 1153/3679/1 1154/3681/1 1104/3738/1
f 1154/3681/1 1155/3683/1 1105/3739/1
f 1155/3683/1 1156/3685/1 1106/3740/1
f 1156/3685/1 1157/3687/1 1107/3741/1
f 1157/3687/1 1158/3689/1 1108/3742/1
f 1158/3689/1 1159/3691/1 1109/3743/1
f 1159/3691/1 1160/3693/1 1110/3744/1
f 1160/3693/1 1161/3695/1 1111/3745/1
f 1161/3695/1 1162/3696/1 1112/3746/1
f 1162/3696/1 1163/3697/1 1113/3747/1
f 1163/3697/1 1164/3698/1 1114/3748/1
f 1164/3698/1 1165/3699/1 1115/3749/1
f 1165/3699/1 1166/3700/1 1116/3750/1
f 1166/3700/1 1167/3701/1 1117/3751/1
f 1167/3701/1 1168/3702/1 1118/3752/1
f 1168/3702/1 1169/3703/1 1119/3753/1
f 1169/3703/1 1170/644/1 1120/642/1
f 222/3705/1 1071/3704/1 1021/3754/1
f 1071/3704/1 1072/3706/1 1022/3756/1
f 1072/3706/1 1073/3707/1 1023/3757/1
f 1073/3707/1 1074/3708/1 1024/3758/1
f 1074/3708/1 1075/3709/1 1025/3759/1
f 1075/3709/1 1076/3710/1 1026/3760/1
f 1076/3710/1 1077/3711/1 1027/3761/1
f 1077/3711/1 1078/3712/1 1028/3762/1
f 1078/3712/1 1079/3713/1 1029/3763/1
f 1079/3713/1 1080/3714/1 1030/3764/1
f 1080/3714/1 1081/3715/1 1031/3765/1
f 1081/3715/1 1082/3716/1 1032/3766/1
f 1082/3716/1 1083/3717/1 1033/3767/1
f 1083/3717/1 1084/3718/1 1034/3768/1
f 1084/3718/1 1085/3719/1 1035/3769/1
f 1085/3719/1 1086/3720/1 1036/3770/1
f 1086/3720/1 1087/3721/1 1037/3771/1
f 1087/3721/1 1088/3722/1 1038/3772/1
f 1088/3722/1 1089/3723/1 1039/3773/1
f 1089/3723/1 1090/3724/1 1040/3774/1
f 1090/3724/1 1091/3725/1 1041/3775/1
f 1091/3725/1 1092/3726/1 1042/3776/1
f 1092/3726/1 1093/3727/1 1043/3777/1
f 1093/3727/1 1094/3728/1 1044/3778/1
f 1094/3728/1 1095/3729/1 1045/3779/1
f 1095/3729/1 1096/3730/1 1046/3780/1
f 1096/3730/1 1097/3731/1 1047/3781/1
f 1097/3731/1 1098/3732/1 1048/3782/1
f 1098/3732/1 1099/3733/1 1049/3783/1
f 1099/3733/1 1100/3734/1 1050/3784/1
f 1100/3734/1 1101/3735/1 1051/3785/1
f 1101/3735/1 1102/3736/1 1052/3786/1
f 1102/3736/1 1103/3737/1 1053/3787/1
f 1103/3737/1 1104/3738/1 1054/3788/1
f 1104/3738/1 1105/3739/1 1055/3789/1
f 1105/3739/1 1106/3740/1 1056/3790/1
f 1106/3740/1 1107/3741/1 1057/3791/1
f 1107/3741/1 1108/3742/1 1058/3792/1
f 1108/3742/1 1109/3743/1 1059/3793/1
f 1109/3743/1 1110/3744/1 1060/3794/1
f 1110/3744/1 1111/3745/1 1061/3795/1
f 1111/3745/1 1112/3746/1 1062/3796/1
f 1112/3746/1 1113/3747/1 1063/3797/1
f 1113/3747/1 1114/3748/1 1064/3798/1
f 1114/3748/1 1115/3749/1 1065/3799/1
f 1115/3749/1 1116/3750/1 1066/3800/1
f 1116/3750/1 1117/3751/1 1067/3801/1
f 1117/3751/1 1118/3752/1 1068/3802/1
f 1118/3752/1 1119/3753/1 1069/3803/1
f 1119/3753/1 1120/642/1 1070/639/1
f 221/3755/1 1021/3754/1 770/3804/1
f 1021/3754/1 1022/3756/1 769/3806/1
f 1022/3756/1 1023/3757/1 768/3807/1
f 1023/3757/1 1024/3758/1 767/3808/1
f 767/3808/1 1024/3758/1 1025/3759/1
f 766/3809/1 1025/3759/1 1026/3760/1
f 765/3810/1 1026/3760/1 1027/3761/1
f 1027/3761/1 1028/3762/1 763/3812/1
f 1028/3762/1 1029/3763/1 762/3813/1
f 1029/3763/1 1030/3764/1 761/3814/1
f 761/3814/1 1030/3764/1 1031/3765/1
f 760/3815/1 1031/3765/1 1032/3766/1
f 759/3816/1 1032/3766/1 1033/3767/1
f 758/3817/1 1033/3767/1 1034/3768/1
f 757/3818/1 1034/3768/1 1035/3769/1
f 756/3819/1 1035/3769/1 1036/3770/1
f 755/3820/1 1036/3770/1 1037/3771/1
f 754/3821/1 1037/3771/1 1038/3772/1
f 753/3822/1 1038/3772/1 1039/3773/1
f 752/3823/1 1039/3773/1 1040/3774/1
f 751/3824/1 1040/3774/1 1041/3775/1
f 750/3825/1 1041/3775/1 1042/3776/1
f 749/3826/1 1042/3776/1 1043/3777/1
f 748/3827/1 1043/3777/1 1044/3778/1
f 747/3828/1 1044/3778/1 1045/3779/1
f 746/3829/1 1045/3779/1 1046/3780/1
f 745/3830/1 1046/3780/1 1047/3781/1
f 744/3831/1 1047/3781/1 1048/3782/1
f 743/3832/1 1048/3782/1 1049/3783/1
f 742/3833/1 1049/3783/1 1050/3784/1
f 741/3834/1 1050/3784/1 1051/3785/1
f 740/3835/1 1051/3785/1 1052/3786/1
f 739/3836/1 1052/3786/1 1053/3787/1
f 738/3837/1 1053/3787/1 1054/3788/1
f 737/3838/1 1054/3788/1 1055/3789/1
f 736/3839/1 1055/3789/1 1056/3790/1
f 735/3840/1 1056/3790/1 1057/3791/1
f 734/3841/1 1057/3791/1 1058/3792/1
f 733/3842/1 1058/3792/1 1059/3793/1
f 732/3843/1 1059/3793/1 1060/3794/1
f 731/3844/1 1060/3794/1 1061/3795/1
f 1061/3795/1 1062/3796/1 729/3846/1
f 1062/3796/1 1063/3797/1 728/3847/1
f 1063/3797/1 1064/3798/1 727/3848/1
f 727/3848/1 1064/3798/1 1065/3799/1
f 726/3849/1 1065/3799/1 1066/3800/1
f 725/3850/1 1066/3800/1 1067/3801/1
f 1067/3801/1 1068/3802/1 723/3852/1
f 1068/3802/1 1069/3803/1 722/3853/1
f 1069/3803/1 1070/639/1 721/641/1
f 770/3854/3 970/3858/3 18/3855/3
f 769/3857/3 969/3860/3 970/3858/3
f 768/3859/3 968/3862/3 969/3860/3
f 767/3861/3 967/3864/3 968/3862/3
f 766/3863/3 966/3866/3 967/3864/3
f 765/3865/3 965/3868/3 966/3866/3
f 764/3867/3 964/3870/3 965/3868/3
f 763/3869/3 963/3872/3 964/3870/3
f 762/3871/3 962/3874/3 963/3872/3
f 761/3873/3 961/3876/3 962/3874/3
f 760/3875/3 960/3878/3 961/3876/3
f 759/3877/3 959/3880/3 960/3878/3
f 758/3879/3 958/3882/3 959/3880/3
f 757/3881/3 957/3884/3 958/3882/3
f 756/3883/3 956/3886/3 957/3884/3
f 755/3885/3 955/3888/3 956/3886/3
f 754/3887/3 954/3890/3 955/3888/3
f 753/3889/3 953/3892/3 954/3890/3
f 752/3891/3 952/3894/3 953/3892/3
f 751/3893/3 951/3896/3 952/3894/3
f 750/3895/3 950/3898/3 951/3896/3
f 749/3897/3 949/3900/3 950/3898/3
f 748/3899/3 948/3902/3 949/3900/3
f 747/3901/3 947/3904/3 948/3902/3
f 746/3903/3 946/3906/3 947/3904/3
f 745/3905/3 945/3908/3 946/3906/3
f 744/3907/3 944/3910/3 945/3908/3
f 743/3909/3 943/3912/3 944/3910/3
f 742/3911/3 942/3914/3 943/3912/3
f 741/3913/3 941/3916/3 942/3914/3
f 740/3915/3 940/3918/3 941/3916/3
f 739/3917/3 939/3920/3 940/3918/3
f 738/3919/3 938/3922/3 939/3920/3
f 737/3921/3 937/3924/3 938/3922/3
f 736/3923/3 936/3926/3 937/3924/3
f 735/3925/3 935/3928/3 936/3926/3
f 734/3927/3 934/3930/3 935/3928/3
f 733/3929/3 933/3932/3 934/3930/3
f 732/3931/3 932/3934/3 933/3932/3
f 731/3933/3 931/3936/3 932/3934/3
f 730/3935/3 930/3938/3 931/3936/3
f 729/3937/3 929/3940/3 930/3938/3
f 728/3939/3 928/3942/3 929/3940/3
f 727/3941/3 927/3944/3 928/3942/3
f 726/3943/3 926/3946/3 927/3944/3
f 725/3945/3 925/3948/3 926/3946/3
f 724/3947/3 924/3950/3 925/3948/3
f 723/3949/3 923/3952/3 924/3950/3
f 722/3951/3 922/3953/3 923/3952/3
f 721/37/3 921/36/3 922/3953/3
f 820/3954/2 1020/3958/2 20/3955/2
f 819/3957/2 1019/3960/2 1020/3958/2
f 818/3959/2 1018/3962/2 1019/3960/2
f 817/3961/2 1017/3964/2 1018/3962/2
f 816/3963/2 1016/3966/2 1017/3964/2
f 815/3965/2 1015/3968/2 1016/3966/2
f 814/3967/2 1014/3970/2 1015/3968/2
f 813/3969/2 1013/3972/2 1014/3970/2
f 812/3971/2 1012/3974/2 1013/3972/2
f 811/3973/2 1011/3976/2 1012/3974/2
f 810/3975/2 1010/3978/2 1011/3976/2
f 809/3977/2 1009/3980/2 1010/3978/2
f 808/3979/2 1008/3982/2 1009/3980/2
f 807/3981/2 1007/3984/2 1008/3982/2
f 806/3983/2 1006/3986/2 1007/3984/2
f 805/3985/2 1005/3988/2 1006/3986/2
f 804/3987/2 1004/3990/2 1005/3988/2
f 803/3989/2 1003/3992/2 1004/3990/2
f 802/3991/2 1002/3994/2 1003/3992/2
f 801/3993/2 1001/3996/2 1002/3994/2
f 800/3995/2 1000/3998/2 1001/3996/2
f 799/3997/2 999/4000/2 1000/3998/2
f 798/3999/2 998/4002/2 999/4000/2
f 797/4001/2 997/4004/2 998/4002/2
f 796/4003/2 996/4006/2 997/4004/2
f 795/4005/2 995/4008/2 996/4006/2
f 794/4007/2 994/4010/2 995/4008/2
f 793/4009/2 993/4012/2 994/4010/2
f 792/4011/2 992/4014/2 993/4012/2
f 791/4013/2 991/4016/2 992/4014/2
f 790/4015/2 990/4018/2 991/4016/2
f 789/4017/2 989/4020/2 990/4018/2
f 788/4019/2 988/4022/2 989/4020/2
f 787/4021/2 987/4024/2 988/4022/2
f 786/4023/2 986/4026/2 987/4024/2
f 785/4025/2 985/4028/2 986/4026/2
f 784/4027/2 984/4030/2 985/4028/2
f 783/4029/2 983/4032/2 984/4030/2
f 782/4031/2 982/4034/2 983/4032/2
f 781/4033/2 981/4036/2 982/4034/2
f 780/4035/2 980/4038/2 981/4036/2
f 779/4037/2 979/4040/2 980/4038/2
f 778/4039/2 978/4042/2 979/4040/2
f 777/4041/2 977/4044/2 978/4042/2
f 776/4043/2 976/4046/2 977/4044/2
f 775/4045/2 975/4048/2 976/4046/2
f 774/4047/2 974/4050/2 975/4048/2
f 773/4049/2 973/4052/2 974/4050/2
f 772/4051/2 972/4053/2 973/4052/2
f 771/31/2 971/30/2 972/4053/2
f 20/26/1 1020/4056/1 920/4054/1
f 1020/4056/1 1019/4058/1 919/4057/1
f 1019/4058/1 1018/4060/1 918/4059/1
f 1018/4060/1 1017/4062/1 917/4061/1
f 1017/4062/1 1016/4064/1 916/4063/1
f 1016/4064/1 1015/4066/1 915/4065/1
f 1015/4066/1 1014/4068/1 914/4067/1
f 1014/4068/1 1013/4070/1 913/4069/1
f 1013/4070/1 1012/4072/1 912/4071/1
f 1012/4072/1 1011/4074/1 911/4073/1
f 1011/4074/1 1010/4076/1 910/4075/1
f 1010/4076/1 1009/4078/1 909/4077/1
f 1009/4078/1 1008/4080/1 908/4079/1
f 1008/4080/1 1007/4082/1 907/4081/1
f 1007/4082/1 1006/4084/1 906/4083/1
f 1006/4084/1 1005/4086/1 905/4085/1
f 1005/4086/1 1004/4088/1 904/4087/1
f 1004/4088/1 1003/4090/1 903/4089/1
f 1003/4090/1 1002/4092/1 902/4091/1
f 1002/4092/1 1001/4094/1 901/4093/1
f 1001/4094/1 1000/4096/1 900/4095/1
f 1000/4096/1 999/4098/1 899/4097/1
f 999/4098/1 998/4100/1 898/4099/1
f 998/4100/1 997/4102/1 897/4101/1
f 997/4102/1 996/4105/1 896/4103/1
f 995/4104/1 895/4107/1 896/4103/1
f 994/4106/1 894/4109/1 895/4107/1
f 993/4108/1 893/4111/1 894/4109/1
f 992/4110/1 892/4113/1 893/4111/1
f 991/4112/1 891/4115/1 892/4113/1
f 990/4114/1 890/4117/1 891/4115/1
f 989/4116/1 889/4119/1 890/4117/1
f 988/4118/1 888/4121/1 889/4119/1
f 987/4120/1 887/4123/1 888/4121/1
f 986/4122/1 886/4125/1 887/4123/1
f 985/4124/1 885/4127/1 886/4125/1
f 984/4126/1 884/4129/1 885/4127/1
f 983/4128/1 883/4131/1 884/4129/1
f 982/4130/1 882/4133/1 883/4131/1
f 981/4132/1 881/4135/1 882/4133/1
f 980/4134/1 880/4137/1 881/4135/1
f 979/4136/1 879/4139/1 880/4137/1
f 978/4138/1 878/4141/1 879/4139/1
f 977/4140/1 877/4143/1 878/4141/1
f 976/4142/1 876/4145/1 877/4143/1
f 975/4144/1 875/4147/1 876/4145/1
f 974/4146/1 874/4149/1 875/4147/1
f 973/4148/1 873/4151/1 874/4149/1
f 972/4150/1 872/4152/1 873/4151/1
f 971/25/1 871/24/1 872/4152/1
f 18/20/1 970/4155/1 870/4153/1
f 970/4155/1 969/4157/1 869/4156/1
f 969/4157/1 968/4159/1 868/4158/1
f 968/4159/1 967/4161/1 867/4160/1
f 967/4161/1 966/4163/1 866/4162/1
f 966/4163/1 965/4165/1 865/4164/1
f 965/4165/1 964/4167/1 864/4166/1
f 964/4167/1 963/4169/1 863/4168/1
f 963/4169/1 962/4171/1 862/4170/1
f 962/4171/1 961/4173/1 861/4172/1
f 961/4173/1 960/4175/1 860/4174/1
f 960/4175/1 959/4177/1 859/4176/1
f 959/4177/1 958/4179/1 858/4178/1
f 958/4179/1 957/4181/1 857/4180/1
f 957/4181/1 956/4183/1 856/4182/1
f 956/4183/1 955/4185/1 855/4184/1
f 955/4185/1 954/4187/1 854/4186/1
f 954/4187/1 953/4189/1 853/4188/1
f 953/4189/1 952/4191/1 852/4190/1
f 952/4191/1 951/4193/1 851/4192/1
f 951/4193/1 950/4195/1 850/4194/1
f 950/4195/1 949/4197/1 849/4196/1
f 949/4197/1 948/4199/1 848/4198/1
f 948/4199/1 947/4201/1 847/4200/1
f 947/4201/1 946/4204/1 846/4202/1
f 945/4203/1 845/4206/1 846/4202/1
f 944/4205/1 844/4208/1 845/4206/1
f 943/4207/1 843/4210/1 844/4208/1
f 942/4209/1 842/4212/1 843/4210/1
f 941/4211/1 841/4214/1 842/4212/1
f 940/4213/1 840/4216/1 841/4214/1
f 939/4215/1 839/4218/1 840/4216/1
f 938/4217/1 838/4220/1 839/4218/1
f 937/4219/1 837/4222/1 838/4220/1
f 936/4221/1 836/4224/1 837/4222/1
f 935/4223/1 835/4226/1 836/4224/1
f 934/4225/1 834/4228/1 835/4226/1
f 933/4227/1 833/4230/1 834/4228/1
f 932/4229/1 832/4232/1 833/4230/1
f 931/4231/1 831/4234/1 832/4232/1
f 930/4233/1 830/4236/1 831/4234/1
f 929/4235/1 829/4238/1 830/4236/1
f 928/4237/1 828/4240/1 829/4238/1
f 927/4239/1 827/4242/1 828/4240/1
f 926/4241/1 826/4244/1 827/4242/1
f 925/4243/1 825/4246/1 826/4244/1
f 924/4245/1 824/4248/1 825/4246/1
f 923/4247/1 823/4250/1 824/4248/1
f 922/4249/1 822/4251/1 823/4250/1
f 921/19/1 821/18/1 822/4251/1
f 571/4252/3 871/4255/3 15/4/3
f 572/4254/3 872/4257/3 871/4255/3
f 573/4256/3 873/4259/3 872/4257/3
f 574/4258/3 874/4261/3 873/4259/3
f 575/4260/3 875/4263/3 874/4261/3
f 576/4262/3 876/4265/3 875/4263/3
f 577/4264/3 877/4267/3 876/4265/3
f 578/4266/3 878/4269/3 877/4267/3
f 579/4268/3 879/4271/3 878/4269/3
f 580/4270/3 880/4273/3 879/4271/3
f 581/4272/3 881/4275/3 880/4273/3
f 582/4274/3 882/4277/3 881/4275/3
f 583/4276/3 883/4279/3 882/4277/3
f 584/4278/3 884/4281/3 883/4279/3
f 585/4280/3 885/4283/3 884/4281/3
f 586/4282/3 886/4285/3 885/4283/3
f 587/4284/3 887/4287/3 886/4285/3
f 588/4286/3 888/4289/3 887/4287/3
f 589/4288/3 889/4291/3 888/4289/3
f 590/4290/3 890/4293/3 889/4291/3
f 591/4292/3 891/4295/3 890/4293/3
f 592/4294/3 892/4297/3 891/4295/3
f 593/4296/3 893/4299/3 892/4297/3
f 594/4298/3 894/4301/3 893/4299/3
f 595/4300/3 895/4303/3 894/4301/3
f 596/4302/3 896/4305/3 895/4303/3
f 597/4304/3 897/4307/3 896/4305/3
f 598/4306/3 898/4309/3 897/4307/3
f 599/4308/3 899/4311/3 898/4309/3
f 600/4310/3 900/4313/3 899/4311/3
f 601/4312/3 901/4315/3 900/4313/3
f 602/4314/3 902/4317/3 901/4315/3
f 603/4316/3 903/4319/3 902/4317/3
f 604/4318/3 904/4321/3 903/4319/3
f 605/4320/3 905/4323/3 904/4321/3
f 606/4322/3 906/4325/3 905/4323/3
f 607/4324/3 907/4327/3 906/4325/3
f 608/4326/3 908/4329/3 907/4327/3
f 609/4328/3 909/4331/3 908/4329/3
f 610/4330/3 910/4333/3 909/4331/3
f 611/4332/3 911/4335/3 910/4333/3
f 612/4334/3 912/4337/3 911/4335/3
f 613/4336/3 913/4339/3 912/4337/3
f 614/4338/3 914/4341/3 913/4339/3
f 615/4340/3 915/4343/3 914/4341/3
f 616/4342/3 916/4345/3 915/4343/3
f 617/4344/3 917/4347/3 916/4345/3
f 618/4346/3 918/4349/3 917/4347/3
f 619/4348/3 919/4350/3 918/4349/3
f 620/10/3 920/9/3 919/4350/3
f 521/4351/2 821/18/2 13/242/2
f 522/4353/2 822/4251/2 821/18/2
f 523/4354/2 823/4250/2 822/4251/2
f 524/4355/2 824/4248/2 823/4250/2
f 525/4356/2 825/4246/2 824/4248/2
f 526/4357/2 826/4359/2 825/4246/2
f 527/4358/2 827/4242/2 826/4359/2
f 528/4360/2 828/4362/2 827/4242/2
f 529/4361/2 829/4364/2 828/4362/2
f 530/4363/2 830/4366/2 829/4364/2
f 531/4365/2 831/4368/2 830/4366/2
f 532/4367/2 832/4370/2 831/4368/2
f 533/4369/2 833/4372/2 832/4370/2
f 534/4371/2 834/4374/2 833/4372/2
f 535/4373/2 835/4376/2 834/4374/2
f 536/4375/2 836/4378/2 835/4376/2
f 537/4377/2 837/4380/2 836/4378/2
f 538/4379/2 838/4382/2 837/4380/2
f 539/4381/2 839/4384/2 838/4382/2
f 540/4383/2 840/4386/2 839/4384/2
f 541/4385/2 841/4388/2 840/4386/2
f 542/4387/2 842/4390/2 841/4388/2
f 543/4389/2 843/4392/2 842/4390/2
f 544/4391/2 844/4394/2 843/4392/2
f 545/4393/2 845/4396/2 844/4394/2
f 546/4395/2 846/4398/2 845/4396/2
f 547/4397/2 847/4400/2 846/4398/2
f 548/4399/2 848/4402/2 847/4400/2
f 549/4401/2 849/4404/2 848/4402/2
f 550/4403/2 850/4406/2 849/4404/2
f 551/4405/2 851/4408/2 850/4406/2
f 552/4407/2 852/4410/2 851/4408/2
f 553/4409/2 853/4412/2 852/4410/2
f 554/4411/2 854/4414/2 853/4412/2
f 555/4413/2 855/4416/2 854/4414/2
f 556/4415/2 856/4418/2 855/4416/2
f 557/4417/2 857/4420/2 856/4418/2
f 558/4419/2 858/4422/2 857/4420/2
f 559/4421/2 859/4424/2 858/4422/2
f 560/4423/2 860/4426/2 859/4424/2
f 561/4425/2 861/4428/2 860/4426/2
f 562/4427/2 862/4430/2 861/4428/2
f 563/4429/2 863/4432/2 862/4430/2
f 564/4431/2 864/4434/2 863/4432/2
f 565/4433/2 865/4436/2 864/4434/2
f 566/4435/2 866/4438/2 865/4436/2
f 567/4437/2 867/4440/2 866/4438/2
f 568/4439/2 868/4442/2 867/4440/2
f 569/4441/2 869/4443/2 868/4442/2
f 570/7/2 870/6/2 869/4443/2
f 620/4/1 720/4/1 4/4/1
f 619/4/1 719/4/1 720/4/1
f 618/4/1 718/4/1 719/4/1
f 617/4/1 717/4/1 718/4/1
f 616/4/1 716/4/1 717/4/1
f 615/4/1 715/4/1 716/4/1
f 614/4/1 714/4/1 715/4/1
f 613/4/1 713/4/1 714/4/1
f 612/4/1 712/4/1 713/4/1
f 611/4/1 711/4/1 712/4/1
f 610/4/1 710/4/1 711/4/1
f 609/4/1 709/4/1 710/4/1
f 608/4/1 708/4/1 709/4/1
f 607/4/1 707/4/1 708/4/1
f 606/4/1 706/4/1 707/4/1
f 605/4/1 705/4/1 706/4/1
f 604/4/1 704/4/1 705/4/1
f 603/4/1 703/4/1 704/4/1
f 602/4/1 702/4/1 703/4/1
f 601/4/1 701/4/1 702/4/1
f 600/4/1 700/4/1 701/4/1
f 599/4/1 699/4/1 700/4/1
f 598/4/1 698/4/1 699/4/1
f 597/4/1 697/4/1 698/4/1
f 596/4/1 696/4/1 697/4/1
f 595/4/1 695/4/1 696/4/1
f 594/4/1 694/4/1 695/4/1
f 593/4/1 693/4/1 694/4/1
f 592/4/1 692/4/1 693/4/1
f 591/4/1 691/4/1 692/4/1
f 590/4/1 690/4/1 691/4/1
f 589/4/1 689/4/1 690/4/1
f 588/4/1 688/4/1 689/4/1
f 587/4/1 687/4/1 688/4/1
f 586/4/1 686/4/1 687/4/1
f 585/4/1 685/4/1 686/4/1
f 584/4/1 684/4/1 685/4/1
f 583/4/1 683/4/1 684/4/1
f 582/4/1 682/4/1 683/4/1
f 581/4/1 681/4/1 682/4/1
f 580/4/1 680/4/1 681/4/1
f 579/4/1 679/4/1 680/4/1
f 578/4/1 678/4/1 679/4/1
f 577/4/1 677/4/1 678/4/1
f 576/4/1 676/4/1 677/4/1
f 575/4/1 675/4/1 676/4/1
f 574/4/1 674/4/1 675/4/1
f 573/4/1 673/4/1 674/4/1
f 572/4/1 672/4/1 673/4/1
f 571/4/1 671/4/1 672/4/1
f 570/4/1 670/4/1 1/4/1
f 569/4/1 669/4/1 670/4/1
f 568/4/1 668/4/1 669/4/1
f 567/4/1 667/4/1 668/4/1
f 566/4/1 666/4/1 667/4/1
f 565/4/1 665/4/1 666/4/1
f 564/4/1 664/4/1 665/4/1
f 563/4/1 663/4/1 664/4/1
f 562/4/1 662/4/1 663/4/1
f 561/4/1 661/4/1 662/4/1
f 560/4/1 660/4/1 661/4/1
f 559/4/1 659/4/1 660/4/1
f 558/4/1 658/4/1 659/4/1
f 557/4/1 657/4/1 658/4/1
f 556/4/1 656/4/1 657/4/1
f 555/4/1 655/4/1 656/4/1
f 554/4/1 654/4/1 655/4/1
f 553/4/1 653/4/1 654/4/1
f 552/4/1 652/4/1 653/4/1
f 551/4/1 651/4/1 652/4/1
f 550/4/1 650/4/1 651/4/1
f 549/4/1 649/4/1 650/4/1
f 548/4/1 648/4/1 649/4/1
f 547/4/1 647/4/1 648/4/1
f 546/4/1 646/4/1 647/4/1
f 545/4/1 645/4/1 646/4/1
f 544/4/1 644/4/1 645/4/1
f 543/4/1 643/4/1 644/4/1
f 542/4/1 642/4/1 643/4/1
f 541/4/1 641/4/1 642/4/1
f 540/4/1 640/4/1 641/4/1
f 539/4/1 639/4/1 640/4/1
f 538/4/1 638/4/1 639/4/1
f 537/4/1 637/4/1 638/4/1
f 536/4/1 636/4/1 637/4/1
f 535/4/1 635/4/1 636/4/1
f 534/4/1 634/4/1 635/4/1
f 533/4/1 633/4/1 634/4/1
f 532/4/1 632/4/1 633/4/1
f 531/4/1 631/4/1 632/4/1
f 530/4/1 630/4/1 631/4/1
f 529/4/1 629/4/1 630/4/1
f 528/4/1 628/4/1 629/4/1
f 527/4/1 627/4/1 628/4/1
f 526/4/1 626/4/1 627/4/1
f 525/4/1 625/4/1 626/4/1
f 524/4/1 624/4/1 625/4/1
f 523/4/1 623/4/1 624/4/1
f 522/4/1 622/4/1 623/4/1
f 521/4/1 621/4/1 622/4/1
f 7/4444/1 771/4445/1 3450/746/1
f 771/4445/1 772/4446/1 3451/748/1
f 772/4446/1 773/4447/1 3452/750/1
f 773/4447/1 774/4448/1 3453/752/1
f 774/4448/1 775/4449/1 3454/754/1
f 775/4449/1 776/4450/1 3455/756/1
f 776/4450/1 777/4451/1 3456/758/1
f 777/4451/1 778/4452/1 3457/760/1
f 778/4452/1 779/4453/1 3458/762/1
f 779/4453/1 780/4454/1 3459/764/1
f 780/4454/1 781/4455/1 3460/766/1
f 781/4455/1 782/4456/1 3461/768/1
f 782/4456/1 783/4457/1 3462/770/1
f 783/4457/1 784/4458/1 3463/772/1
f 784/4458/1 785/4459/1 3464/774/1
f 785/4459/1 786/4460/1 3465/776/1
f 786/4460/1 787/4461/1 3466/778/1
f 787/4461/1 788/4462/1 3467/780/1
f 788/4462/1 789/5456/1 3468/4463/1
f 3469/4464/4 4066/784/4 4062/4465/4
f 790/4467/1 791/4468/1 3470/788/1
f 791/4468/1 792/4469/1 3471/790/1
f 792/4469/1 793/4470/1 3472/792/1
f 793/4470/1 794/4471/1 3473/794/1
f 794/4471/1 795/4472/1 3474/796/1
f 795/4472/1 796/4473/1 3475/798/1
f 796/4473/1 797/4474/1 3476/800/1
f 797/4474/1 798/4475/1 3477/802/1
f 798/4475/1 799/4476/1 3478/804/1
f 799/4476/1 800/4477/1 3479/806/1
f 800/4477/1 801/4478/1 3480/808/1
f 801/4478/1 802/4479/1 3481/810/1
f 802/4479/1 803/4480/1 3482/812/1
f 803/4480/1 804/4481/1 3483/814/1
f 804/4481/1 805/4482/1 3484/816/1
f 805/4482/1 806/4483/1 3485/818/1
f 806/4483/1 807/4484/1 3486/820/1
f 807/4484/1 808/4485/1 3487/822/1
f 808/4485/1 809/4486/1 3488/824/1
f 809/4486/1 810/4487/1 3489/826/1
f 810/4487/1 811/4488/1 3490/828/1
f 811/4488/1 812/4489/1 3491/830/1
f 812/4489/1 813/4490/1 3492/832/1
f 813/4490/1 814/4491/1 3493/834/1
f 814/4491/1 815/4492/1 3494/836/1
f 815/4492/1 816/4493/1 3495/838/1
f 816/4493/1 817/4494/1 3496/840/1
f 817/4494/1 818/4495/1 3497/842/1
f 818/4495/1 819/4496/1 3498/844/1
f 819/4496/1 820/1/1 3499/3/1
f 3519/4497/1 3520/4500/1 3503/4498/1
f 3520/4500/1 3521/4502/1 3504/4501/1
f 3521/4502/1 3522/4504/1 3505/4503/1
f 3522/4504/1 3523/4506/1 3506/4505/1
f 3523/4506/1 3524/4508/1 3507/4507/1
f 3524/4508/1 3525/4510/1 3508/4509/1
f 3525/4510/1 3526/4512/1 3509/4511/1
f 3526/4512/1 3527/4514/1 3510/4513/1
f 3527/4514/1 3528/4516/1 3511/4515/1
f 3528/4516/1 3529/4518/1 3512/4517/1
f 3529/4518/1 3530/4520/1 3513/4519/1
f 3530/4520/1 3531/4522/1 3514/4521/1
f 3531/4522/1 3532/4524/1 3515/4523/1
f 3532/4524/1 3533/5457/1 3516/4525/1
f 1243/4526/3 3529/4534/3 3528/4527/3
f 1190/3570/2 3509/3569/2 3510/4528/2
f 1197/4530/4 3516/5458/4 3533/4531/4
f 1244/4533/3 3530/4538/3 3529/4534/3
f 1191/4529/2 3510/4528/2 3511/4535/2
f 1245/4537/3 3531/4542/3 3530/4538/3
f 1192/4536/2 3511/4535/2 3512/4539/2
f 1246/4541/3 3532/4545/3 3531/4542/3
f 1193/4540/2 3512/4539/2 3513/4543/2
f 1247/2798/3 3533/5459/3 3532/4545/3
f 1508/1736/3 1220/3202/3 1221/4546/3
f 1194/4544/2 3513/4543/2 3514/4547/2
f 1462/4549/2 1223/4559/2 1222/4550/2
f 1507/1727/3 1221/4546/3 4071/4552/3
f 1195/4548/2 3514/4547/2 3515/4553/2
f 231/4555/5 4071/2235/5 4076/4556/5
f 1461/4558/2 1224/4566/2 1223/4559/2
f 1196/4554/2 3515/4553/2 3516/4560/2
f 1513/4562/3 1215/5460/3 1216/4563/3
f 1460/4565/2 1225/4568/2 1224/4566/2
f 1512/4564/3 1216/4563/3 1217/4567/3
f 1459/3197/2 1226/3196/2 1225/4568/2
f 1216/4569/1 1215/5461/1 1222/4570/1
f 1217/4572/1 1216/4569/1 1223/4571/1
f 1218/4574/1 1217/4572/1 1224/4573/1
f 1219/4576/1 1218/4574/1 1225/4575/1
f 1220/4578/1 1219/4576/1 1226/4577/1
f 1221/4580/1 1220/4578/1 1227/4579/1
f 3552/4582/1 3553/4585/1 3535/4583/1
f 3553/4585/1 3554/4587/1 3536/4586/1
f 3554/4587/1 3555/4589/1 3537/4588/1
f 3555/4589/1 3556/4591/1 3538/4590/1
f 3556/4591/1 3557/4593/1 3539/4592/1
f 3557/4593/1 3558/4595/1 3540/4594/1
f 3558/4595/1 3559/4597/1 3541/4596/1
f 3559/4597/1 3560/4599/1 3542/4598/1
f 3560/4599/1 3561/4601/1 3543/4600/1
f 3561/4601/1 3562/4603/1 3544/4602/1
f 3562/4603/1 3563/4605/1 3545/4604/1
f 3563/4605/1 3564/4607/1 3546/4606/1
f 3564/4607/1 3565/4609/1 3547/4608/1
f 3565/4609/1 3566/4611/1 3548/4610/1
f 3566/4611/1 3567/4613/1 3549/4612/1
f 3567/4613/1 3568/4615/1 3550/4614/1
f 3568/4615/1 3569/4777/1 3551/4616/1
f 1522/2765/3 3561/4619/3 3560/4617/3
f 1468/3205/2 3539/1104/2 3540/1106/2
f 1523/2769/3 3562/4621/3 3561/4619/3
f 1469/4618/2 3540/1106/2 3541/4620/2
f 1513/4622/5 3552/4633/5 3534/4623/5
f 1524/2773/3 3563/4626/3 3562/4621/3
f 1470/4621/2 3541/4620/2 3542/4624/2
f 1525/4625/3 3564/4629/3 3563/4626/3
f 1471/4619/2 3542/4624/2 3543/4627/2
f 1526/4628/3 3565/4632/3 3564/4629/3
f 1472/4617/2 3543/4627/2 3544/4630/2
f 1527/4631/3 3566/4637/3 3565/4632/3
f 1480/2182/4 3551/5462/4 3569/4633/4
f 1514/4634/3 3553/3209/3 3552/1719/3
f 1473/3206/2 3544/4630/2 3545/865/2
f 1528/4636/3 3567/4638/3 3566/4637/3
f 1515/3228/3 3554/3215/3 3553/3209/3
f 1474/3211/2 3545/865/2 3546/867/2
f 1529/3226/3 3568/3225/3 3567/4638/3
f 3573/4639/1 3570/5463/1 3571/4640/1
f 3597/4642/1 3598/4645/1 3575/4643/1
f 3598/4645/1 3599/4647/1 3576/4646/1
f 3599/4647/1 3600/4649/1 3577/4648/1
f 3600/4649/1 3601/4651/1 3578/4650/1
f 3601/4651/1 3602/4653/1 3579/4652/1
f 3602/4653/1 3603/4655/1 3580/4654/1
f 3603/4655/1 3604/4657/1 3581/4656/1
f 3604/4657/1 3605/4659/1 3582/4658/1
f 3605/4659/1 3606/4661/1 3583/4660/1
f 3606/4661/1 3607/4663/1 3584/4662/1
f 3607/4663/1 3608/4665/1 3585/4664/1
f 3608/4665/1 3609/4667/1 3586/4666/1
f 3609/4667/1 3610/4669/1 3587/4668/1
f 3610/4669/1 3611/4671/1 3588/4670/1
f 3611/4671/1 3612/4673/1 3589/4672/1
f 3612/4673/1 3613/4675/1 3590/4674/1
f 3613/4675/1 3614/4677/1 3591/4676/1
f 3614/4677/1 3615/4679/1 3592/4678/1
f 3615/4679/1 3616/4681/1 3593/4680/1
f 3616/4681/1 3617/4683/1 3594/4682/1
f 3617/4683/1 3618/4685/1 3595/4684/1
f 3618/4685/1 3619/4687/1 3596/4686/1
f 3619/4687/1 3573/4639/1 3572/4641/1
f 1495/3240/2 3586/1741/2 3587/1735/2
f 1550/4688/3 3614/3257/3 3613/3251/3
f 1537/4689/3 3601/3259/3 3600/3253/3
f 1496/3255/2 3587/1735/2 3588/1726/2
f 1551/4690/3 3615/3266/3 3614/3257/3
f 1483/4691/2 3574/1714/2 3575/1723/2
f 1538/4692/3 3602/3268/3 3601/3259/3
f 1497/3261/2 3588/1726/2 3589/1717/2
f 1552/4693/3 3616/4698/3 3615/3266/3
f 1484/3234/2 3575/1723/2 3576/1732/2
f 1539/4695/3 3603/4701/3 3602/3268/3
f 1498/3270/2 3589/1717/2 3590/1711/2
f 1553/4697/3 3617/4704/3 3616/4698/3
f 1485/4694/2 3576/1732/2 3577/1738/2
f 1540/4700/3 3604/4702/3 3603/4701/3
f 1499/4696/2 3590/1711/2 3591/710/2
f 1554/4703/3 3618/4699/3 3617/4704/3
f 1486/4699/2 3577/1738/2 3578/4705/2
f 1541/4706/3 3605/4696/3 3604/4702/3
f 1500/4702/2 3591/710/2 3592/712/2
f 1555/4707/3 3619/4711/3 3618/4699/3
f 1487/4704/2 3578/4705/2 3579/4708/2
f 1542/3271/3 3606/3270/3 3605/4696/3
f 1501/4701/2 3592/712/2 3593/4710/2
f 1556/3235/3 3573/3234/3 3619/4711/3
f 1488/4709/2 3579/4708/2 3580/4712/2
f 3632/4713/1 3633/4716/1 3621/4714/1
f 3633/4716/1 3634/4718/1 3622/4717/1
f 3634/4718/1 3635/4720/1 3623/4719/1
f 3635/4720/1 3636/4722/1 3624/4721/1
f 3636/4722/1 3637/4724/1 3625/4723/1
f 3637/4724/1 3638/4726/1 3626/4725/1
f 3638/4726/1 3639/4728/1 3627/4727/1
f 3639/4728/1 3640/4730/1 3628/4729/1
f 3640/4730/1 3641/4732/1 3629/4731/1
f 3641/4732/1 3642/4734/1 3630/4733/1
f 3642/4734/1 3643/5464/1 3631/4735/1
f 1902/2790/2 3628/2789/2 3629/4736/2
f 1955/4738/3 3643/4753/3 3642/4739/3
f 1895/2784/2 3621/2783/2 3622/4740/2
f 1944/4742/5 3632/5465/5 3620/4743/5
f 1948/4745/3 3636/4752/3 3635/4746/3
f 1903/4737/2 3629/4736/2 3630/4747/2
f 1896/4741/2 3622/4740/2 3623/4749/2
f 1949/4751/3 3637/4757/3 3636/4752/3
f 1904/4748/2 3630/4747/2 3631/4753/2
f 1897/4750/2 3623/4749/2 3624/4754/2
f 1950/4756/3 3638/4759/3 3637/4757/3
f 1898/4755/2 3624/4754/2 3625/4758/2
f 1951/2800/3 3639/2799/3 3638/4759/3
f 3662/4760/1 3663/4761/1 3645/4585/1
f 3663/4761/1 3664/4762/1 3646/4587/1
f 3664/4762/1 3665/4763/1 3647/4589/1
f 3665/4763/1 3666/4764/1 3648/4591/1
f 3666/4764/1 3667/4765/1 3649/4593/1
f 3667/4765/1 3668/4766/1 3650/4595/1
f 3668/4766/1 3669/4767/1 3651/4597/1
f 3669/4767/1 3670/4768/1 3652/4599/1
f 3670/4768/1 3671/4769/1 3653/4601/1
f 3671/4769/1 3672/4770/1 3654/4603/1
f 3672/4770/1 3673/4771/1 3655/4605/1
f 3673/4771/1 3674/4772/1 3656/4607/1
f 3674/4772/1 3675/4773/1 3657/4609/1
f 3675/4773/1 3676/4774/1 3658/4611/1
f 3676/4774/1 3677/4775/1 3659/4613/1
f 3677/4775/1 3678/4776/1 3660/4615/1
f 3678/4776/1 3679/4881/1 3661/4777/1
f 1884/2747/2 3655/2746/2 3656/3221/2
f 1939/4779/3 3678/4784/3 3677/4780/3
f 1926/4781/3 3665/4786/3 3664/4782/3
f 1885/4778/2 3656/3221/2 3657/3223/2
f 1940/1093/3 3679/5466/3 3678/4784/3
f 1927/4785/3 3666/4793/3 3665/4786/3
f 1886/4783/2 3657/3223/2 3658/3228/2
f 1873/4788/2 3644/3226/2 3645/4636/2
f 1890/4790/4 3661/5467/4 3679/4791/4
f 1928/4792/3 3667/4797/3 3666/4793/3
f 1887/4787/2 3658/3228/2 3659/4634/2
f 1874/4789/2 3645/4636/2 3646/4631/2
f 1929/4796/3 3668/4801/3 3667/4797/3
f 1888/4794/2 3659/4634/2 3660/4635/2
f 1875/4795/2 3646/4631/2 3647/4628/2
f 1930/4800/3 3669/4804/3 3668/4801/3
f 1889/4798/2 3660/4635/2 3661/4802/2
f 1876/4799/2 3647/4628/2 3648/4625/2
f 1931/2771/3 3670/2770/3 3669/4804/3
f 3689/4805/1 3690/4808/1 3681/4806/1
f 3690/4808/1 3691/4810/1 3682/4809/1
f 3691/4810/1 3692/4812/1 3683/4811/1
f 3692/4812/1 3693/4814/1 3684/4813/1
f 3693/4814/1 3694/4816/1 3685/4815/1
f 3694/4816/1 3695/4818/1 3686/4817/1
f 3695/4818/1 3696/4820/1 3687/4819/1
f 3696/4820/1 3697/5468/1 3688/4821/1
f 1814/2815/2 3684/2814/2 3685/4822/2
f 1867/4824/3 3696/2283/3 3695/2198/3
f 1860/4825/5 3689/5161/5 3680/4826/5
f 1815/4823/2 3685/4822/2 3686/4828/2
f 1868/4830/3 3697/2203/3 3696/2283/3
f 1818/4532/4 3688/4922/4 3697/1699/4
f 1861/4832/3 3690/2362/3 3689/2368/3
f 1816/4829/2 3686/4828/2 3687/4834/2
f 1862/2820/3 3691/2295/3 3690/2362/3
f 1817/4835/2 3687/4834/2 3688/4836/2
f 3718/4837/1 3719/5469/1 3717/4838/1
f 3716/4839/1 3717/4838/1 3715/4840/1
f 3714/4841/1 3715/4840/1 3713/4842/1
f 3712/4843/1 3713/4842/1 3711/4844/1
f 3710/4845/1 3711/4844/1 3709/4846/1
f 3708/4847/1 3709/4846/1 3707/4848/1
f 3706/4849/1 3707/4848/1 3705/4850/1
f 3704/4851/1 3705/4850/1 3703/4852/1
f 3702/4853/1 3703/4852/1 3701/4854/1
f 3700/4855/1 3701/4854/1 3699/4856/1
f 2200/4858/5 3708/4872/5 3706/4859/5
f 2000/4860/5 3700/4873/5 3698/4861/5
f 2351/2353/4 3715/2352/4 3717/4863/4
f 2151/2274/4 3707/2273/4 3709/4865/4
f 1951/4867/4 3699/5470/4 3701/4868/4
f 2450/4870/5 3718/5471/5 3716/4871/5
f 2250/2710/5 3710/2709/5 3708/4872/5
f 2050/2653/5 3702/2652/5 3700/4873/5
f 2401/4864/4 3717/4863/4 3719/4874/4
f 1950/3616/2 3698/5472/2 3699/4875/2
f 2201/4866/4 3709/4865/4 3711/4876/4
f 2001/4869/4 3701/4868/4 3703/4877/4
f 3723/4878/1 3720/5473/1 3721/4879/1
f 3744/4881/1 3745/4776/1 3725/4882/1
f 3745/4776/1 3746/4775/1 3726/4884/1
f 3746/4775/1 3747/4774/1 3727/4885/1
f 3747/4774/1 3748/4773/1 3728/4886/1
f 3748/4773/1 3749/4888/1 3729/4887/1
f 3749/4888/1 3750/4890/1 3730/4889/1
f 3750/4890/1 3751/4892/1 3731/4891/1
f 3751/4892/1 3752/4894/1 3732/4893/1
f 3752/4894/1 3753/4896/1 3733/4895/1
f 3753/4896/1 3754/4898/1 3734/4897/1
f 3754/4898/1 3755/4900/1 3735/4899/1
f 3755/4900/1 3756/4765/1 3736/4901/1
f 3756/4765/1 3757/4764/1 3737/4902/1
f 3757/4764/1 3758/4763/1 3738/4903/1
f 3758/4763/1 3759/4762/1 3739/4904/1
f 3759/4762/1 3760/4761/1 3740/4905/1
f 3760/4761/1 3761/4760/1 3741/4906/1
f 3761/4760/1 3762/4908/1 3742/4907/1
f 3762/4908/1 3763/4910/1 3743/4909/1
f 3763/4910/1 3723/4878/1 3722/4880/1
f 2748/4911/3 3763/4916/3 3762/4912/3
f 2680/1707/2 3725/1706/2 3726/3197/2
f 2735/4914/3 3750/4919/3 3749/4915/3
f 2694/712/2 3739/711/2 3740/2813/2
f 2749/1721/3 3723/1720/3 3763/4916/3
f 2681/4913/2 3726/3197/2 3727/4565/2
f 2736/4918/3 3751/1435/3 3750/4919/3
f 2695/4710/2 3740/2813/2 3741/2815/2
f 2682/4917/2 3727/4565/2 3728/4558/2
f 2737/4921/3 3752/1074/3 3751/1435/3
f 2729/4922/5 3744/5138/5 3724/4923/5
f 2696/3269/2 3741/2815/2 3742/4823/2
f 2683/4920/2 3728/4558/2 3729/4924/2
f 2738/4925/3 3753/1072/3 3752/1074/3
f 2697/3260/2 3742/4823/2 3743/4829/2
f 2684/3258/2 3729/4924/2 3730/4551/2
f 2739/4927/3 3754/4931/3 3753/1072/3
f 2698/3254/2 3743/4829/2 3722/4835/2
f 2685/4926/2 3730/4551/2 3731/4928/2
f 2740/4930/3 3755/1378/3 3754/4931/3
f 2686/4929/2 3731/4928/2 3732/3193/2
f 2741/1743/3 3756/1376/3 3755/1378/3
f 2687/3246/2 3732/3193/2 3733/3195/2
f 3794/4616/1 3795/5474/1 3793/4932/1
f 3792/4614/1 3793/4932/1 3791/4933/1
f 3790/4612/1 3791/4933/1 3789/4934/1
f 3788/4610/1 3789/4934/1 3787/4935/1
f 3786/4608/1 3787/4935/1 3785/4516/1
f 3784/4936/1 3785/4516/1 3783/4514/1
f 3782/4937/1 3783/4514/1 3781/4938/1
f 3780/4602/1 3781/4938/1 3779/4939/1
f 3778/4600/1 3779/4939/1 3777/4940/1
f 3776/4598/1 3777/4940/1 3775/4941/1
f 3774/4596/1 3775/4941/1 3773/4942/1
f 3772/4594/1 3773/4942/1 3771/4943/1
f 3770/4592/1 3771/4943/1 3769/4944/1
f 3768/4590/1 3769/4944/1 3767/4945/1
f 3766/4588/1 3767/4945/1 3765/4946/1
f 1936/4947/2 3764/1701/2 3765/4948/2
f 2637/2336/4 3793/2335/4 3795/4950/4
f 2437/2257/4 3785/2256/4 3787/4952/4
f 2136/4954/5 3772/4970/5 3770/4955/5
f 2087/2104/4 3771/2103/4 3773/4956/4
f 2336/4958/5 3780/4972/5 3778/4959/5
f 2287/1881/4 3779/1880/4 3781/4960/4
f 2536/4962/5 3788/4974/5 3786/4963/5
f 1986/4964/5 3766/4975/5 3764/4965/5
f 2487/4953/4 3787/4952/4 3789/4967/4
f 1937/4968/4 3765/5475/4 3767/4969/4
f 2186/2581/5 3774/2580/5 3772/4970/5
f 2137/4957/4 3773/4956/4 3775/4971/4
f 2386/2467/5 3782/2466/5 3780/4972/5
f 2337/4961/4 3781/4960/4 3783/4973/4
f 2586/2525/5 3790/2524/5 3788/4974/5
f 2036/2165/5 3768/2164/5 3766/4975/5
f 3843/4976/1 3844/4979/1 3829/4977/1
f 3844/4979/1 3845/4981/1 3830/4980/1
f 3845/4981/1 3846/4983/1 3831/4982/1
f 3846/4983/1 3847/4985/1 3832/4984/1
f 3847/4985/1 3848/4987/1 3833/4986/1
f 3848/4987/1 3849/4989/1 3834/4988/1
f 3849/4989/1 3850/4991/1 3835/4990/1
f 3850/4991/1 3851/4993/1 3836/4992/1
f 3851/4993/1 3852/4995/1 3837/4994/1
f 3852/4995/1 3853/4997/1 3838/4996/1
f 3853/4997/1 3854/4999/1 3839/4998/1
f 3854/4999/1 3855/5001/1 3840/5000/1
f 3855/5001/1 3856/5003/1 3841/5002/1
f 3856/5003/1 3857/4656/1 3842/4658/1
f 3828/4978/1 3829/4977/1 3827/5004/1
f 3826/5005/1 3827/5004/1 3825/5006/1
f 3824/5007/1 3825/5006/1 3823/5008/1
f 3822/5009/1 3823/5008/1 3821/5010/1
f 3820/5011/1 3821/5010/1 3819/5012/1
f 3818/5013/1 3819/5012/1 3817/5014/1
f 3816/5015/1 3817/5014/1 3815/5016/1
f 3814/5017/1 3815/5016/1 3813/5018/1
f 3812/5019/1 3813/5018/1 3811/5020/1
f 3810/5021/1 3811/5020/1 3809/5022/1
f 3808/5023/1 3809/5022/1 3807/5024/1
f 3806/5025/1 3807/5024/1 3805/5026/1
f 3804/5027/1 3805/5026/1 3803/5028/1
f 3802/5029/1 3803/5028/1 3801/5030/1
f 3800/5031/1 3801/5030/1 3799/5032/1
f 3798/5033/1 3799/5032/1 3797/1704/1
f 2674/5034/4 3842/1087/4 3857/1089/4
f 2218/1666/4 3811/1665/4 3813/5035/4
f 2317/5037/5 3814/5045/5 3812/5038/5
f 2268/5036/4 3813/5035/4 3815/5039/4
f 2711/5041/3 3844/5050/3 3843/5042/3
f 2367/5044/5 3816/5058/5 3814/5045/5
f 2567/5046/5 3824/5062/5 3822/5047/5
f 2712/5049/3 3845/5056/3 3844/5050/3
f 2318/5040/4 3815/5039/4 3817/5051/4
f 2518/2503/4 3823/2502/4 3825/5053/4
f 2713/5055/3 3846/5060/3 3845/5056/3
f 2417/5057/5 3818/5078/5 3816/5058/5
f 2714/5059/3 3847/5071/3 3846/5060/3
f 2617/5061/5 3826/5081/5 3824/5062/5
f 2368/5052/4 3817/5051/4 3819/5063/4
f 2661/5065/2 3829/5476/2 3830/5066/2
f 2568/5054/4 3825/5053/4 3827/5068/4
f 2715/5070/3 3848/5080/3 3847/5071/3
f 2662/5067/2 3830/5066/2 3831/5072/2
f 1917/5074/5 3798/5091/5 3796/5075/5
f 2467/5077/5 3820/5093/5 3818/5078/5
f 2716/5079/3 3849/5087/3 3848/5080/3
f 2660/2673/5 3828/2672/5 3826/5081/5
f 2663/5073/2 3831/5072/2 3832/5082/2
f 1868/4966/4 3797/5477/4 3799/5084/4
f 2418/5064/4 3819/5063/4 3821/5085/4
f 2717/5086/3 3850/5092/3 3849/5087/3
f 2664/5083/2 3832/5082/2 3833/5088/2
f 2618/5069/4 3827/5068/4 3829/5089/4
f 1967/2301/5 3800/2300/5 3798/5091/5
f 2718/2560/3 3851/2559/3 3850/5092/3
f 2517/5048/5 3822/5047/5 3820/5093/5
f 3886/5094/1 3887/5478/1 3885/5095/1
f 3884/5096/1 3885/5095/1 3877/5097/1
f 3876/5098/1 3877/5097/1 3868/5099/1
f 3877/5097/1 3878/5102/1 3869/5101/1
f 3878/5102/1 3879/5104/1 3870/5103/1
f 3879/5104/1 3880/5106/1 3871/5105/1
f 3880/5106/1 3881/5108/1 3872/5107/1
f 3881/5108/1 3882/5110/1 3873/5109/1
f 3882/5110/1 3883/5479/1 3874/5111/1
f 3873/5109/1 3874/5111/1 3865/5112/1
f 3874/5111/1 3875/5480/1 3866/5114/1
f 3865/5112/1 3866/5114/1 3863/5115/1
f 3862/5116/1 3863/5115/1 3861/5117/1
f 3860/5118/1 3861/5117/1 3859/5119/1
f 2327/5121/3 3879/5124/3 3878/5122/3
f 2328/5123/3 3880/5127/3 3879/5124/3
f 2274/1435/2 3867/5481/2 3868/5125/2
f 2329/5126/3 3881/2180/3 3880/5127/3
f 2231/5128/5 3865/5482/5 3862/5129/5
f 2324/5130/5 3876/5144/5 3867/5131/5
f 2275/4919/2 3868/5125/2 3869/5133/2
f 2330/5134/3 3882/3616/3 3881/2180/3
f 2182/2089/4 3863/2088/4 3866/5135/4
f 2276/4915/2 3869/5133/2 3870/5136/2
f 2331/5137/3 3883/3614/3 3882/3616/3
f 2425/5138/3 3887/5483/3 3886/5139/3
f 2277/1703/2 3870/5136/2 3871/5140/2
f 2280/4827/5 3873/4826/5 3864/5141/5
f 2278/1713/2 3871/5140/2 3872/5143/2
f 2374/2232/5 3884/2231/5 3876/5144/5
f 3894/4946/1 3895/5145/1 3889/4583/1
f 3895/5145/1 3896/5146/1 3890/4584/1
f 3896/5146/1 3897/5148/1 3891/5147/1
f 3897/5148/1 3898/5150/1 3892/5149/1
f 3898/5150/1 3899/5484/1 3893/5151/1
f 2281/2254/2 3888/2253/2 3889/5152/2
f 2285/2249/2 3892/2248/2 3893/5154/2
f 2334/5156/3 3897/5162/3 3896/5157/3
f 2282/5153/2 3889/5152/2 3890/5158/2
f 2331/5160/5 3894/5485/5 3888/5161/5
f 2335/2252/3 3898/2251/3 3897/5162/3
f 2283/5159/2 3890/5158/2 3891/5163/2
f 3903/3533/1 3902/3534/1 1208/3613/1
f 3904/3532/1 3903/3533/1 1209/3656/1
f 4071/5164/1 1221/4580/1 1228/4581/1
f 3501/3531/1 3904/3532/1 1210/3654/1
f 224/3530/1 3501/3531/1 1211/3652/1
f 225/3529/1 224/3530/1 1212/3650/1
f 1171/3528/1 225/3529/1 1213/3648/1
f 1172/3527/1 1171/3528/1 1214/3646/1
f 1173/3526/1 1172/3527/1 4067/3644/1
f 3934/5166/1 3935/5486/1 3932/5167/1
f 3931/5168/1 3932/5167/1 3929/5169/1
f 3932/5167/1 3933/5487/1 3930/5171/1
f 3929/5169/1 3930/5171/1 3927/5172/1
f 3926/5173/1 3927/5172/1 3925/5174/1
f 3924/5175/1 3925/5174/1 3923/5176/1
f 3922/5177/1 3923/5176/1 3919/5178/1
f 3918/5179/1 3919/5178/1 3915/5180/1
f 3919/5178/1 3920/5183/1 3916/5182/1
f 3920/5183/1 3921/5488/1 3917/5184/1
f 3916/5182/1 3917/5184/1 3913/5185/1
f 3912/5186/1 3913/5185/1 3911/5187/1
f 3910/5188/1 3911/5187/1 3909/5189/1
f 3908/5190/1 3909/5189/1 3907/5191/1
f 3069/5193/2 3914/4465/2 3915/5194/2
f 3419/5196/3 3935/5489/3 3934/5197/3
f 2922/1229/4 3909/1228/4 3911/5198/4
f 3320/1226/4 3930/1225/4 3933/5200/4
f 3070/5195/2 3915/5194/2 3916/5201/2
f 3219/5203/5 3924/5216/5 3922/5204/5
f 3418/2229/5 3934/5490/5 3931/5205/5
f 2871/5206/2 3906/5491/2 3907/5207/2
f 3021/1654/5 3912/5217/5 3910/5209/5
f 3170/867/4 3923/866/4 3925/5210/4
f 3369/2235/4 3932/5492/4 3935/5211/4
f 2972/5199/4 3911/5198/4 3913/5212/4
f 3370/5213/3 3933/5493/3 3932/5214/3
f 3269/1232/5 3926/1231/5 3924/5216/5
f 3071/1644/5 3916/5494/5 3912/5217/5
f 3220/3227/4 3925/5210/4 3927/5218/4
f 3939/5219/1 3964/5222/1 3956/5220/1
f 3964/5222/1 3965/5224/1 3957/5223/1
f 3965/5224/1 3966/5226/1 3958/5225/1
f 3966/5226/1 3967/5228/1 3959/5227/1
f 3967/5228/1 3968/5230/1 3960/5229/1
f 3968/5230/1 3969/5232/1 3961/5231/1
f 3969/5232/1 3970/5234/1 3962/5233/1
f 3970/5234/1 3971/5495/1 3963/5235/1
f 3938/5221/1 3956/5220/1 3948/5236/1
f 3956/5220/1 3957/5223/1 3949/5238/1
f 3957/5223/1 3958/5225/1 3950/5239/1
f 3958/5225/1 3959/5227/1 3951/5240/1
f 3959/5227/1 3960/5229/1 3952/5241/1
f 3960/5229/1 3961/5231/1 3953/5242/1
f 3961/5231/1 3962/5233/1 3954/5243/1
f 3962/5233/1 3963/5235/1 3955/5244/1
f 3937/5237/1 3948/5236/1 3940/5245/1
f 3948/5236/1 3949/5238/1 3941/5247/1
f 3949/5238/1 3950/5239/1 3942/5248/1
f 3950/5239/1 3951/5240/1 3943/5249/1
f 3951/5240/1 3952/5241/1 3944/5250/1
f 3952/5241/1 3953/5242/1 3945/5251/1
f 3953/5242/1 3954/5243/1 3946/5252/1
f 3954/5243/1 3955/5244/1 3947/5253/1
f 3978/5254/1 3979/5256/1 2208/5255/1
f 3979/5256/1 3980/5258/1 2207/5257/1
f 3980/5258/1 3981/5260/1 3972/5259/1
f 3981/5260/1 3982/5262/1 3973/5261/1
f 3982/5262/1 3983/5264/1 3974/5263/1
f 3983/5264/1 3984/5496/1 3975/5265/1
f 2211/2192/1 2210/2190/1 2262/5266/1
f 2210/2190/1 2209/2189/1 2261/5268/1
f 2209/2189/1 2208/5255/1 2260/5269/1
f 2208/5255/1 2207/5257/1 2259/5270/1
f 2207/5257/1 3972/5259/1 2258/5271/1
f 3972/5259/1 3973/5261/1 2257/5272/1
f 3973/5261/1 3974/5263/1 2213/5273/1
f 3974/5263/1 3975/5265/1 2212/5274/1
f 2616/1651/2 2213/1650/2 2212/5275/2
f 2609/5276/2 2263/5497/2 2262/5277/2
f 2702/5278/5 3976/5498/5 2211/5279/5
f 2707/1759/3 3981/1758/3 3980/5280/3
f 4015/5281/1 4016/5499/1 4014/5282/1
f 4013/5283/1 4014/5282/1 4012/5284/1
f 4011/5285/1 4012/5284/1 4009/5286/1
f 4008/5287/1 4009/5286/1 4006/5288/1
f 4009/5286/1 4010/5500/1 4007/5290/1
f 4006/5288/1 4007/5290/1 4004/5291/1
f 4003/5292/1 4004/5291/1 4002/5293/1
f 4001/5294/1 4002/5293/1 4000/5295/1
f 3999/5296/1 4000/5295/1 3997/5297/1
f 3996/5298/1 3997/5297/1 3994/5299/1
f 3997/5297/1 3998/5501/1 3995/5301/1
f 3994/5299/1 3995/5301/1 3992/5302/1
f 3991/5303/1 3992/5302/1 3990/5304/1
f 3989/5305/1 3990/5304/1 3988/5306/1
f 3987/5307/1 3988/5306/1 3986/5308/1
f 3204/1679/3 4010/5502/3 4009/5310/3
f 3154/1143/4 4007/1142/4 4010/5311/4
f 3353/5313/3 4016/4713/3 4015/4715/3
f 2854/5315/5 3991/5330/5 3989/5316/5
f 3053/4931/5 4001/5331/5 3999/5317/5
f 3252/5318/5 4011/5332/5 4008/5319/5
f 3152/5208/2 4005/5503/2 4006/5320/2
f 2805/962/4 3990/961/4 3992/5321/4
f 3004/904/4 4000/903/4 4002/5323/4
f 3203/5325/4 4009/5504/4 4012/5326/4
f 2955/3199/3 3998/4557/3 3997/5328/3
f 2904/5329/5 3994/5505/5 3991/5330/5
f 3103/1378/5 4003/1377/5 4001/5331/5
f 3302/1323/5 4013/1322/5 4011/5332/5
f 2855/5322/4 3992/5321/4 3995/5333/4
f 3054/5324/4 4002/5323/4 4004/5334/4
f 3253/5327/4 4012/5326/4 4014/5335/4
f 4033/5336/3 4055/5382/3 4054/5337/3
f 4023/5338/2 4045/5345/2 4046/5339/2
f 4032/1085/3 4054/5337/3 4053/5341/3
f 4028/5342/5 4050/1936/5 4039/1593/5
f 4022/5344/2 4044/5350/2 4045/5345/2
f 4031/1094/3 4053/5341/3 4052/5346/3
f 4038/5347/3 4060/5506/3 4059/5348/3
f 4021/5349/2 4043/5390/2 4044/5350/2
f 4030/1098/3 4052/5346/3 4051/5351/3
f 4037/1102/3 4059/5348/3 4058/5353/3
f 3162/1091/2 4020/1091/2 4021/5349/2
f 3215/5355/3 4034/5357/3 4033/5336/3
f 3163/5349/2 4021/5349/2 4022/5344/2
f 3216/5356/3 4035/5359/3 4034/5357/3
f 3164/5344/2 4022/5344/2 4023/5338/2
f 3217/5358/3 4036/5354/3 4035/5359/3
f 3210/5360/3 4029/5352/3 4028/5361/3
f 3165/5338/2 4023/5338/2 4024/5340/2
f 3218/1103/3 4037/1102/3 4036/5354/3
f 3211/1099/3 4030/1098/3 4029/5352/3
f 3209/4556/5 4028/5342/5 4017/5343/5
f 3166/5340/2 4024/5340/2 4025/1097/2
f 4050/5363/1 4051/5366/1 4040/5364/1
f 4051/5366/1 4052/4509/1 4041/5367/1
f 4052/4509/1 4053/4511/1 4042/5368/1
f 4053/4511/1 4054/4513/1 4043/5369/1
f 4054/4513/1 4055/4515/1 4044/5370/1
f 4055/4515/1 4056/5372/1 4045/5371/1
f 4056/5372/1 4057/5374/1 4046/5373/1
f 4057/5374/1 4058/5376/1 4047/5375/1
f 4058/5376/1 4059/5378/1 4048/5377/1
f 4059/5378/1 4060/5507/1 4049/5379/1
f 4024/5340/2 4046/5339/2 4047/5380/2
f 4017/1100/2 4039/5508/2 4040/5381/2
f 4034/5357/3 4056/5385/3 4055/5382/3
f 4027/5328/4 4049/1540/4 4060/1542/4
f 4025/1097/2 4047/5380/2 4048/5383/2
f 4018/1096/2 4040/5381/2 4041/5384/2
f 4035/5359/3 4057/5388/3 4056/5385/3
f 4026/1092/2 4048/5383/2 4049/5386/2
f 4019/1090/2 4041/5384/2 4042/5387/2
f 4036/5354/3 4058/5353/3 4057/5388/3
f 4029/5352/3 4051/5351/3 4050/5389/3
f 4020/1091/2 4042/5387/2 4043/5390/2
f 4065/5391/1 4066/5395/1 4064/5392/1
f 4061/5394/1 4062/5509/1 4066/5395/1
f 3468/5396/5 4065/5401/5 4063/5397/5
f 790/5398/3 4062/5510/3 4061/5399/3
f 789/5215/5 4061/5214/5 4065/5401/5
f 3419/5402/4 4064/782/4 4066/784/4
f 4086/3522/1 4073/3523/1 4068/3635/1
f 4073/3523/1 4074/3524/1 4069/3637/1
f 4074/3524/1 4075/3525/1 4070/3639/1
f 4075/3525/1 1173/3526/1 4072/3641/1
f 4078/3519/1 4083/3518/1 4079/3627/1
f 4083/3518/1 4084/3520/1 4080/3629/1
f 4084/3520/1 4085/3521/1 4081/3631/1
f 4085/3521/1 4086/3522/1 4082/3633/1
